Date,AC.MX,AGUILASCPO.MX,ALTERNA.MX,ASURB.MX,BBVA.MX,CADUA.MX,CMOCTEZ.MX,FINDEP.MX,GBMO.MX,GFINBURO.MX,GISSAA.MX,GOMO.MX,HERDEZ.MX,LAMOSA.MX,MEGACPO.MX,ORBIA.MX,POSADASA.MX,QBINDUSA.MX,SAREB.MX,SPORTS.MX,TRAXIONA.MX,VESTA.MX,ACCELSAB.MX,AHMSA.MX,AMXB.MX,AUTLANB.MX,BEVIDESB.MX,CEMEXCPO.MX,CMRB.MX,CTAXTELA.MX,DINEB.MX,FRAGUAB.MX,GCARSOA1.MX,GFMULTIO.MX,GMD.MX,GPH1.MX,HIMEXSAA.MX,ICHB.MX,KOFUBL.MX,LASEG.MX,MFRISCOA-1.MX,PASAB.MX,PLANI.MX,QUMMAB.MX,SAVIAA.MX,TEAKCPO.MX,TS.MX,VINTE.MX,ANB.MX,AXTELCPO.MX,BIMBOA.MX,CHDRAUIB.MX,COLLADO.MX,CUERVO.MX,FRES.MX,GCC.MX,GFNORTEO.MX,GMEXICOB.MX,GPROFUT.MX,HOMEX.MX,IDEALB-1.MX,KUOB.MX,LASITE.MX,MINSAB.MX,PE&OLES.MX,PROCORPB.MX,RCENTROA.MX,SIMECB.MX,TEKCHEMA.MX,UNIFINA.MX,VISTAA.MX,AGRIEXPA.MX,ALPEKA.MX,ARA.MX,BOLSAA.MX,CIEB.MX,CONVERA.MX,CULTIBAB.MX,ELEKTRA.MX,GAPB.MX,GENTERA.MX,GICSAB.MX,GRUMAB.MX,HOTEL.MX,INVEXA.MX,LABB.MX,LIVEPOL1.MX,NEMAKA.MX,PINFRA.MX,PV.MX,RA.MX,SITES1A-1.MX,TLEVISACPO.MX,VALUEGFO.MX,VITROA.MX,AGUA.MX,ALSEA.MX,ARISTOSA.MX,BBAJIOO.MX,CABLECPO.MX,CIDMEGA.MX,CREAL.MX,CYDSASAA.MX,FINAMEXO.MX,GAVA.MX,GIGANTE.MX,GNP.MX,HCITY.MX,IASASA.MX,KIMBERA.MX,LACOMERUBC.MX,MEDICAB.MX,OMAB.MX,POCHTECB.MX,Q.MX,RLHA.MX,SORIANAB.MX,TMMA.MX,VASCONI.MX,VOLARA.MX
2025-03-11,195.1616973876953,36.56999969482422,7.390089988708496,453.835693359375,283.4465637207031,3.2100000381469727,73.30438995361328,4.274834156036377,9.989999771118164,45.11042404174805,16.955720901489258,0.4699999988079071,44.0297737121582,110.45339965820312,39.6804313659668,15.079999923706055,24.5,2.5999999046325684,0.008999999612569809,6.099999904632568,17.06999969482422,48.35349655151367,22.5,2.5199999809265137,14.307812690734863,6.539999961853027,23.0,11.983100891113281,1.3799999952316284,0.6060000061988831,22.0,464.92425537109375,113.21200561523438,7.5,10.0,40.04999923706055,0.2590000033378601,174.4499969482422,164.63905334472656,1.6305999755859375,3.1500000953674316,36.86000061035156,14.199999809265137,0.18000000715255737,0.800000011920929,0.5799999833106995,388.0559997558594,31.56399917602539,1259.80908203125,1.8846267461776733,53.56550216674805,108.61505126953125,7.800000190734863,18.290563583374023,212.1521453857422,194.04031372070312,129.13552856445312,94.70816802978516,112.6500015258789,0.0010000000474974513,37.5541877746582,42.867000579833984,3.119999885559082,10.390000343322754,348.79998779296875,5.0,4.0,179.88999938964844,0.6489999890327454,12.0,880.0,0.05900000035762787,11.710000038146973,3.2943336963653564,33.97403335571289,19.92129135131836,1.7000000476837158,10.147453308105469,343.9700012207031,355.140380859375,26.61547088623047,2.4800000190734863,351.3456726074219,3.6600000858306885,82.45620727539062,22.576061248779297,100.99999237060547,2.569999933242798,193.440673828125,6.166100025177002,117.4267578125,11.423291206359863,7.60282039642334,95.0,7.300000190734863,11.10861873626709,39.66463851928711,13.0,40.50675964355469,55.0,32.849998474121094,0.3540000021457672,16.667945861816406,27.84307098388672,151.5626678466797,27.934101104736328,121.73200225830078,4.269999980926514,0.9300000071525574,29.93402671813965,31.87346076965332,33.78612518310547,177.2294158935547,5.949999809265137,167.05369567871094,14.899999618530273,26.322052001953125,6.289999961853027,0.375,11.25
2025-03-12,196.7963104248047,37.560001373291016,7.392230033874512,458.5445251464844,282.4520263671875,3.200000047683716,73.30438995361328,4.274834156036377,9.899999618530273,44.816226959228516,16.955720901489258,0.4699999988079071,44.96641159057617,110.46300506591797,39.511661529541016,15.180000305175781,24.5,2.5999999046325684,0.008999999612569809,6.300000190734863,16.760000228881836,45.9283332824707,22.5,2.5199999809265137,14.055092811584473,6.699999809265137,23.0,12.032617568969727,1.3799999952316284,0.6079999804496765,22.0,481.9140930175781,113.11318969726562,7.5,10.0,40.04999923706055,0.2590000033378601,174.60000610351562,168.5006866455078,1.6305999755859375,3.109999895095825,36.86000061035156,14.199999809265137,0.18000000715255737,0.800000011920929,0.550000011920929,388.0559997558594,31.56399917602539,1259.80908203125,1.8553320169448853,53.811214447021484,109.14019012451172,7.800000190734863,18.08394432067871,225.26593017578125,192.4861602783203,131.53746032714844,99.82856750488281,112.6500015258789,0.0010000000474974513,37.5541877746582,42.867000579833984,3.119999885559082,10.390000343322754,380.70001220703125,5.0,4.0,179.88999938964844,0.6489999890327454,12.0,969.5,0.05900000035762787,11.260000228881836,3.2181642055511475,33.84087371826172,19.92129135131836,1.7000000476837158,10.147453308105469,345.0,355.4584655761719,27.745237350463867,2.5999999046325684,357.5614929199219,3.700000047683716,82.45620727539062,22.813602447509766,100.99999237060547,2.7200000286102295,194.22100830078125,6.166100025177002,122.73480224609375,11.452531814575195,7.134807586669922,95.0,7.300000190734863,11.011429786682129,40.35772705078125,13.0,40.551429748535156,55.0,32.849998474121094,0.3540000021457672,16.667945861816406,27.84307098388672,151.5626678466797,27.76558494567871,121.73200225830078,4.010000228881836,0.9300000071525574,30.11115074157715,31.58316993713379,33.78612518310547,179.60340881347656,5.96999979019165,167.39639282226562,14.899999618530273,27.06143569946289,6.289999961853027,0.3799999952316284,10.920000076293945
2025-03-13,198.65646362304688,38.08000183105469,7.392549991607666,457.3848571777344,281.4574890136719,3.200000047683716,75.16019439697266,4.274834156036377,9.899999618530273,45.89495086669922,16.955720901489258,0.4699999988079071,44.60921859741211,110.46300506591797,39.17411422729492,15.260000228881836,24.5,2.5999999046325684,0.008999999612569809,6.300000190734863,16.649999618530273,45.84849166870117,22.5,2.5199999809265137,13.948172569274902,6.28000020980835,23.0,11.725611686706543,1.3799999952316284,0.6209999918937683,22.0,491.3634033203125,115.31675720214844,7.5,10.0,40.04999923706055,0.2590000033378601,174.60000610351562,167.516357421875,1.6305999755859375,3.25,36.86000061035156,14.199999809265137,0.18000000715255737,0.800000011920929,0.5400000214576721,388.0559997558594,31.56399917602539,1259.80908203125,1.9041566848754883,54.32229995727539,107.46753692626953,7.800000190734863,17.159086227416992,231.18504333496094,188.566162109375,131.66387939453125,101.12791442871094,112.6500015258789,0.0010000000474974513,37.5541877746582,42.867000579833984,3.069999933242798,10.390000343322754,397.0,5.0,4.0,179.88999938964844,0.6489999890327454,12.0,969.0,0.05900000035762787,11.359999656677246,3.23720645904541,35.48631286621094,19.92129135131836,1.7000000476837158,10.147453308105469,342.5,355.0825500488281,28.36661148071289,2.5999999046325684,357.17852783203125,3.6500000953674316,82.45620727539062,22.61239242553711,100.99999237060547,2.819999933242798,195.65322875976562,6.166100025177002,121.05087280273438,11.25759506225586,6.733654022216797,95.0,7.300000190734863,10.855928421020508,40.61516189575195,13.0,40.12260055541992,55.0,32.849998474121094,0.3540000021457672,16.667945861816406,27.84307098388672,151.5626678466797,27.527679443359375,121.73200225830078,4.190000057220459,0.9300000071525574,30.446754455566406,32.30888748168945,33.78612518310547,181.12884521484375,5.96999979019165,166.28262329101562,14.899999618530273,27.87968635559082,6.300000190734863,0.38999998569488525,10.760000228881836
2025-03-14,197.2942352294922,38.2599983215332,7.399059772491455,502.3642883300781,284.1825256347656,3.119999885559082,75.16019439697266,4.274834156036377,9.899999618530273,46.3754768371582,16.84600830078125,0.4699999988079071,44.283775329589844,110.46300506591797,40.589935302734375,15.34000015258789,24.5,2.5999999046325684,0.008999999612569809,6.300000190734863,16.739999771118164,46.22773742675781,22.5,2.5199999809265137,13.919012069702148,6.300000190734863,23.0,11.864258766174316,1.2999999523162842,0.6439999938011169,22.0,491.4106140136719,117.98475646972656,7.5,10.0,40.04999923706055,0.2590000033378601,174.60000610351562,167.6961669921875,1.6305999755859375,3.309999942779541,36.86000061035156,14.199999809265137,0.18000000715255737,0.800000011920929,0.5210000276565552,388.0559997558594,31.56399917602539,1259.80908203125,2.0603950023651123,53.71293258666992,108.41083526611328,7.800000190734863,17.92652130126953,230.52737426757812,192.27828979492188,133.1357421875,100.78141784667969,112.6500015258789,0.0010000000474974513,37.5541877746582,42.867000579833984,3.0999999046325684,10.390000343322754,399.6199951171875,5.0,4.0,179.5,0.6489999890327454,12.0,970.0,0.05900000035762787,11.920000076293945,3.170557975769043,35.54337692260742,21.0107364654541,1.7000000476837158,10.451496124267578,343.8999938964844,369.21337890625,27.500455856323242,2.5299999713897705,357.0213928222656,3.8499999046325684,82.45620727539062,22.16206169128418,100.99999237060547,2.7699999809265137,198.95230102539062,6.166100025177002,123.23815155029297,11.754683494567871,6.781410217285156,95.0,7.300000190734863,11.244681358337402,40.99141311645508,13.0,40.596099853515625,55.0,32.849998474121094,0.3540000021457672,16.5748291015625,27.84307098388672,151.5626678466797,27.527679443359375,121.73200225830078,4.199999809265137,0.9300000071525574,29.654356002807617,32.70561218261719,33.78612518310547,192.97021484375,5.869999885559082,168.27215576171875,13.5600004196167,27.899402618408203,6.400000095367432,0.3799999952316284,11.15999984741211
2025-03-18,198.1961212158203,38.880001068115234,7.4055399894714355,502.8122863769531,298.34490966796875,3.119999885559082,75.16019439697266,4.274834156036377,9.899999618530273,46.25779724121094,16.84600830078125,0.4699999988079071,44.44253158569336,110.94327545166016,40.30864715576172,15.609999656677246,25.299999237060547,2.5999999046325684,0.008999999612569809,6.300000190734863,16.889999389648438,45.898399353027344,22.5,2.5199999809265137,13.889852523803711,6.150000095367432,23.0,12.022713661193848,1.3300000429153442,0.671999990940094,22.0,538.6476440429688,112.85626983642578,7.5,10.0,40.04999923706055,0.2590000033378601,174.60000610351562,169.0401611328125,1.6305999755859375,3.309999942779541,36.86000061035156,14.199999809265137,0.18000000715255737,0.800000011920929,0.5299999713897705,388.0559997558594,31.078399658203125,1259.80908203125,2.070159912109375,54.97098159790039,109.8695297241211,7.800000190734863,18.231529235839844,248.62359619140625,194.2778778076172,133.9303741455078,101.27230072021484,112.6500015258789,0.0010000000474974513,37.5541877746582,42.867000579833984,3.0999999046325684,10.390000343322754,351.7900085449219,5.0,4.0,179.39999389648438,0.6489999890327454,12.0,970.0,0.05900000035762787,12.15999984741211,3.256248950958252,35.809696197509766,22.567087173461914,1.7000000476837158,10.451496124267578,345.760009765625,367.7000427246094,29.18569564819336,2.5299999713897705,357.6695251464844,3.8499999046325684,82.45620727539062,23.292680740356445,100.99999237060547,2.809999942779541,199.32765197753906,6.166100025177002,125.16002655029297,11.764430046081543,6.485320568084717,95.0,7.300000190734863,11.584840774536133,41.49637985229492,13.0,40.739044189453125,55.0,32.849998474121094,0.3540000021457672,16.5748291015625,27.84307098388672,151.5626678466797,27.527679443359375,121.73200225830078,4.090000152587891,0.9300000071525574,30.390819549560547,33.53776931762695,33.78612518310547,192.1121368408203,5.860000133514404,169.17648315429688,13.5600004196167,27.5642147064209,6.389999866485596,0.3790000081062317,11.390000343322754
2025-03-19,196.64602661132812,39.279998779296875,7.409409999847412,505.3160400390625,290.0304870605469,3.119999885559082,75.16019439697266,4.274834156036377,9.899999618530273,47.65033721923828,16.955720901489258,0.4699999988079071,44.10121536254883,110.94327545166016,39.81169891357422,15.670000076293945,25.299999237060547,2.5999999046325684,0.008999999612569809,6.300000190734863,16.809999465942383,47.245704650878906,22.5,2.5199999809265137,13.841252326965332,6.150000095367432,23.0,12.161360740661621,1.3600000143051147,0.75,22.0,532.0520629882812,115.20805358886719,7.5,10.0,40.04999923706055,0.2590000033378601,171.0,168.5101318359375,1.6305999755859375,3.180000066757202,36.86000061035156,14.199999809265137,0.18000000715255737,0.800000011920929,0.5600000023841858,388.0559997558594,31.078399658203125,1259.80908203125,2.294752597808838,54.54835510253906,110.87118530273438,7.800000190734863,17.710065841674805,248.62359619140625,193.96112060546875,135.3119354248047,104.43885803222656,112.6500015258789,0.0010000000474974513,37.5541877746582,42.867000579833984,3.0999999046325684,10.390000343322754,349.2099914550781,5.0,4.0,179.39999389648438,0.6489999890327454,12.0,935.0,0.05900000035762787,11.720000267028809,3.2943336963653564,36.056983947753906,21.788911819458008,1.7000000476837158,10.451496124267578,344.17999267578125,371.5749206542969,28.7996883392334,2.609999895095825,359.6923522949219,3.8499999046325684,82.45620727539062,24.30832290649414,100.99999237060547,2.75,202.08346557617188,6.166100025177002,128.07029724121094,12.086075782775879,6.475769519805908,95.0,7.300000190734863,11.536246299743652,42.199371337890625,13.0,40.27448272705078,55.0,32.849998474121094,0.3540000021457672,16.5748291015625,27.84307098388672,151.5626678466797,27.527679443359375,121.73200225830078,4.190000057220459,0.9300000071525574,30.549297332763672,33.76032257080078,33.78612518310547,193.93316650390625,5.820000171661377,166.25405883789062,13.5600004196167,27.544498443603516,6.5,0.3790000081062317,11.520000457763672
2025-03-20,201.8599853515625,40.310001373291016,7.414740085601807,509.87554931640625,290.5078430175781,3.119999885559082,75.16019439697266,4.274834156036377,9.899999618530273,46.787353515625,16.955720901489258,0.4699999988079071,44.24409103393555,110.94327545166016,38.545902252197266,15.989999771118164,25.299999237060547,2.5999999046325684,0.008999999612569809,6.25,17.260000228881836,47.74470901489258,22.5,2.5199999809265137,13.909293174743652,6.110000133514404,23.0,12.072229385375977,1.340000033378601,0.7820000052452087,22.0,523.490966796875,115.4847412109375,7.5,10.0,40.04999923706055,0.2590000033378601,171.0,173.01535034179688,1.6305999755859375,3.200000047683716,36.86000061035156,14.199999809265137,0.18000000715255737,0.800000011920929,0.546999990940094,388.0559997558594,31.078399658203125,1261.987060546875,2.4314615726470947,53.43772888183594,111.68804931640625,7.800000190734863,17.454254150390625,246.13235473632812,193.88192749023438,136.14268493652344,103.39936828613281,112.6500015258789,0.0010000000474974513,37.5541877746582,42.867000579833984,3.069999933242798,10.390000343322754,343.6099853515625,5.0,4.0,179.39999389648438,0.6489999890327454,12.0,930.0,0.05900000035762787,11.979999542236328,3.2943336963653564,36.23769760131836,22.567087173461914,1.7000000476837158,10.451496124267578,345.9800109863281,366.813232421875,28.97857093811035,2.609999895095825,359.42724609375,3.8399999141693115,81.95948028564453,23.810083389282227,100.99999237060547,2.690000057220459,201.50070190429688,6.166100025177002,127.20089721679688,12.680632591247559,6.590384483337402,95.0,7.0,11.341870307922363,43.05088424682617,13.0,41.08747482299805,55.0,32.849998474121094,0.3540000021457672,16.5748291015625,27.84307098388672,151.5626678466797,27.527679443359375,121.73200225830078,4.199999809265137,0.9300000071525574,30.512008666992188,33.64420700073242,33.78612518310547,196.5264434814453,5.820000171661377,168.01513671875,13.5600004196167,27.544498443603516,6.400000095367432,0.3700000047683716,11.430000305175781
2025-03-21,197.12515258789062,42.220001220703125,7.416240215301514,500.74786376953125,293.1036376953125,3.450000047683716,75.16019439697266,4.274834156036377,9.899999618530273,45.17906951904297,16.616607666015625,0.4699999988079071,44.68065643310547,110.94327545166016,37.7020378112793,16.299999237060547,25.299999237060547,2.5999999046325684,0.008999999612569809,6.25,16.68000030517578,47.4852294921875,22.5,2.5199999809265137,13.909293174743652,6.090000152587891,24.0,11.834549903869629,1.2999999523162842,0.777999997138977,22.0,520.6561889648438,115.8997573852539,7.5,10.0,40.04999923706055,0.2590000033378601,173.8000030517578,169.76895141601562,1.6305999755859375,3.200000047683716,36.86000061035156,14.199999809265137,0.18000000715255737,0.800000011920929,0.5590000152587891,388.0559997558594,31.078399658203125,1261.987060546875,2.392401933670044,53.73258590698242,111.24070739746094,7.800000190734863,17.5329647064209,244.13938903808594,190.5459747314453,136.33229064941406,101.39740753173828,112.6500015258789,0.0010000000474974513,37.5541877746582,42.867000579833984,3.1700000762939453,10.390000343322754,356.239990234375,5.0,4.0,179.38999938964844,0.6489999890327454,12.0,940.0,0.05900000035762787,12.020000457763672,3.2276852130889893,34.80150604248047,22.567087173461914,1.7000000476837158,10.451496124267578,344.010009765625,360.1141052246094,28.489002227783203,2.609999895095825,358.77911376953125,3.8499999046325684,82.45620727539062,23.781335830688477,100.99999237060547,2.5799999237060547,198.6855926513672,6.166100025177002,125.30644989013672,12.47594928741455,6.542627811431885,95.0,6.789999961853027,11.45849609375,42.47660827636719,13.0,39.37214660644531,55.0,32.849998474121094,0.3540000021457672,16.5748291015625,27.84307098388672,151.5626678466797,27.527679443359375,121.73200225830078,4.21999979019165,0.9300000071525574,30.36285400390625,33.566795349121094,33.78612518310547,191.63543701171875,5.760000228881836,166.6443634033203,13.5600004196167,27.544498443603516,6.400000095367432,0.36800000071525574,11.300000190734863
2025-03-24,200.55413818359375,42.939998626708984,7.420479774475098,500.0187072753906,292.3974914550781,3.450000047683716,75.16019439697266,4.274834156036377,9.899999618530273,45.14965057373047,16.616607666015625,0.4699999988079071,44.45046615600586,110.94327545166016,38.72405242919922,16.459999084472656,25.299999237060547,2.5999999046325684,0.008999999612569809,6.400000095367432,16.670000076293945,47.125946044921875,22.5,2.5199999809265137,13.860692977905273,6.099999904632568,24.0,12.06232738494873,1.25,0.75,22.0,531.995361328125,114.96102142333984,7.5,10.0,40.04999923706055,0.2590000033378601,174.0,167.43116760253906,1.6305999755859375,3.200000047683716,36.86000061035156,14.199999809265137,0.18000000715255737,0.800000011920929,0.550000011920929,388.0559997558594,31.078399658203125,1261.987060546875,2.3435773849487305,53.74241638183594,112.22290802001953,7.800000190734863,17.700227737426758,238.16046142578125,193.02072143554688,134.5624542236328,99.87669372558594,112.6500015258789,0.0010000000474974513,37.5541877746582,42.867000579833984,3.0999999046325684,10.390000343322754,352.1700134277344,5.0,4.0,179.3000030517578,0.6489999890327454,12.0,940.0,0.05900000035762787,11.510000228881836,3.161036729812622,36.152095794677734,22.567087173461914,1.7000000476837158,10.451496124267578,343.989990234375,367.23736572265625,29.872968673706055,2.609999895095825,358.62200927734375,3.8499999046325684,83.44965362548828,23.84840965270996,100.99999237060547,2.640000104904175,200.27587890625,6.166100025177002,130.72433471679688,13.012025833129883,6.666794776916504,95.0,6.679999828338623,11.555685043334961,42.70433807373047,13.0,40.39955520629883,55.0,32.849998474121094,0.3540000021457672,16.5748291015625,27.84307098388672,151.5626678466797,27.527679443359375,121.73200225830078,4.190000057220459,0.9300000071525574,30.372177124023438,33.44100570678711,33.78612518310547,193.90457153320312,5.690000057220459,165.0546417236328,13.5600004196167,27.544498443603516,6.5,0.3659999966621399,11.430000305175781
2025-03-25,199.1543731689453,44.91999816894531,7.421040058135986,504.26190185546875,287.54412841796875,3.450000047683716,74.97461700439453,4.274834156036377,9.899999618530273,46.179344177246094,16.616607666015625,0.4699999988079071,44.45046615600586,110.94327545166016,40.814964294433594,16.770000457763672,25.299999237060547,2.5999999046325684,0.008999999612569809,6.400000095367432,16.489999771118164,48.49321746826172,22.5,2.5199999809265137,13.957892417907715,6.079999923706055,24.0,12.48817253112793,1.1699999570846558,0.7620000243186951,22.0,514.0416870117188,116.58158874511719,7.5,10.0,40.04999923706055,0.2590000033378601,173.97999572753906,170.365234375,1.6305999755859375,3.2799999713897705,37.0,14.199999809265137,0.18000000715255737,0.800000011920929,0.5479999780654907,388.0559997558594,31.078399658203125,1261.987060546875,2.363107204437256,54.36161422729492,112.25208282470703,7.800000190734863,17.5329647064209,230.18856811523438,193.76315307617188,133.73171997070312,102.09039306640625,114.52750396728516,0.0010000000474974513,37.5541877746582,40.91849899291992,3.180000066757202,10.390000343322754,355.0,5.0,4.0,179.3000030517578,0.6489999890327454,12.0,979.0,0.05900000035762787,11.569999694824219,3.23720645904541,35.50533676147461,22.567087173461914,1.7000000476837158,10.451496124267578,344.0,374.6979675292969,30.776784896850586,2.6500000953674316,360.80194091796875,3.8499999046325684,84.44309997558594,24.001712799072266,100.99999237060547,2.75,202.30076599121094,6.166100025177002,132.92991638183594,13.401898384094238,6.962884426116943,95.0,6.679999828338623,11.56540298461914,42.61522674560547,13.0,40.211936950683594,55.0,32.849998474121094,0.3540000021457672,16.5748291015625,27.84307098388672,151.5626678466797,27.527679443359375,121.73200225830078,4.289999961853027,0.9300000071525574,30.670494079589844,32.502410888671875,33.78612518310547,197.34637451171875,5.690000057220459,167.59628295898438,13.5600004196167,27.406478881835938,6.349999904632568,0.35499998927116394,11.369999885559082
2025-03-26,198.44976806640625,46.220001220703125,7.423709869384766,495.4856262207031,284.4411315917969,3.450000047683716,74.97461700439453,4.274834156036377,9.899999618530273,45.983211517333984,16.616607666015625,0.4699999988079071,44.140899658203125,110.94327545166016,40.42116165161133,16.0,25.299999237060547,2.5999999046325684,0.008999999612569809,6.400000095367432,16.25,48.02415084838867,22.5,2.5199999809265137,14.08425235748291,5.989999771118164,24.0,11.953390121459961,1.1399999856948853,0.7710000276565552,22.0,506.0097961425781,116.73968505859375,7.5,10.0,40.04999923706055,0.2590000033378601,173.97999572753906,172.5515899658203,1.6305999755859375,3.190000057220459,37.0,14.199999809265137,0.18000000715255737,0.800000011920929,0.550000011920929,388.0559997558594,31.078399658203125,1261.987060546875,2.3826370239257812,54.902183532714844,117.18250274658203,7.800000190734863,17.493610382080078,230.18856811523438,193.36717224121094,130.02947998046875,101.21454620361328,114.52750396728516,0.0010000000474974513,37.5541877746582,38.970001220703125,3.1500000953674316,10.390000343322754,356.1000061035156,5.0,4.0,179.14999389648438,0.6489999890327454,12.0,960.0,0.05900000035762787,11.210000038146973,3.180079221725464,34.85857391357422,22.567087173461914,1.7000000476837158,10.451496124267578,342.04998779296875,368.9723815917969,30.042434692382812,2.5999999046325684,361.6661071777344,3.8499999046325684,84.44309997558594,23.72385025024414,100.99999237060547,2.700000047683716,203.3477783203125,6.166100025177002,132.49063110351562,13.75278377532959,6.829166889190674,95.0,6.679999828338623,11.584840774536133,42.47660827636719,13.0,39.77417755126953,55.0,32.849998474121094,0.3540000021457672,16.5748291015625,27.84307098388672,151.5626678466797,26.863525390625,121.73200225830078,4.239999771118164,0.9300000071525574,30.763713836669922,32.43467712402344,33.78612518310547,191.74984741210938,5.5,168.20550537109375,13.5600004196167,27.406478881835938,6.300000190734863,0.36500000953674316,11.399999618530273
2025-03-27,199.00404357910156,47.54999923706055,7.4267802238464355,501.1431884765625,284.9781799316406,3.4000000953674316,74.97461700439453,4.274834156036377,10.0,46.189151763916016,16.616607666015625,0.4699999988079071,44.601280212402344,110.94327545166016,39.87733459472656,15.920000076293945,25.299999237060547,2.5999999046325684,0.008999999612569809,6.400000095367432,16.06999969482422,47.46527099609375,22.5,2.5199999809265137,14.298091888427734,5.889999866485596,24.0,12.141554832458496,1.149999976158142,0.7459999918937683,22.0,489.4735412597656,118.31084442138672,7.5,10.0,40.04999923706055,0.2590000033378601,173.97999572753906,176.0535125732422,1.6305999755859375,3.2899999618530273,37.0,14.199999809265137,0.18000000715255737,0.800000011920929,0.5299999713897705,388.0559997558594,31.078399658203125,1261.987060546875,2.3435773849487305,54.87269973754883,115.33480834960938,7.800000190734863,18.04458999633789,244.13938903808594,194.07000732421875,132.50364685058594,100.70442199707031,114.52750396728516,0.0010000000474974513,37.5541877746582,38.970001220703125,3.109999895095825,10.390000343322754,369.3299865722656,5.0,4.0,179.17999267578125,0.6489999890327454,12.0,985.0,0.05900000035762787,11.350000381469727,3.23720645904541,35.00123977661133,22.567087173461914,1.7000000476837158,10.451496124267578,346.19000244140625,369.7145690917969,29.854141235351562,2.5999999046325684,363.4925842285156,3.8499999046325684,84.44309997558594,24.17418098449707,100.99999237060547,2.6700000762939453,204.1379852294922,6.166100025177002,128.976318359375,13.801518440246582,6.953333377838135,95.0,7.099999904632568,11.788936614990234,43.23900604248047,13.0,39.8724479675293,55.0,32.849998474121094,0.3540000021457672,16.5748291015625,27.84307098388672,151.5626678466797,26.516578674316406,121.73200225830078,4.21999979019165,0.9300000071525574,30.828969955444336,32.502410888671875,33.77647399902344,191.01573181152344,5.579999923706055,167.95802307128906,13.5600004196167,27.406478881835938,6.300000190734863,0.3700000047683716,11.329999923706055
2025-03-28,202.20758056640625,46.4900016784668,7.434100151062012,496.10931396484375,280.4529724121094,3.4000000953674316,74.97461700439453,4.274834156036377,11.0,45.69881820678711,17.564132690429688,0.4699999988079071,44.275840759277344,110.94327545166016,39.624176025390625,15.579999923706055,25.969999313354492,2.5999999046325684,0.008999999612569809,6.400000095367432,15.729999542236328,47.135921478271484,22.5,2.5199999809265137,14.3369722366333,5.989999771118164,24.0,11.47802734375,1.149999976158142,0.7400000095367432,22.0,471.5198669433594,117.94522857666016,7.5,10.0,40.04999923706055,0.2590000033378601,174.0,178.8077850341797,1.6305999755859375,3.190000057220459,37.0,14.199999809265137,0.18000000715255737,0.800000011920929,0.5299999713897705,388.0559997558594,31.078399658203125,1261.987060546875,2.294752597808838,55.413265228271484,111.61997985839844,7.800000190734863,18.33975601196289,244.13938903808594,189.9619140625,131.52842712402344,100.68516540527344,114.52750396728516,0.0010000000474974513,37.5541877746582,38.970001220703125,3.109999895095825,10.390000343322754,369.989990234375,5.0,4.0,179.08999633789062,0.6489999890327454,12.0,980.0,0.05900000035762787,10.710000038146973,3.180079221725464,33.869407653808594,22.567087173461914,1.7000000476837158,10.166455268859863,339.0,367.0252685546875,30.437856674194336,2.5199999809265137,363.3452453613281,3.8499999046325684,84.44309997558594,24.375394821166992,100.99999237060547,2.700000047683716,203.15023803710938,6.166100025177002,124.80309295654297,13.889240264892578,6.7145514488220215,95.0,7.21999979019165,11.652872085571289,43.10038757324219,13.0,39.93498611450195,55.0,32.849998474121094,0.3540000021457672,16.5748291015625,27.84307098388672,151.5626678466797,27.755672454833984,121.73200225830078,4.300000190734863,0.9300000071525574,31.257797241210938,32.763668060302734,33.77647399902344,192.34097290039062,5.690000057220459,167.98658752441406,12.199999809265137,27.30789566040039,6.400000095367432,0.35499998927116394,11.069999694824219
2025-03-31,201.0332794189453,45.4900016784668,7.444029808044434,491.21612548828125,277.46929931640625,3.4000000953674316,74.97461700439453,4.274834156036377,11.199999809265137,45.1202278137207,18.112699508666992,0.4699999988079071,44.291717529296875,110.94327545166016,40.1304931640625,15.510000228881836,25.969999313354492,2.5999999046325684,0.008999999612569809,6.400000095367432,15.710000038146973,46.78662109375,22.5,2.5199999809265137,14.171732902526855,5.989999771118164,24.0,11.378993034362793,1.149999976158142,0.7160000205039978,21.34000015258789,496.0785827636719,117.82664489746094,7.5,10.0,40.04999923706055,0.2590000033378601,174.0,177.7477264404297,1.6305999755859375,3.1500000953674316,37.0,14.199999809265137,0.18000000715255737,0.800000011920929,0.515999972820282,388.0559997558594,31.078399658203125,1261.987060546875,2.138514280319214,54.53852844238281,111.83392333984375,7.800000190734863,18.477502822875977,244.13938903808594,185.76475524902344,128.29576110839844,98.40409851074219,114.52750396728516,0.0010000000474974513,37.5541877746582,38.970001220703125,3.109999895095825,10.390000343322754,380.5199890136719,5.0,4.0,179.0500030517578,0.6489999890327454,12.0,950.0,0.05900000035762787,10.4399995803833,3.170557975769043,32.43321228027344,22.567087173461914,1.7000000476837158,10.451496124267578,343.989990234375,364.4034729003906,29.694091796875,2.5199999809265137,361.2634582519531,3.9000000953674316,84.44309997558594,24.269996643066406,100.99999237060547,2.700000047683716,203.6539764404297,6.166100025177002,119.11984252929688,14.17189884185791,6.7432050704956055,95.0,7.21999979019165,11.594560623168945,43.17959976196289,13.0,39.82777786254883,55.0,32.849998474121094,0.3540000021457672,16.5748291015625,27.84307098388672,158.95867919921875,27.854799270629883,121.73200225830078,4.340000152587891,0.9300000071525574,31.257797241210938,32.47338104248047,32.82080841064453,191.63543701171875,5.690000057220459,169.3478240966797,12.199999809265137,27.30789566040039,6.489999771118164,0.3799999952316284,10.8100004196167
2025-04-01,206.48207092285156,47.459999084472656,7.445370197296143,501.52972412109375,277.4792785644531,3.4000000953674316,75.12307739257812,4.274834156036377,11.199999809265137,45.39481735229492,18.451814651489258,0.4699999988079071,44.077396392822266,110.46300506591797,41.77134323120117,15.390000343322754,25.969999313354492,2.5999999046325684,0.008999999612569809,6.449999809265137,16.200000762939453,46.457279205322266,22.5,2.5199999809265137,14.453611373901367,5.989999771118164,24.0,11.497834205627441,1.059999942779541,0.7379999756813049,21.34000015258789,502.7025451660156,117.86617279052734,7.5,10.0,40.04999923706055,0.2590000033378601,173.99000549316406,180.5492706298828,1.6305999755859375,3.25,37.0,14.199999809265137,0.18000000715255737,0.800000011920929,0.5299999713897705,388.0559997558594,31.078399658203125,1261.987060546875,2.2459282875061035,56.30766296386719,114.26509857177734,7.800000190734863,19.58930015563965,244.13938903808594,192.53565979003906,130.92344665527344,101.27230072021484,114.52750396728516,0.0010000000474974513,37.5541877746582,38.970001220703125,3.109999895095825,10.390000343322754,385.6400146484375,5.0,4.0,179.02999877929688,0.6489999890327454,12.0,978.0,0.05900000035762787,10.460000038146973,3.1419944763183594,33.289222717285156,22.17799949645996,1.7000000476837158,10.451496124267578,350.5,368.7024841308594,31.134546279907227,2.5199999809265137,371.9766845703125,3.9000000953674316,84.44309997558594,24.011293411254883,100.99999237060547,2.7100000381469727,206.42955017089844,6.166100025177002,118.68970489501953,14.24012565612793,6.8578200340271,95.0,7.300000190734863,11.439058303833008,43.219207763671875,13.0,40.310211181640625,55.0,32.849998474121094,0.3540000021457672,16.481712341308594,27.84307098388672,158.95867919921875,27.90436363220215,121.73200225830078,4.25,0.9300000071525574,30.950159072875977,32.89913558959961,33.689598083496094,194.90562438964844,5.690000057220459,169.7571563720703,12.199999809265137,27.406478881835938,6.519999980926514,0.4000000059604645,10.770000457763672
2025-04-02,204.07901000976562,46.63999938964844,7.452879905700684,510.1390686035156,280.960205078125,3.4000000953674316,75.16019439697266,4.274834156036377,11.199999809265137,45.62036895751953,18.451814651489258,0.4699999988079071,44.19646453857422,110.46300506591797,41.46192932128906,15.359999656677246,25.969999313354492,2.5999999046325684,0.008999999612569809,6.5,16.1299991607666,46.68682098388672,22.5,2.5199999809265137,14.434171676635742,5.880000114440918,24.0,11.517641067504883,1.2100000381469727,0.765999972820282,21.34000015258789,500.81268310546875,122.28318786621094,7.5,10.350000381469727,40.04999923706055,0.2590000033378601,174.0,184.2216033935547,1.6305999755859375,3.3399999141693115,37.0,14.199999809265137,0.18000000715255737,0.800000011920929,0.5230000019073486,388.0559997558594,31.078399658203125,1261.987060546875,2.3826370239257812,57.978515625,115.2472915649414,7.800000190734863,19.73688507080078,264.06915283203125,194.78274536132812,130.60739135742188,101.64765167236328,114.52750396728516,0.0010000000474974513,37.5541877746582,38.970001220703125,3.109999895095825,10.390000343322754,400.0,5.0,4.0,179.0,0.6489999890327454,12.0,998.0,0.05900000035762787,10.479999542236328,3.2181642055511475,34.620792388916016,22.17799949645996,1.7000000476837158,10.451496124267578,343.95001220703125,374.2641906738281,31.096885681152344,2.549999952316284,374.127197265625,3.9000000953674316,84.44309997558594,24.317903518676758,100.99999237060547,2.7100000381469727,211.9313201904297,6.166100025177002,117.94841003417969,15.10759449005127,6.953333377838135,95.0,7.519999980926514,11.069743156433105,44.248939514160156,13.0,41.132144927978516,55.0,32.849998474121094,0.3540000021457672,16.481712341308594,27.84307098388672,158.95867919921875,28.945201873779297,121.73200225830078,4.25,0.9300000071525574,30.789207458496094,33.566795349121094,33.689598083496094,194.80076599121094,5.690000057220459,170.05226135253906,12.199999809265137,27.406478881835938,6.519999980926514,0.4180000126361847,10.8100004196167
2025-04-03,202.3269805908203,47.220001220703125,7.456739902496338,502.27642822265625,271.5119934082031,3.549999952316284,75.16019439697266,4.274834156036377,11.0,48.50351333618164,17.45442008972168,0.4699999988079071,44.10121536254883,110.46300506591797,42.65271759033203,16.100000381469727,26.149999618530273,2.5999999046325684,0.008999999612569809,6.5,16.239999771118164,49.74073028564453,22.5,2.5199999809265137,14.550812721252441,5.880000114440918,24.0,11.002664566040039,1.2999999523162842,0.7570000290870667,21.34000015258789,506.4822998046875,128.31089782714844,7.5,10.350000381469727,40.04999923706055,0.2590000033378601,173.39999389648438,183.843017578125,1.6305999755859375,3.3299999237060547,37.0,14.199999809265137,0.18000000715255737,0.800000011920929,0.48500001430511475,388.0559997558594,31.078399658203125,1261.987060546875,2.3338124752044678,58.607540130615234,120.15826416015625,7.800000190734863,21.12417221069336,263.0726623535156,194.49566650390625,138.58071899414062,96.671630859375,114.52750396728516,0.0010000000474974513,37.5541877746582,38.970001220703125,3.109999895095825,10.390000343322754,401.2900085449219,5.0,4.0,179.0,0.6489999890327454,12.0,949.989990234375,0.05900000035762787,10.8100004196167,3.2848124504089355,35.85725021362305,22.17799949645996,1.7000000476837158,10.451496124267578,350.2699890136719,372.7508544921875,31.32284164428711,2.619999885559082,374.127197265625,3.9000000953674316,84.44309997558594,24.222089767456055,100.99999237060547,2.75,214.35130310058594,6.166100025177002,128.1343536376953,16.131011962890625,6.657243251800537,95.0,7.519999980926514,11.27383804321289,45.36779022216797,13.0,44.47345733642578,55.0,32.849998474121094,0.3540000021457672,16.40721893310547,27.84307098388672,158.95867919921875,29.09389305114746,121.73200225830078,4.230000019073486,0.9300000071525574,31.480356216430664,34.88276672363281,33.689598083496094,192.8271942138672,5.690000057220459,174.20266723632812,12.199999809265137,27.258604049682617,6.5,0.4000000059604645,10.550000190734863
2025-04-04,188.80853271484375,47.63999938964844,7.46983003616333,485.9714050292969,248.5478515625,3.5,74.69624328613281,4.274834156036377,10.720000267028809,44.08073043823242,16.656503677368164,0.4699999988079071,43.27570343017578,110.46300506591797,40.84309387207031,15.100000381469727,26.149999618530273,2.5999999046325684,0.008999999612569809,6.5,15.260000228881836,47.57504653930664,22.5,2.5199999809265137,14.04537296295166,5.5,24.0,10.36884880065918,1.3200000524520874,0.7139999866485596,21.0,484.3331298828125,119.7535400390625,7.5,10.350000381469727,40.04999923706055,0.2590000033378601,173.5,180.0855255126953,1.6305999755859375,3.299999952316284,35.0,14.199999809265137,0.18000000715255737,0.800000011920929,0.44999998807907104,388.0559997558594,31.078399658203125,1261.987060546875,2.2068686485290527,55.32481002807617,116.70598602294922,7.800000190734863,19.668012619018555,263.0726623535156,172.6881561279297,128.86463928222656,89.99200439453125,114.52750396728516,0.0010000000474974513,37.5541877746582,37.995750427246094,3.109999895095825,10.390000343322754,343.739990234375,5.0,4.0,179.0,0.6489999890327454,12.0,799.6300048828125,0.05900000035762787,10.25,3.2848124504089355,35.29608917236328,22.17799949645996,1.5,9.976428031921387,351.8599853515625,354.4078063964844,29.204524993896484,2.619999885559082,355.1459045410156,3.9000000953674316,84.44309997558594,22.72736930847168,95.17306518554688,2.680000066757202,206.48883056640625,6.166100025177002,120.22720336914062,16.384429931640625,6.466217994689941,95.0,7.300000190734863,11.030868530273438,43.575653076171875,13.0,40.739044189453125,55.0,32.849998474121094,0.3540000021457672,15.960960388183594,27.84307098388672,158.95867919921875,29.09389305114746,121.73200225830078,4.039999961853027,0.9300000071525574,31.3951473236084,34.39895248413086,33.20693588256836,188.99449157714844,5.849999904632568,165.63531494140625,12.199999809265137,26.115022659301758,6.75,0.4000000059604645,9.960000038146973
2025-04-07,193.2125244140625,47.900001525878906,7.472640037536621,470.8786926269531,260.5719299316406,3.5,72.3764877319336,4.274834156036377,10.720000267028809,43.306007385253906,16.157806396484375,0.4699999988079071,43.45827102661133,110.46300506591797,38.5927848815918,14.199999809265137,25.399999618530273,2.5999999046325684,0.008999999612569809,6.5,14.90999984741211,45.39939498901367,22.5,2.5199999809265137,13.987053871154785,5.369999885559082,24.0,10.537206649780273,1.399999976158142,0.6899999976158142,19.5,483.803955078125,114.77327728271484,7.5,10.350000381469727,40.04999923706055,0.2590000033378601,173.6699981689453,175.81689453125,1.6305999755859375,3.299999952316284,35.0,14.199999809265137,0.18000000715255737,0.800000011920929,0.42500001192092896,388.0559997558594,31.078399658203125,1261.987060546875,2.1189846992492676,54.4107551574707,115.80159759521484,7.800000190734863,19.195743560791016,263.0726623535156,174.21261596679688,123.0042724609375,90.98336791992188,112.6500015258789,0.0010000000474974513,37.5541877746582,37.50862503051758,3.109999895095825,10.390000343322754,336.4700012207031,5.0,4.0,179.0,0.6489999890327454,12.0,760.5,0.05900000035762787,9.5,3.1991214752197266,33.859893798828125,22.17799949645996,1.5,9.976428031921387,339.0,353.8487548828125,27.585187911987305,2.5799999237060547,352.5240478515625,3.9000000953674316,84.44309997558594,21.51051902770996,91.2884521484375,2.630000114440918,202.21188354492188,6.166100025177002,112.57630920410156,15.526708602905273,6.322948455810547,95.0,7.300000190734863,10.41858196258545,41.803321838378906,13.0,38.77356719970703,55.0,32.849998474121094,0.3540000021457672,15.960960388183594,27.84307098388672,158.95867919921875,27.656543731689453,121.73200225830078,3.9700000286102295,0.9300000071525574,30.703996658325195,34.6408576965332,33.20693588256836,180.18499755859375,5.840000152587891,165.63531494140625,12.199999809265137,26.006580352783203,6.739999771118164,0.4129999876022339,10.199999809265137
2025-04-08,195.07945251464844,46.9900016784668,7.468790054321289,465.0718078613281,263.9686584472656,3.5,72.3764877319336,4.084236145019531,10.720000267028809,43.45310592651367,16.157806396484375,0.4699999988079071,43.25982666015625,112.41810607910156,39.464778900146484,14.510000228881836,25.399999618530273,2.5999999046325684,0.008999999612569809,6.5,14.5600004196167,45.80857467651367,22.5,2.5199999809265137,13.617693901062012,5.25,24.0,10.50749397277832,1.4299999475479126,0.6819999814033508,19.5,491.35394287109375,116.88790893554688,7.5,10.350000381469727,40.04999923706055,0.2590000033378601,173.6699981689453,176.9053497314453,1.6305999755859375,3.200000047683716,35.0,14.199999809265137,0.18000000715255737,0.800000011920929,0.4099999964237213,388.0559997558594,31.078399658203125,1240.0777587890625,2.011570453643799,55.02995300292969,116.66709899902344,7.800000190734863,19.5302677154541,263.0726623535156,168.21380615234375,125.46941375732422,89.51077270507812,112.6500015258789,0.0010000000474974513,37.5541877746582,37.50862503051758,3.109999895095825,10.390000343322754,328.0,5.0,4.0,179.0,0.6489999890327454,12.0,721.0,0.05900000035762787,9.220000267028809,3.1991214752197266,34.64932632446289,23.500898361206055,1.5,9.976428031921387,334.010009765625,351.15948486328125,27.63226318359375,2.5799999237060547,360.369873046875,3.8499999046325684,84.44309997558594,21.577587127685547,91.2884521484375,2.619999885559082,203.81204223632812,6.166100025177002,116.61224365234375,15.10759449005127,6.408910274505615,95.0,7.300000190734863,10.787898063659668,41.803321838378906,13.0,39.25599670410156,55.0,32.849998474121094,0.3540000021457672,16.164098739624023,27.84307098388672,158.95867919921875,27.656543731689453,121.73200225830078,4.03000020980835,0.9300000071525574,29.880300521850586,35.30851745605469,33.20693588256836,178.64999389648438,5.800000190734863,167.25360107421875,12.199999809265137,26.607946395874023,6.739999771118164,0.4000000059604645,9.84000015258789
2025-04-09,206.34805297851562,47.54999923706055,7.468929767608643,479.95367431640625,257.4140625,3.4000000953674316,72.3764877319336,4.084236145019531,10.720000267028809,46.816776275634766,18.950511932373047,0.4699999988079071,43.65670394897461,112.41810607910156,42.1557731628418,14.800000190734863,25.399999618530273,2.5999999046325684,0.008999999612569809,6.400000095367432,15.0600004196167,46.89640426635742,22.5,2.5199999809265137,13.850973129272461,5.5,24.0,10.774886131286621,1.4299999475479126,0.7039999961853027,19.5,492.308349609375,127.89585876464844,7.5,10.350000381469727,40.04999923706055,0.2590000033378601,173.8000030517578,184.0796356201172,1.6305999755859375,3.259999990463257,35.0,14.199999809265137,0.18000000715255737,0.800000011920929,0.4099999964237213,388.0559997558594,31.068687438964844,1230.79638671875,2.2166335582733154,58.0571403503418,119.8567886352539,7.800000190734863,19.6286563873291,263.0726623535156,179.795654296875,136.80184936523438,95.26640319824219,112.6500015258789,0.0010000000474974513,37.5541877746582,37.50862503051758,3.109999895095825,10.390000343322754,347.7799987792969,5.0,4.0,179.0,0.6489999890327454,12.0,795.0,0.05900000035762787,9.25,3.1419944763183594,35.676536560058594,23.500898361206055,1.5,9.976428031921387,347.9800109863281,361.40576171875,29.44930648803711,2.5799999237060547,358.64166259765625,3.8499999046325684,84.44309997558594,22.641138076782227,91.2884521484375,2.619999885559082,219.1221160888672,6.166100025177002,123.53099822998047,16.28696060180664,6.72410249710083,95.0,7.300000190734863,10.885085105895996,44.25884246826172,13.0,41.051734924316406,55.0,32.849998474121094,0.3540000021457672,16.164098739624023,27.84307098388672,158.95867919921875,27.656543731689453,121.73200225830078,4.050000190734863,0.9300000071525574,31.46141815185547,35.7632942199707,33.20693588256836,186.07705688476562,5.800000190734863,171.28976440429688,12.199999809265137,26.509361267089844,6.739999771118164,0.4000000059604645,10.369999885559082
2025-04-10,199.08140563964844,47.58000183105469,7.472149848937988,477.5552978515625,255.0396728515625,3.450000047683716,72.3764877319336,4.084236145019531,10.720000267028809,45.61056137084961,18.950511932373047,0.4699999988079071,43.339202880859375,112.4083251953125,39.56791687011719,14.380000114440918,25.399999618530273,2.5999999046325684,0.008999999612569809,6.480000019073486,14.510000228881836,46.17784118652344,22.5,2.5199999809265137,13.870412826538086,5.590000152587891,23.0,10.150972366333008,1.4299999475479126,0.7369999885559082,19.5,499.8677978515625,129.21998596191406,7.5,10.350000381469727,40.04999923706055,0.2590000033378601,173.6999969482422,183.0006561279297,1.6305999755859375,3.25,35.0,14.199999809265137,0.18000000715255737,0.800000011920929,0.38100001215934753,388.0559997558594,31.068687438964844,1230.79638671875,2.324047565460205,56.79908752441406,116.36563110351562,7.800000190734863,19.815595626831055,263.0726623535156,168.27320861816406,131.3658905029297,93.30294036865234,112.6500015258789,0.0010000000474974513,37.5541877746582,37.50862503051758,3.109999895095825,10.390000343322754,356.2099914550781,5.0,4.0,179.0,0.6489999890327454,12.0,707.0,0.05900000035762787,9.430000305175781,3.1324732303619385,34.677860260009766,23.672096252441406,1.5,9.976428031921387,341.0,356.0849914550781,29.0915470123291,2.5799999237060547,361.3616943359375,3.8499999046325684,84.44309997558594,22.238712310791016,91.2884521484375,2.5799999237060547,212.71163940429688,6.166100025177002,118.26872253417969,16.121267318725586,6.408910274505615,95.0,7.300000190734863,10.885085105895996,41.16963577270508,13.0,40.74797821044922,55.0,32.849998474121094,0.3540000021457672,16.15442657470703,27.84307098388672,158.95867919921875,27.656543731689453,121.73200225830078,4.070000171661377,0.9300000071525574,30.580917358398438,34.950496673583984,33.20693588256836,188.49871826171875,5.989999771118164,170.21408081054688,12.199999809265137,26.509361267089844,6.739999771118164,0.39500001072883606,9.699999809265137
2025-04-11,194.3518524169922,46.90999984741211,7.471360206604004,489.9334716796875,263.2004699707031,3.4000000953674316,72.3764877319336,4.285725116729736,10.720000267028809,44.99274444580078,18.950511932373047,0.4699999988079071,43.54558181762695,112.90687561035156,39.64292526245117,14.609999656677246,25.399999618530273,2.5999999046325684,0.008999999612569809,6.480000019073486,14.569999694824219,46.49720001220703,22.5,2.5199999809265137,14.016213417053223,5.699999809265137,24.0,10.398558616638184,1.4500000476837158,0.7110000252723694,19.5,500.81268310546875,124.86225891113281,7.5,10.350000381469727,40.04999923706055,0.2590000033378601,173.5,179.61227416992188,1.6305999755859375,3.25,35.0,14.199999809265137,0.18000000715255737,0.800000011920929,0.38100001215934753,388.0559997558594,31.068687438964844,1230.79638671875,2.2166335582733154,57.2905158996582,115.88912200927734,7.800000190734863,20.573192596435547,263.0726623535156,171.88633728027344,127.96166229248047,93.5243148803711,112.6500015258789,0.0010000000474974513,37.5541877746582,37.50862503051758,3.109999895095825,10.390000343322754,372.8699951171875,5.0,4.0,178.99000549316406,0.6489999890327454,12.0,770.0,0.05900000035762787,9.3100004196167,3.151515483856201,34.58274841308594,24.1312198638916,1.5,9.976428031921387,346.3500061035156,358.5718688964844,28.554906845092773,2.5799999237060547,360.84124755859375,3.8499999046325684,84.44309997558594,21.797964096069336,90.67662811279297,2.6500000953674316,213.24502563476562,6.166100025177002,117.22541809082031,16.306455612182617,6.5808329582214355,95.0,7.300000190734863,10.457457542419434,40.92210388183594,13.0,40.65863800048828,55.0,32.849998474121094,0.3540000021457672,16.15442657470703,27.84307098388672,158.95867919921875,27.061779022216797,121.73200225830078,4.050000190734863,0.9300000071525574,30.211671829223633,34.815025329589844,33.20693588256836,191.99774169921875,6.199999809265137,165.25454711914062,12.199999809265137,26.509361267089844,6.889999866485596,0.39500001072883606,9.630000114440918
2025-04-14,199.39735412597656,47.34000015258789,7.474880218505859,502.4873046875,262.93109130859375,3.4000000953674316,74.97461700439453,4.285725116729736,10.199999809265137,45.55172348022461,18.950511932373047,0.4699999988079071,43.61701965332031,112.90687561035156,40.12112045288086,14.350000381469727,25.399999618530273,2.5999999046325684,0.008999999612569809,6.480000019073486,14.569999694824219,46.80706024169922,22.5,2.5199999809265137,14.550812721252441,5.849999904632568,24.0,10.646142959594727,1.440000057220459,0.699999988079071,19.5,500.8032531738281,128.3800506591797,7.5,10.350000381469727,40.04999923706055,0.2590000033378601,173.6999969482422,179.1484832763672,1.6305999755859375,3.259999990463257,35.0,14.199999809265137,0.18000000715255737,0.800000011920929,0.3499999940395355,388.0559997558594,31.068687438964844,1230.79638671875,2.0603950023651123,58.31268310546875,117.09497833251953,7.800000190734863,20.415771484375,263.0726623535156,174.53927612304688,130.77896118164062,93.62055969238281,112.6500015258789,0.0010000000474974513,37.5541877746582,37.02149963378906,3.0999999046325684,10.390000343322754,389.07000732421875,5.0,4.0,179.0,0.6489999890327454,12.0,850.0,0.05900000035762787,8.779999732971191,3.1419944763183594,34.75395202636719,24.854923248291016,1.5,9.976428031921387,341.1099853515625,357.83929443359375,28.75261688232422,2.5799999237060547,364.6807556152344,3.8499999046325684,84.44309997558594,21.90336036682129,90.67662811279297,2.690000057220459,218.4801025390625,6.166100025177002,117.53657531738281,16.335695266723633,6.56173038482666,95.0,7.300000190734863,10.603239059448242,41.0310173034668,13.0,41.02493667602539,55.0,32.849998474121094,0.3540000021457672,16.15442657470703,27.84307098388672,158.95867919921875,27.061779022216797,121.73200225830078,4.050000190734863,0.9300000071525574,30.61878776550293,35.56010055541992,33.01387405395508,194.2191925048828,6.199999809265137,167.53916931152344,12.199999809265137,26.509361267089844,6.800000190734863,0.38999998569488525,9.229999542236328
2025-04-15,200.134521484375,47.77000045776367,7.477290153503418,490.240966796875,268.9668884277344,3.4000000953674316,73.47140502929688,4.285725116729736,10.720000267028809,46.41470718383789,18.950511932373047,0.4699999988079071,43.307456970214844,112.90687561035156,40.42116165161133,14.329999923706055,25.399999618530273,2.5999999046325684,0.008999999612569809,6.409999847412109,14.770000457763672,46.04824447631836,22.5,2.5199999809265137,14.91045093536377,5.849999904632568,24.0,10.43817138671875,1.3300000429153442,0.7099999785423279,19.5,496.0880432128906,126.39389038085938,7.5,10.350000381469727,40.04999923706055,0.2590000033378601,173.7899932861328,180.464111328125,1.6305999755859375,3.200000047683716,35.0,14.199999809265137,0.18000000715255737,0.800000011920929,0.4000000059604645,388.0559997558594,31.068687438964844,1230.79638671875,2.0603950023651123,58.22422790527344,118.06745147705078,7.800000190734863,20.35673713684082,263.0726623535156,164.51158142089844,133.84007263183594,95.20865631103516,112.6500015258789,0.0010000000474974513,37.5541877746582,37.02149963378906,3.0899999141693115,10.390000343322754,394.69000244140625,5.0,4.0,179.0,0.6489999890327454,12.0,815.0,0.05900000035762787,8.399999618530273,3.1419944763183594,35.381690979003906,24.901613235473633,1.5,9.976428031921387,347.9700012207031,360.4032897949219,28.969154357910156,2.5799999237060547,365.04400634765625,3.8499999046325684,84.44309997558594,21.548843383789062,90.67662811279297,2.640000104904175,216.1588592529297,6.166100025177002,119.91604614257812,16.589113235473633,6.666794776916504,95.0,7.300000190734863,10.486613273620605,40.63496398925781,13.0,40.97132873535156,55.0,32.849998474121094,0.3540000021457672,16.15442657470703,27.84307098388672,158.95867919921875,27.061779022216797,121.73200225830078,4.059999942779541,0.9300000071525574,31.006969451904297,35.772972106933594,33.01387405395508,192.3314208984375,6.300000190734863,169.17648315429688,12.199999809265137,25.730545043945312,6.800000190734863,0.38999998569488525,9.15999984741211
2025-04-16,203.1216278076172,47.5,7.4830098152160645,500.0362854003906,266.4927062988281,3.4000000953674316,72.3764877319336,4.285725116729736,10.720000267028809,46.91484069824219,18.950511932373047,0.4699999988079071,43.34714126586914,112.90687561035156,39.596046447753906,14.170000076293945,25.399999618530273,2.5999999046325684,0.008999999612569809,6.460000038146973,15.010000228881836,46.657291412353516,22.5,2.5199999809265137,14.832691192626953,5.769999980926514,24.0,10.319330215454102,1.399999976158142,0.6930000185966492,19.5,494.19818115234375,128.1428985595703,7.5,10.350000381469727,40.04999923706055,0.2590000033378601,174.8000030517578,179.84889221191406,1.6305999755859375,3.2699999809265137,35.0,14.199999809265137,0.18000000715255737,0.800000011920929,0.4000000059604645,388.0559997558594,31.068687438964844,1230.79638671875,2.040865182876587,59.09896469116211,119.19551086425781,7.800000190734863,20.5633544921875,236.76539611816406,168.98593139648438,132.91000366210938,95.76689910888672,112.6500015258789,0.0010000000474974513,37.5541877746582,37.02149963378906,3.0999999046325684,10.390000343322754,425.8699951171875,5.0,4.0,179.0,0.6489999890327454,12.0,909.5,0.05900000035762787,8.350000381469727,3.0467824935913086,36.56107711791992,25.267356872558594,1.5,9.976428031921387,344.20001220703125,360.2972412109375,29.063302993774414,2.5799999237060547,365.30914306640625,3.8499999046325684,84.44309997558594,21.395540237426758,90.67662811279297,2.5999999046325684,219.8431854248047,6.166100025177002,123.21070098876953,16.87177085876465,6.752756595611572,95.0,7.300000190734863,10.544926643371582,41.0310173034668,13.0,40.453155517578125,55.0,32.849998474121094,0.3540000021457672,16.15442657470703,27.84307098388672,158.95867919921875,27.061779022216797,121.73200225830078,4.050000190734863,0.9300000071525574,30.95016098022461,36.18905258178711,33.01387405395508,192.57931518554688,6.300000190734863,170.2997589111328,12.199999809265137,25.730545043945312,6.800000190734863,0.3799999952316284,9.130000114440918
2025-04-21,206.4916534423828,46.15999984741211,7.493249893188477,501.6263427734375,262.39239501953125,3.4000000953674316,72.3764877319336,4.285725116729736,10.720000267028809,47.55227279663086,18.950511932373047,0.4699999988079071,43.339202880859375,112.90687561035156,39.75544357299805,13.979999542236328,25.399999618530273,2.5999999046325684,0.008999999612569809,6.449999809265137,15.0,47.60581588745117,22.5,2.5199999809265137,15.474209785461426,5.829999923706055,24.0,10.349040985107422,1.399999976158142,0.6629999876022339,19.5,495.1525573730469,128.11325073242188,7.5,10.350000381469727,40.04999923706055,0.2590000033378601,174.8000030517578,181.02252197265625,1.6305999755859375,3.2899999618530273,35.0,14.199999809265137,0.18000000715255737,0.800000011920929,0.3400000035762787,388.0559997558594,31.068687438964844,1230.79638671875,2.031100273132324,61.43815231323242,119.01365661621094,7.800000190734863,21.360305786132812,229.19207763671875,165.3232879638672,135.9349822998047,96.13263702392578,112.6500015258789,0.0010000000474974513,37.5541877746582,37.02149963378906,3.0899999141693115,10.390000343322754,436.760009765625,5.0,4.0,178.99000549316406,0.6489999890327454,12.0,890.0,0.05900000035762787,8.380000114440918,3.027740240097046,36.9320182800293,25.267356872558594,1.5,9.976428031921387,348.32000732421875,364.1625061035156,29.1668643951416,2.5999999046325684,371.17144775390625,3.8499999046325684,84.44309997558594,21.462610244750977,90.67662811279297,2.6600000858306885,218.40106201171875,6.166100025177002,121.73725891113281,17.836708068847656,6.867371559143066,95.0,6.900000095367432,10.020110130310059,42.130062103271484,13.0,40.64970779418945,55.0,32.849998474121094,0.3540000021457672,16.15442657470703,27.84307098388672,158.95867919921875,27.061779022216797,121.73200225830078,4.019999980926514,0.9300000071525574,31.06377601623535,36.5277214050293,33.01387405395508,196.21180725097656,6.300000190734863,171.50869750976562,12.199999809265137,25.730545043945312,6.800000190734863,0.36000001430511475,8.859999656677246
2025-04-22,204.76834106445312,46.400001525878906,7.491199970245361,497.22503662109375,270.3436584472656,3.4000000953674316,72.3764877319336,4.285725116729736,11.0,48.081825256347656,18.950511932373047,0.4699999988079071,43.18045425415039,112.90687561035156,40.411781311035156,14.3100004196167,26.100000381469727,2.5999999046325684,0.008999999612569809,6.400000095367432,15.300000190734863,48.524383544921875,22.5,2.5199999809265137,15.843567848205566,5.599999904632568,24.0,10.695660591125488,1.399999976158142,0.6499999761581421,21.0,498.0251770019531,131.07769775390625,7.5,10.350000381469727,40.04999923706055,0.2590000033378601,175.0,180.7549285888672,1.6305999755859375,3.2899999618530273,35.0,14.199999809265137,0.18000000715255737,0.800000011920929,0.3190000057220459,388.0559997558594,31.068687438964844,1230.79638671875,2.011570453643799,62.30306625366211,121.41669464111328,7.800000190734863,21.921127319335938,229.87069702148438,168.50088500976562,142.67123413085938,96.71013641357422,112.6500015258789,0.0010000000474974513,37.5541877746582,38.970001220703125,3.0899999141693115,10.390000343322754,425.5899963378906,5.0,4.0,179.0,0.6489999890327454,12.0,922.0,0.05900000035762787,8.609999656677246,3.018218994140625,37.483665466308594,25.267356872558594,1.5,9.976428031921387,342.0299987792969,366.7939758300781,30.456682205200195,2.559999942779541,374.834228515625,3.8499999046325684,84.44309997558594,21.347631454467773,92.25960540771484,2.7100000381469727,222.98422241210938,6.166100025177002,123.32965850830078,18.246074676513672,7.010641098022461,95.0,6.800000190734863,10.04926586151123,40.6745719909668,13.0,40.846256256103516,55.0,32.849998474121094,0.3540000021457672,16.231813430786133,27.84307098388672,158.95867919921875,27.061779022216797,122.66839599609375,4.130000114440918,0.9300000071525574,30.883882522583008,37.381595611572266,33.78612518310547,199.48199462890625,6.300000190734863,176.0113067626953,12.199999809265137,25.631959915161133,6.800000190734863,0.36000001430511475,9.020000457763672
2025-04-23,203.45669555664062,46.869998931884766,7.4934401512146,525.583251953125,273.3565368652344,3.299999952316284,74.23229217529297,4.285725116729736,11.0,51.37685012817383,18.75103187561035,0.4699999988079071,43.593204498291016,112.90687561035156,43.159034729003906,14.5600004196167,26.75,2.5999999046325684,0.008999999612569809,6.400000095367432,15.609999656677246,50.171817779541016,22.5,2.5199999809265137,16.08656883239746,5.590000152587891,24.0,10.963051795959473,1.399999976158142,0.6380000114440918,21.5,497.9779052734375,137.6884002685547,7.5,10.350000381469727,40.04999923706055,0.2590000033378601,176.39999389648438,183.1727752685547,1.6305999755859375,3.369999885559082,37.5,14.199999809265137,0.18000000715255737,0.800000011920929,0.30000001192092896,388.0559997558594,31.068687438964844,1230.79638671875,2.011570453643799,65.3597412109375,125.36943054199219,7.800000190734863,22.088388442993164,224.87350463867188,167.33279418945312,143.95346069335938,98.09609985351562,112.6500015258789,0.0010000000474974513,37.5541877746582,39.944252014160156,3.2100000381469727,10.390000343322754,421.489990234375,5.0,4.0,179.0,0.6489999890327454,12.0,927.0,0.05900000035762787,9.119999885559082,2.9706127643585205,38.663055419921875,25.267356872558594,1.5,9.976428031921387,350.0,379.2957763671875,31.83123779296875,2.5,377.05340576171875,3.8499999046325684,84.44309997558594,21.98001480102539,93.23075866699219,2.8499999046325684,224.30780029296875,6.166100025177002,130.87075805664062,18.353290557861328,7.26852560043335,95.0,6.900000095367432,10.39914321899414,42.040950775146484,13.0,42.84747314453125,55.0,32.849998474121094,0.3540000021457672,16.29952621459961,27.84307098388672,158.95867919921875,27.061779022216797,122.66839599609375,4.119999885559082,0.9300000071525574,31.23419761657715,38.239376068115234,33.689598083496094,206.11773681640625,6.300000190734863,192.2987823486328,12.199999809265137,25.631959915161133,6.800000190734863,0.36000001430511475,9.270000457763672
2025-04-24,200.00050354003906,47.13999938964844,7.495910167694092,538.5235595703125,272.3888244628906,3.299999952316284,74.23229217529297,4.285725116729736,11.0,52.66151809692383,17.95311737060547,0.4699999988079071,43.196327209472656,112.90687561035156,42.596458435058594,14.619999885559082,26.75,2.5999999046325684,0.008999999612569809,6.400000095367432,15.619999885559082,52.258567810058594,22.5,2.5199999809265137,16.280969619750977,5.599999904632568,24.0,11.071989059448242,1.3799999952316284,0.6299999952316284,21.5,497.9779052734375,140.27735900878906,7.5,10.350000381469727,40.04999923706055,0.2590000033378601,172.75,184.8643035888672,1.6305999755859375,3.369999885559082,37.5,14.199999809265137,0.18000000715255737,0.800000011920929,0.29899999499320984,388.0559997558594,31.068687438964844,1230.79638671875,1.9432162046432495,66.35242462158203,126.18350982666016,7.800000190734863,22.255651473999023,224.87350463867188,164.81845092773438,145.37115478515625,98.33672332763672,112.6500015258789,0.0010000000474974513,37.5541877746582,39.944252014160156,3.2799999713897705,10.390000343322754,436.0,5.0,4.0,178.80999755859375,0.6489999890327454,12.0,974.6099853515625,0.05900000035762787,10.229999542236328,3.0372612476348877,36.89397048950195,25.267356872558594,1.5,10.451496124267578,350.0,382.6983642578125,32.63148880004883,2.490000009536743,387.8550109863281,3.8499999046325684,84.44309997558594,22.22913360595703,93.23075866699219,2.880000114440918,220.36669921875,6.166100025177002,133.60714721679688,17.865949630737305,7.278076648712158,95.0,6.900000095367432,10.93367862701416,43.15979766845703,13.0,43.19589614868164,55.0,32.0,0.3540000021457672,16.444625854492188,27.84307098388672,158.95867919921875,27.061779022216797,122.66839599609375,4.119999885559082,0.9300000071525574,31.499292373657227,37.518062591552734,33.689598083496094,211.24710083007812,6.300000190734863,195.33544921875,12.199999809265137,25.533374786376953,6.800000190734863,0.36500000953674316,9.329999923706055
2025-04-25,200.59410095214844,47.029998779296875,7.501969814300537,552.4566650390625,275.35186767578125,3.2799999713897705,74.23229217529297,4.285725116729736,11.0,52.896873474121094,17.055461883544922,0.4699999988079071,43.25982666015625,112.90687561035156,44.84676742553711,15.239999771118164,26.75,2.5999999046325684,0.008999999612569809,6.400000095367432,15.930000305175781,52.967464447021484,22.5,2.5199999809265137,16.16432762145996,5.650000095367432,24.0,11.557254791259766,1.3799999952316284,0.6499999761581421,21.5,495.3554382324219,143.2714385986328,7.5,10.350000381469727,40.04999923706055,0.2590000033378601,173.89999389648438,182.6089324951172,1.6305999755859375,3.390000104904175,37.5,14.199999809265137,0.18000000715255737,0.800000011920929,0.2800000011920929,388.0559997558594,32.049598693847656,1230.79638671875,2.011570453643799,65.36956787109375,126.33064270019531,7.800000190734863,23.465837478637695,224.87350463867188,172.10411071777344,148.2606964111328,100.76217651367188,112.6500015258789,0.0010000000474974513,37.5541877746582,39.944252014160156,3.2799999713897705,10.390000343322754,422.17999267578125,5.0,4.0,178.80999755859375,0.6489999890327454,12.0,937.0,0.05900000035762787,9.979999542236328,3.018218994140625,38.09238052368164,25.267356872558594,1.5,10.451496124267578,352.0,386.814208984375,31.925382614135742,2.4000000953674316,373.6558532714844,3.8499999046325684,84.44309997558594,23.618452072143555,93.23075866699219,2.890000104904175,222.23353576660156,6.166100025177002,134.53147888183594,19.006328582763672,7.4595513343811035,95.0,6.900000095367432,10.953117370605469,45.14006042480469,13.0,43.71406936645508,55.0,32.0,0.3540000021457672,16.444625854492188,27.84307098388672,158.95867919921875,27.061779022216797,122.66839599609375,4.21999979019165,0.9300000071525574,32.21884536743164,38.16139602661133,32.82080841064453,210.56063842773438,6.21999979019165,199.66671752929688,12.199999809265137,25.434789657592773,6.800000190734863,0.3799999952316284,9.25
2025-04-28,196.31451416015625,47.02000045776367,7.507150173187256,544.2777709960938,280.3401184082031,3.299999952316284,74.46426391601562,4.285725116729736,11.0,52.838035583496094,17.075410842895508,0.4699999988079071,43.56145477294922,112.90687561035156,43.94664001464844,14.699999809265137,26.75,2.5999999046325684,0.008999999612569809,6.300000190734863,16.219999313354492,54.01582336425781,22.5,2.5199999809265137,16.36844825744629,5.679999828338623,24.0,11.983100891113281,1.3300000429153442,0.6140000224113464,21.5,496.32672119140625,146.72006225585938,7.5,10.350000381469727,40.04999923706055,0.2590000033378601,174.0,179.67503356933594,1.6305999755859375,3.299999952316284,37.5,14.199999809265137,0.18000000715255737,0.800000011920929,0.29899999499320984,388.0559997558594,32.049598693847656,1230.79638671875,1.9529811143875122,66.23448181152344,125.87944793701172,7.800000190734863,22.737756729125977,224.87350463867188,174.47987365722656,151.69203186035156,102.11927032470703,112.6500015258789,0.0010000000474974513,37.5541877746582,39.944252014160156,3.2799999713897705,10.390000343322754,408.17999267578125,5.0,4.0,178.0,0.6489999890327454,12.0,921.7899780273438,0.05900000035762787,10.1899995803833,3.0563037395477295,38.01629638671875,25.267356872558594,1.5,10.451496124267578,344.8900146484375,378.6307067871094,32.226654052734375,2.6500000953674316,366.271484375,3.8499999046325684,84.44309997558594,23.752595901489258,93.23075866699219,2.880000114440918,217.49234008789062,6.166100025177002,135.9866180419922,18.431264877319336,7.383141040802002,95.0,6.900000095367432,10.982274055480957,45.714332580566406,13.0,44.60747146606445,55.0,32.0,0.3540000021457672,16.444625854492188,27.84307098388672,158.95867919921875,27.061779022216797,117.05000305175781,4.159999847412109,0.9300000071525574,33.14667892456055,37.92745590209961,33.78612518310547,206.81373596191406,6.070000171661377,205.01654052734375,12.25,25.1390380859375,6.800000190734863,0.3799999952316284,7.980000019073486
2025-04-29,194.50503540039062,47.439998626708984,7.508649826049805,535.9846801757812,274.3442077636719,3.299999952316284,73.76834106445312,4.285725116729736,11.0,49.61166000366211,17.075410842895508,0.4699999988079071,43.49002456665039,112.90687561035156,44.07790756225586,13.779999732971191,26.75,2.5999999046325684,0.008999999612569809,6.300000190734863,16.209999084472656,53.646400451660156,22.5,2.5199999809265137,16.33928871154785,5.75,24.0,11.814742088317871,1.3899999856948853,0.625,21.5,493.4128723144531,134.0124969482422,7.5,10.350000381469727,40.04999923706055,0.2590000033378601,174.0,173.37718200683594,1.6305999755859375,3.299999952316284,37.5,14.199999809265137,0.18000000715255737,0.800000011920929,0.296999990940094,388.0559997558594,32.049598693847656,1230.79638671875,1.9236863851547241,62.21460723876953,123.09390258789062,7.800000190734863,22.03919219970703,224.87350463867188,166.58047485351562,149.2268829345703,98.33672332763672,112.6500015258789,0.0010000000474974513,37.5541877746582,39.944252014160156,3.200000047683716,10.390000343322754,375.2300109863281,5.0,4.0,177.99000549316406,0.6489999890327454,12.0,890.7000122070312,0.05900000035762787,9.800000190734863,3.084867238998413,38.04482650756836,25.267356872558594,1.5,10.451496124267578,344.6300048828125,374.8039855957031,32.0854377746582,2.630000114440918,359.5549011230469,3.8499999046325684,84.44309997558594,23.560962677001953,93.23075866699219,2.8499999046325684,210.40029907226562,6.166100025177002,129.04039001464844,16.394176483154297,6.89602518081665,95.0,6.889999866485596,11.652872085571289,43.377628326416016,13.0,42.945743560791016,55.0,32.0,0.3540000021457672,16.92829132080078,27.84307098388672,158.95867919921875,27.061779022216797,117.05000305175781,4.090000152587891,0.9300000071525574,32.02948760986328,35.695281982421875,34.075721740722656,199.3866729736328,6.070000171661377,204.5310516357422,12.25,24.695405960083008,6.800000190734863,0.36000001430511475,7.130000114440918
2025-04-30,197.73146057128906,47.869998931884766,7.510190010070801,544.0317993164062,264.7368469238281,3.299999952316284,73.76834106445312,4.285725116729736,11.5,49.435142517089844,17.95311737060547,0.4699999988079071,44.37109375,112.90687561035156,44.724876403808594,13.239999771118164,27.5,2.5999999046325684,0.008999999612569809,7.0,16.469999313354492,53.53657150268555,22.5,2.5199999809265137,16.494808197021484,5.71999979019165,24.0,12.012810707092285,1.3899999856948853,0.6389999985694885,21.5,485.642578125,134.76348876953125,7.5,10.350000381469727,40.04999923706055,0.2590000033378601,176.0,176.69334411621094,1.6305999755859375,3.390000104904175,39.0,14.199999809265137,0.18000000715255737,0.800000011920929,0.29499998688697815,388.0559997558594,32.049598693847656,1230.79638671875,1.962746024131775,58.6468505859375,124.25128173828125,7.800000190734863,22.30484390258789,224.87350463867188,163.11581420898438,151.8365020751953,97.94210815429688,112.6500015258789,0.0010000000474974513,37.5541877746582,41.40562438964844,3.390000104904175,10.390000343322754,392.989990234375,5.0,4.0,177.89999389648438,0.6489999890327454,12.0,883.0,0.05900000035762787,9.920000076293945,3.1991214752197266,39.3003044128418,25.267356872558594,1.7000000476837158,10.641523361206055,350.0,383.0357360839844,32.188995361328125,2.619999885559082,366.9097595214844,3.8499999046325684,84.44309997558594,21.96084976196289,95.65864562988281,2.859999895095825,216.7416534423828,6.166100025177002,126.20333862304688,15.780126571655273,6.819615364074707,95.0,6.889999866485596,11.779216766357422,43.536048889160156,13.0,42.04341125488281,55.0,32.0,0.3540000021457672,18.379287719726562,27.84307098388672,158.95867919921875,27.557416915893555,117.05000305175781,4.71999979019165,0.9300000071525574,32.6638298034668,35.78301239013672,34.075721740722656,205.7363739013672,5.989999771118164,206.52056884765625,13.5600004196167,25.631959915161133,6.800000190734863,0.36000001430511475,7.320000171661377
2025-05-02,197.71231079101562,47.400001525878906,7.513909816741943,540.7989501953125,269.575439453125,3.299999952316284,73.76834106445312,4.302062511444092,11.300000190734863,49.11152267456055,17.95311737060547,0.4699999988079071,44.640968322753906,112.90687561035156,46.78765869140625,13.470000267028809,27.5,2.5999999046325684,0.008999999612569809,6.949999809265137,16.700000762939453,53.87604904174805,22.5,2.5199999809265137,16.39760971069336,5.71999979019165,24.0,11.993002891540527,1.440000057220459,0.6200000047683716,21.5,482.7287292480469,133.3998565673828,7.5,10.350000381469727,40.04999923706055,0.2590000033378601,176.0,176.21551513671875,1.6305999755859375,3.369999885559082,39.0,14.199999809265137,0.18000000715255737,0.800000011920929,0.23999999463558197,388.0559997558594,32.049598693847656,1230.79638671875,1.9432162046432495,57.221717834472656,124.6632308959961,7.800000190734863,22.77711296081543,230.37042236328125,166.3726043701172,157.11334228515625,97.31649017333984,112.6500015258789,0.0010000000474974513,37.5541877746582,41.40562438964844,3.2899999618530273,10.390000343322754,387.760009765625,5.0,4.0,177.99000549316406,0.6489999890327454,12.0,865.9500122070312,0.05900000035762787,10.350000381469727,3.1419944763183594,40.00413513183594,25.267356872558594,1.7000000476837158,10.641523361206055,352.010009765625,389.4071044921875,33.168128967285156,2.5999999046325684,365.5448303222656,3.8499999046325684,84.44309997558594,22.39202117919922,95.65864562988281,2.880000114440918,214.3019256591797,6.166100025177002,132.7102508544922,17.904937744140625,6.638140678405762,95.0,6.800000190734863,12.158251762390137,42.68453598022461,13.0,43.731937408447266,55.0,32.0,0.3540000021457672,18.379287719726562,27.84307098388672,158.95867919921875,27.557416915893555,117.05000305175781,5.0,0.9300000071525574,32.95732879638672,37.19639587402344,34.075721740722656,205.90798950195312,6.059999942779541,209.41444396972656,13.5600004196167,26.607946395874023,6.659999847412109,0.35499998927116394,7.800000190734863
2025-05-05,199.43563842773438,47.220001220703125,7.517930030822754,556.6734619140625,278.2450256347656,3.299999952316284,73.76834106445312,4.302062511444092,11.210000038146973,49.307655334472656,17.95311737060547,0.4699999988079071,45.304561614990234,112.90687561035156,46.03755187988281,13.59000015258789,27.5,2.5999999046325684,0.008999999612569809,6.949999809265137,17.549999237060547,53.75623321533203,22.5,2.5199999809265137,16.280969619750977,5.599999904632568,24.0,11.913776397705078,1.409999966621399,0.6299999952316284,21.5,473.9871520996094,129.5164337158203,7.5,10.350000381469727,40.04999923706055,0.2590000033378601,185.0,175.30764770507812,1.6305999755859375,3.319999933242798,39.0,14.199999809265137,0.18000000715255737,0.800000011920929,0.2240000069141388,388.0559997558594,32.049598693847656,1230.79638671875,1.9334512948989868,57.35931396484375,125.46751403808594,7.800000190734863,23.14115333557129,230.37042236328125,167.6297607421875,155.62533569335938,98.23084259033203,112.6500015258789,0.0010000000474974513,37.5541877746582,41.40562438964844,3.200000047683716,10.390000343322754,396.489990234375,5.0,4.0,177.1999969482422,0.6489999890327454,12.0,841.9000244140625,0.05900000035762787,10.329999923706055,3.103909730911255,39.994625091552734,25.267356872558594,1.7000000476837158,10.641523361206055,350.0,389.4071044921875,32.89509582519531,2.6500000953674316,363.6202087402344,3.8499999046325684,84.44309997558594,20.811065673828125,95.65864562988281,2.9600000381469727,216.03048706054688,6.166100025177002,130.6236572265625,16.78404998779297,6.485320568084717,95.0,6.650000095367432,12.090218544006348,43.526145935058594,13.0,42.79386901855469,55.0,32.0,0.3540000021457672,18.379287719726562,27.84307098388672,158.95867919921875,27.557416915893555,117.05000305175781,4.940000057220459,0.9300000071525574,32.767974853515625,37.284122467041016,35.23410415649414,205.48849487304688,6.010000228881836,206.27308654785156,13.5600004196167,26.607946395874023,6.599999904632568,0.37700000405311584,8.300000190734863
2025-05-06,202.08763122558594,47.5,7.520969867706299,559.5637817382812,275.9504699707031,3.25,76.08810424804688,4.302062511444092,11.210000038146973,51.6318244934082,16.756242752075195,0.4699999988079071,46.25489044189453,112.90687561035156,47.91280746459961,13.75,27.5,2.5999999046325684,0.008999999612569809,6.900000095367432,18.139999389648438,54.37527084350586,22.5,2.5199999809265137,16.39760971069336,5.739999771118164,24.0,12.082134246826172,1.409999966621399,0.6079999804496765,21.5,475.9297180175781,134.89193725585938,7.5,10.350000381469727,40.04999923706055,0.2590000033378601,185.0,177.96437072753906,1.6305999755859375,3.380000114440918,39.0,14.199999809265137,0.18000000715255737,0.800000011920929,0.23000000417232513,388.0559997558594,32.049598693847656,1231.7962646484375,1.9334512948989868,59.492103576660156,132.73545837402344,7.800000190734863,24.26279067993164,230.37042236328125,167.65945434570312,163.06532287597656,101.90752410888672,112.6500015258789,0.0010000000474974513,37.5541877746582,41.40562438964844,3.359999895095825,10.390000343322754,420.0,5.0,4.0,177.0,0.6489999890327454,12.0,860.010009765625,0.05900000035762787,10.520000457763672,3.1419944763183594,42.191715240478516,25.267356872558594,1.7000000476837158,10.641523361206055,354.94000244140625,395.2387390136719,34.35438537597656,2.700000047683716,365.2207946777344,3.8499999046325684,84.44309997558594,20.897300720214844,95.65864562988281,3.069999933242798,217.20590209960938,6.166100025177002,135.419189453125,18.645694732666016,6.810064315795898,95.0,6.599999904632568,12.29431438446045,44.7440071105957,13.0,44.169700622558594,55.0,32.0,0.3540000021457672,18.379287719726562,27.84307098388672,158.95867919921875,27.557416915893555,117.05000305175781,4.960000038146973,0.9300000071525574,33.6106071472168,38.82422637939453,35.23410415649414,214.66029357910156,6.03000020980835,219.24786376953125,13.5600004196167,27.100868225097656,6.599999904632568,0.3779999911785126,8.210000038146973
2025-05-07,204.6055908203125,46.18000030517578,7.5271100997924805,571.2302856445312,277.34716796875,3.25,76.08810424804688,4.43275785446167,11.300000190734863,52.63209533691406,16.157806396484375,0.4699999988079071,46.287662506103516,112.90687561035156,48.23160171508789,13.699999809265137,27.5,2.5999999046325684,0.008999999612569809,6.900000095367432,18.639999389648438,54.564971923828125,22.5,2.5199999809265137,16.349008560180664,6.449999809265137,24.0,12.507980346679688,1.409999966621399,0.6370000243186951,21.5,474.95843505859375,136.40380859375,7.5,10.350000381469727,40.04999923706055,0.2590000033378601,182.5,177.3049774169922,1.6305999755859375,3.380000114440918,39.0,14.199999809265137,0.18000000715255737,0.800000011920929,0.28999999165534973,388.0559997558594,32.049598693847656,1282.859619140625,1.9725109338760376,59.27587890625,137.61016845703125,7.800000190734863,24.90999984741211,249.8594512939453,171.1934051513672,162.09573364257812,99.10670471191406,112.6500015258789,0.0010000000474974513,37.5541877746582,41.40562438964844,3.309999942779541,10.390000343322754,422.989990234375,5.0,4.0,177.89999389648438,0.6489999890327454,12.0,861.010009765625,0.05900000035762787,10.270000457763672,3.1419944763183594,41.08841323852539,25.267356872558594,1.7000000476837158,10.641523361206055,356.1600036621094,420.0785217285156,36.218505859375,2.680000066757202,365.27972412109375,3.8499999046325684,84.44309997558594,19.967891693115234,95.65864562988281,3.0999999046325684,214.99334716796875,6.166100025177002,137.27700805664062,19.610633850097656,6.829166889190674,95.0,6.550000190734863,12.245720863342285,44.53607940673828,13.0,45.304317474365234,55.0,32.0,0.3540000021457672,18.379287719726562,27.84307098388672,158.95867919921875,27.557416915893555,117.05000305175781,4.840000152587891,0.9300000071525574,33.07094192504883,39.77947998046875,35.23410415649414,225.23361206054688,6.03000020980835,223.2649688720703,13.5600004196167,27.58393096923828,6.599999904632568,0.36800000071525574,8.130000114440918
2025-05-08,199.99093627929688,46.40999984741211,7.531700134277344,561.29443359375,279.38238525390625,3.25,76.08810424804688,4.43275785446167,11.300000190734863,50.709999084472656,16.45702362060547,0.4699999988079071,46.091041564941406,112.90687561035156,48.2503547668457,13.75,27.5,2.5999999046325684,0.008999999612569809,6.599999904632568,18.649999618530273,54.01582336425781,22.5,2.5199999809265137,16.018529891967773,7.0,24.0,12.468366622924805,1.3600000143051147,0.6380000114440918,21.5,473.9871520996094,130.62315368652344,7.5,10.350000381469727,40.04999923706055,0.2590000033378601,182.38999938964844,172.97579956054688,1.6305999755859375,3.380000114440918,39.0,14.199999809265137,0.18000000715255737,0.800000011920929,0.3799999952316284,388.0559997558594,32.049598693847656,1282.859619140625,1.9432162046432495,58.82376480102539,133.99090576171875,7.800000190734863,25.049999237060547,249.8594512939453,172.59906005859375,155.99014282226562,98.55809783935547,112.6500015258789,0.0010000000474974513,37.5541877746582,41.40562438964844,3.380000114440918,10.390000343322754,415.8999938964844,5.0,4.0,177.7899932861328,0.6489999890327454,12.0,906.5399780273438,0.05900000035762787,10.09000015258789,3.1419944763183594,39.88999938964844,25.267356872558594,1.6799999475479126,10.641523361206055,363.0,410.6226501464844,35.39942169189453,2.680000066757202,362.049072265625,3.799999952316284,84.44309997558594,20.207429885864258,95.65864562988281,3.069999933242798,214.93409729003906,6.166100025177002,133.60714721679688,19.113544464111328,6.829166889190674,95.0,6.519999980926514,12.245720863342285,43.773677825927734,13.0,44.482391357421875,55.0,32.0,0.3540000021457672,18.379287719726562,27.84307098388672,158.95867919921875,27.557416915893555,117.05000305175781,4.809999942779541,0.9300000071525574,33.279232025146484,40.812713623046875,34.992774963378906,223.6890869140625,6.03000020980835,211.0775146484375,13.5600004196167,27.58393096923828,6.599999904632568,0.3790000081062317,8.020000457763672
2025-05-09,200.1536865234375,47.650001525878906,7.530300140380859,553.6427001953125,281.2180480957031,3.25,76.08810424804688,8.390000343322754,11.300000190734863,50.04999923706055,16.45702362060547,0.4699999988079071,46.017311096191406,112.90687561035156,50.13499069213867,13.449999809265137,27.0,2.5999999046325684,0.008999999612569809,6.599999904632568,18.90999984741211,54.18556213378906,22.5,2.5199999809265137,16.135169982910156,7.179999828338623,24.0,12.329718589782715,1.5499999523162842,0.6370000243186951,21.5,473.99688720703125,129.25950622558594,7.5,10.350000381469727,40.04999923706055,0.2590000033378601,182.49000549316406,172.9853515625,1.6305999755859375,3.359999895095825,39.0,14.199999809265137,0.18000000715255737,0.800000011920929,0.30000001192092896,388.0559997558594,32.049598693847656,1301.8270263671875,1.9529811143875122,57.76228332519531,133.2945098876953,7.800000190734863,25.280000686645508,249.8594512939453,173.23260498046875,155.97093200683594,97.64373779296875,112.6500015258789,0.0010000000474974513,37.5541877746582,41.40562438964844,3.380000114440918,10.390000343322754,420.70001220703125,5.0,4.0,177.7899932861328,0.6489999890327454,12.0,935.0900268554688,0.05900000035762787,10.4399995803833,3.1229519844055176,40.970001220703125,25.267356872558594,1.6799999475479126,10.641523361206055,364.5,406.77667236328125,34.8627815246582,2.5,363.33544921875,3.8499999046325684,84.44309997558594,20.485294342041016,95.65864562988281,3.0299999713897705,215.9415740966797,6.166100025177002,136.59320068359375,19.34746742248535,6.8578200340271,95.0,6.480000019073486,12.197126388549805,45.98167037963867,13.0,45.29225540161133,55.0,32.0,0.3540000021457672,18.040721893310547,27.84307098388672,158.95867919921875,27.755672454833984,117.05000305175781,4.71999979019165,0.9300000071525574,32.82477951049805,40.67095184326172,34.992774963378906,221.11488342285156,6.050000190734863,216.31044006347656,13.5600004196167,27.58393096923828,6.599999904632568,0.38100001215934753,7.880000114440918
2025-05-12,201.57061767578125,48.29999923706055,7.536220073699951,565.3003540039062,283.3230895996094,3.2799999713897705,76.08810424804688,8.390000343322754,11.0,50.0,15.908456802368164,0.4699999988079071,46.27947235107422,112.90687561035156,50.43503189086914,13.260000228881836,27.0,2.5999999046325684,0.008999999612569809,6.5,19.290000915527344,54.285404205322266,22.5,2.5199999809265137,16.135169982910156,6.909999847412109,24.0,12.78527545928955,1.6200000047683716,0.6380000114440918,21.5,481.7574462890625,125.63301086425781,7.5,10.350000381469727,40.04999923706055,0.2590000033378601,181.47999572753906,170.87332153320312,1.6305999755859375,3.359999895095825,39.0,14.199999809265137,0.18000000715255737,0.800000011920929,0.3149999976158142,388.0559997558594,32.049598693847656,1301.8270263671875,1.962746024131775,57.31999969482422,133.5397186279297,7.800000190734863,25.399999618530273,249.8594512939453,178.08999633789062,157.65093994140625,100.57930755615234,112.6500015258789,0.0010000000474974513,37.5541877746582,39.944252014160156,3.2100000381469727,10.390000343322754,387.5,5.0,4.0,177.77999877929688,0.6489999890327454,12.0,978.7000122070312,0.05900000035762787,10.630000114440918,3.1419944763183594,40.290000915527344,25.267356872558594,1.6799999475479126,10.641523361206055,363.6499938964844,406.6224365234375,34.891029357910156,2.6500000953674316,346.6322326660156,3.8499999046325684,84.44309997558594,20.5715274810791,95.65864562988281,3.0899999141693115,215.3588104248047,6.166100025177002,139.10678100585938,18.470252990722656,6.867371559143066,95.0,6.349999904632568,12.14853286743164,45.654930114746094,13.0,45.37645721435547,55.0,32.0,0.3540000021457672,17.992355346679688,27.84307098388672,158.95867919921875,27.755672454833984,117.05000305175781,4.610000133514404,0.9300000071525574,32.531280517578125,40.454307556152344,36.19942092895508,224.25161743164062,6.050000190734863,213.50917053222656,13.5600004196167,27.288179397583008,6.599999904632568,0.36000001430511475,8.180000305175781
2025-05-13,202.00146484375,47.63999938964844,7.535580158233643,575.2275390625,286.3160400390625,3.200000047683716,78.87181091308594,8.390000343322754,11.300000190734863,51.7599983215332,16.157806396484375,0.4699999988079071,46.58259582519531,112.90687561035156,49.06609344482422,13.390000343322754,27.0,2.5999999046325684,0.008999999612569809,6.5,20.290000915527344,53.65638732910156,22.5,2.5199999809265137,16.280969619750977,6.949999809265137,24.0,13.072473526000977,1.5700000524520874,0.6309999823570251,21.5,474.1814270019531,128.5974578857422,7.5,10.350000381469727,40.04999923706055,0.2590000033378601,181.89999389648438,169.86988830566406,1.6305999755859375,3.259999990463257,39.0,14.199999809265137,0.18000000715255737,0.800000011920929,0.33899998664855957,388.0559997558594,32.049598693847656,1269.831298828125,1.962746024131775,58.15999984741211,137.3061065673828,7.800000190734863,24.860000610351562,249.8594512939453,176.8000030517578,162.63333129882812,99.71307373046875,112.6500015258789,0.0010000000474974513,37.5541877746582,39.944252014160156,3.390000104904175,10.390000343322754,401.2300109863281,5.0,4.0,177.0,0.6489999890327454,12.0,994.0499877929688,0.05900000035762787,10.649999618530273,3.1229519844055176,39.9900016784668,25.2128849029541,1.6799999475479126,10.641523361206055,364.57000732421875,400.0293273925781,35.766597747802734,2.5399999618530273,348.58636474609375,3.8499999046325684,84.44309997558594,20.734413146972656,95.65864562988281,3.180000066757202,214.3908233642578,6.166100025177002,143.03778076171875,18.30455780029297,6.934230804443359,95.0,6.150000095367432,12.14853286743164,45.654930114746094,13.0,46.05009078979492,55.0,32.0,0.3540000021457672,17.992355346679688,27.84307098388672,158.95867919921875,27.755672454833984,117.05000305175781,4.599999904632568,0.9300000071525574,33.25082778930664,41.53755187988281,38.61271667480469,230.04832458496094,6.050000190734863,213.07147216796875,13.5600004196167,26.96285057067871,6.400000095367432,0.38999998569488525,8.380000114440918
2025-05-14,197.9229278564453,47.43000030517578,7.534239768981934,585.6641845703125,290.80548095703125,3.299999952316284,78.87181091308594,8.390000343322754,11.5,51.61000061035156,16.307415008544922,0.4699999988079071,45.80430221557617,112.90687561035156,50.397525787353516,13.25,27.0,2.5999999046325684,0.008999999612569809,6.400000095367432,19.8700008392334,53.53657150268555,22.5,2.5199999809265137,16.3781681060791,7.139999866485596,24.0,13.181410789489746,1.4900000095367432,0.6359999775886536,21.5,485.642578125,125.3958511352539,7.5,10.350000381469727,40.04999923706055,0.2590000033378601,181.89999389648438,167.37559509277344,1.6305999755859375,3.25,39.0,14.199999809265137,0.18000000715255737,0.800000011920929,0.3199999928474426,388.0559997558594,31.078399658203125,1269.831298828125,1.962746024131775,57.63999938964844,136.9530029296875,7.800000190734863,24.6299991607666,249.8594512939453,174.33999633789062,164.08291625976562,99.78044891357422,120.0,0.0010000000474974513,37.5541877746582,38.87257766723633,3.25,10.390000343322754,395.25,5.0,4.0,177.0,0.6489999890327454,12.0,971.4500122070312,0.05900000035762787,10.739999771118164,3.1134307384490967,39.599998474121094,25.2128849029541,1.6799999475479126,10.641523361206055,363.010009765625,408.8876037597656,35.93606185913086,2.5399999618530273,349.1559143066406,3.8499999046325684,84.44309997558594,20.676925659179688,95.65864562988281,3.240000009536743,212.9684600830078,6.166100025177002,138.90834045410156,17.80746841430664,7.325833320617676,95.0,6.099999904632568,12.39150333404541,46.05097961425781,13.0,46.47110366821289,55.0,32.0,0.3540000021457672,17.992355346679688,27.84307098388672,158.95867919921875,27.755672454833984,117.05000305175781,4.389999866485596,0.9300000071525574,33.21296310424805,41.084556579589844,40.54335021972656,230.5727081298828,6.050000190734863,213.79124450683594,13.5600004196167,26.96285057067871,6.769999980926514,0.3700000047683716,8.539999961853027
2025-05-15,196.31451416015625,47.029998779296875,7.53164005279541,590.7858276367188,294.3072509765625,3.200000047683716,77.94390869140625,8.390000343322754,12.0,50.93000030517578,16.357284545898438,0.4699999988079071,45.558528900146484,112.90687561035156,49.262996673583984,13.579999923706055,27.700000762939453,2.5999999046325684,0.008999999612569809,6.400000095367432,19.829999923706055,55.912872314453125,22.5,2.5199999809265137,16.426767349243164,7.110000133514404,24.0,13.270540237426758,1.4900000095367432,0.6729999780654907,21.5,488.5564270019531,125.58360290527344,7.5,10.350000381469727,40.04999923706055,0.2590000033378601,181.83999633789062,171.05490112304688,1.6305999755859375,3.25,39.0,14.199999809265137,0.18000000715255737,0.800000011920929,0.3199999928474426,338.8855895996094,31.078399658203125,1269.831298828125,2.070159912109375,57.5099983215332,134.96192932128906,7.800000190734863,24.850000381469727,249.8594512939453,182.07000732421875,167.0589141845703,100.77179718017578,120.0,0.0010000000474974513,37.5541877746582,38.87257766723633,3.25,10.390000343322754,397.010009765625,5.0,4.0,177.0,0.6489999890327454,12.0,956.0,0.05900000035762787,10.819999694824219,3.1324732303619385,39.81999969482422,25.2128849029541,1.6799999475479126,10.641523361206055,367.79998779296875,419.827880859375,36.801025390625,2.5399999618530273,350.56011962890625,3.8499999046325684,84.44309997558594,20.446969985961914,98.08653259277344,3.2100000381469727,211.3485565185547,6.166100025177002,139.28631591796875,17.924428939819336,7.60282039642334,95.0,6.099999904632568,12.5858793258667,47.24903869628906,13.0,46.76114273071289,55.0,32.0,0.3540000021457672,17.992355346679688,27.84307098388672,158.95867919921875,28.15218162536621,117.05000305175781,4.340000152587891,0.9300000071525574,32.98573303222656,41.104251861572266,41.508670806884766,231.64053344726562,6.039999961853027,215.62957763671875,13.5600004196167,27.68251609802246,6.769999980926514,0.38100001215934753,8.529999732971191
2025-05-16,198.1622772216797,47.529998779296875,7.5428900718688965,594.0890502929688,290.5061950683594,3.2899999618530273,77.94390869140625,8.390000343322754,12.199999809265137,50.849998474121094,16.666475296020508,0.4699999988079071,45.47660446166992,112.90687561035156,49.22549057006836,13.729999542236328,27.700000762939453,2.5999999046325684,0.008999999612569809,6.400000095367432,20.110000610351562,56.6417350769043,22.5,2.5199999809265137,16.319849014282227,6.920000076293945,24.0,13.230927467346191,1.5499999523162842,0.7070000171661377,21.5,500.376953125,124.79308319091797,7.5,10.100000381469727,40.04999923706055,0.2590000033378601,180.0,172.23037719726562,1.6305999755859375,3.2699999809265137,39.0,14.199999809265137,0.18000000715255737,0.800000011920929,0.3310000002384186,338.8855895996094,31.078399658203125,1269.831298828125,2.2068686485290527,57.5,136.9530029296875,7.800000190734863,25.0,249.8594512939453,177.39999389648438,167.04931640625,100.33868408203125,120.0,0.0010000000474974513,37.5541877746582,38.87257766723633,3.190000057220459,10.390000343322754,397.7699890136719,5.0,4.0,177.0,0.6489999890327454,12.0,957.989990234375,0.05900000035762787,10.729999542236328,3.1324732303619385,40.209999084472656,25.2128849029541,1.6799999475479126,10.641523361206055,367.0,415.4517822265625,36.387962341308594,2.5399999618530273,353.437255859375,3.8499999046325684,84.44309997558594,20.86855697631836,98.08653259277344,3.2100000381469727,212.54373168945312,6.166100025177002,146.50576782226562,18.811391830444336,7.60282039642334,95.0,6.300000190734863,12.692787170410156,48.07084655761719,13.0,48.17389678955078,55.0,32.0,0.3540000021457672,17.992355346679688,27.84307098388672,158.95867919921875,28.15218162536621,117.05000305175781,4.25,0.9300000071525574,33.02360534667969,41.350440979003906,41.75,231.5928497314453,6.039999961853027,212.18634033203125,13.5600004196167,27.68251609802246,6.769999980926514,0.3700000047683716,8.5600004196167
2025-05-19,199.78985595703125,48.279998779296875,7.548610210418701,589.582275390625,292.3119201660156,3.2899999618530273,77.94390869140625,8.390000343322754,12.399999618530273,52.119998931884766,16.666475296020508,0.4699999988079071,45.86984634399414,112.90687561035156,49.966217041015625,13.539999961853027,27.700000762939453,2.5999999046325684,0.008999999612569809,6.400000095367432,20.0,56.84142303466797,22.5,2.5199999809265137,16.280969619750977,7.039999961853027,24.0,13.260637283325195,1.6200000047683716,0.7300000190734863,21.5,500.36724853515625,126.8879623413086,7.5,10.100000381469727,40.04999923706055,0.2590000033378601,181.5,172.38328552246094,1.6305999755859375,3.240000009536743,39.0,14.199999809265137,0.18000000715255737,0.800000011920929,0.33899998664855957,338.8855895996094,31.078399658203125,1269.831298828125,2.2752230167388916,58.209999084472656,137.708251953125,7.800000190734863,24.729999542236328,249.8594512939453,178.00999450683594,169.92930603027344,100.4830551147461,120.0,0.0010000000474974513,37.5541877746582,38.87257766723633,3.0799999237060547,10.390000343322754,399.3900146484375,5.0,4.0,174.3300018310547,0.6489999890327454,12.0,967.030029296875,0.05900000035762787,10.779999732971191,3.1419944763183594,42.779998779296875,25.2128849029541,1.6799999475479126,10.35648250579834,363.010009765625,427.1246643066406,38.117061614990234,2.509999990463257,355.63690185546875,3.8499999046325684,84.44309997558594,20.686508178710938,98.08653259277344,3.1600000858306885,212.95858764648438,6.166100025177002,149.95484924316406,20.95569610595703,7.660128593444824,95.0,6.300000190734863,13.188446998596191,47.64508819580078,13.0,48.744606018066406,55.0,32.0,0.3540000021457672,17.89562225341797,27.84307098388672,158.95867919921875,28.15218162536621,117.05000305175781,4.150000095367432,0.9300000071525574,33.12774658203125,41.547401428222656,42.5,231.79307556152344,6.039999961853027,213.1298370361328,13.5600004196167,27.68251609802246,6.639999866485596,0.4000000059604645,8.15999984741211
2025-05-20,199.866455078125,48.18000030517578,7.549739837646484,577.2919921875,297.3002014160156,3.2899999618530273,77.94390869140625,8.390000343322754,12.399999618530273,50.56999969482422,16.45702362060547,0.4699999988079071,45.78791809082031,112.90687561035156,50.209999084472656,13.350000381469727,27.700000762939453,2.5999999046325684,0.008999999612569809,6.349999904632568,19.75,57.00117492675781,22.5,2.5199999809265137,16.446208953857422,7.070000171661377,24.0,13.448801040649414,1.4900000095367432,0.7289999723434448,21.5,498.269287109375,123.75553131103516,7.5,10.100000381469727,40.04999923706055,0.2590000033378601,181.39999389648438,171.46585083007812,1.6305999755859375,3.240000009536743,39.0,14.199999809265137,0.18000000715255737,0.800000011920929,0.3330000042915344,339.4451599121094,31.068687438964844,1269.831298828125,2.265458106994629,55.40999984741211,136.7666473388672,7.800000190734863,24.309999465942383,248.86001586914062,179.10000610351562,165.60931396484375,100.01144409179688,120.0,0.0010000000474974513,37.5541877746582,38.87257766723633,3.059999942779541,10.390000343322754,410.989990234375,5.0,4.0,176.1999969482422,0.6489999890327454,12.0,968.010009765625,0.05900000035762787,10.760000228881836,3.161036729812622,42.45000076293945,25.2128849029541,1.6799999475479126,10.35648250579834,364.989990234375,423.63531494140625,37.19487762451172,2.5,363.10955810546875,3.8499999046325684,84.44309997558594,20.351152420043945,98.08653259277344,3.109999895095825,212.34617614746094,6.166100025177002,145.44741821289062,20.926454544067383,7.707884311676025,95.0,6.400000095367432,13.314791679382324,46.86288833618164,13.0,47.25700759887695,55.0,32.0,0.3540000021457672,17.89562225341797,27.84307098388672,158.95867919921875,28.15218162536621,117.05000305175781,4.179999828338623,0.9300000071525574,33.45912170410156,41.389835357666016,41.0,231.5928497314453,6.039999961853027,212.15716552734375,13.5600004196167,27.68251609802246,6.639999866485596,0.3880000114440918,8.300000190734863
2025-05-21,197.89422607421875,47.439998626708984,7.552279949188232,586.84130859375,294.3072509765625,3.2899999618530273,77.94390869140625,8.5,12.5,50.27000045776367,16.466999053955078,0.4699999988079071,45.63226318359375,112.90687561035156,50.68000030517578,13.25,27.700000762939453,2.5999999046325684,0.008999999612569809,6.349999904632568,19.5,57.52036666870117,22.5,2.5199999809265137,16.523967742919922,7.059999942779541,24.0,13.448801040649414,1.7000000476837158,0.7080000042915344,21.5,498.269287109375,122.73773956298828,7.5,10.100000381469727,40.04999923706055,0.2590000033378601,181.39999389648438,176.79847717285156,1.6305999755859375,3.3499999046325684,39.0,14.199999809265137,0.18000000715255737,0.800000011920929,0.3100000023841858,339.4451599121094,31.02984046936035,1269.831298828125,2.2166335582733154,55.689998626708984,137.49244689941406,7.800000190734863,24.200000762939453,248.86001586914062,176.52999877929688,164.15013122558594,101.71502685546875,120.0,0.0010000000474974513,37.5541877746582,38.87257766723633,3.1600000858306885,10.390000343322754,422.67999267578125,5.0,4.0,176.0,0.6489999890327454,12.0,960.0,0.05900000035762787,11.0,3.2086427211761475,43.290000915527344,25.2128849029541,1.6799999475479126,10.35648250579834,367.0,424.44500732421875,36.6473274230957,2.5,364.32720947265625,3.8499999046325684,84.44309997558594,20.19784927368164,98.08653259277344,3.140000104904175,211.24977111816406,6.166100025177002,142.8582305908203,20.078481674194336,7.660128593444824,97.0,6.389999866485596,13.295354843139648,47.041107177734375,13.0,47.59382629394531,55.0,32.0,0.3540000021457672,17.89562225341797,27.84307098388672,158.95867919921875,28.15218162536621,117.05000305175781,4.130000114440918,0.9300000071525574,33.004669189453125,41.39968490600586,42.0,231.7644805908203,6.039999961853027,213.8787841796875,14.220000267028809,27.603649139404297,6.639999866485596,0.38999998569488525,8.3100004196167
2025-05-22,198.42079162597656,48.29999923706055,7.5527801513671875,576.4486083984375,297.3002014160156,3.2899999618530273,77.94390869140625,8.5,12.5,49.75,16.407154083251953,0.4699999988079071,45.4438362121582,112.90687561035156,49.38999938964844,13.25,27.700000762939453,2.5999999046325684,0.008999999612569809,6.349999904632568,19.440000534057617,56.27231216430664,22.5,2.5199999809265137,16.36844825744629,6.78000020980835,24.0,13.409188270568848,1.6399999856948853,0.718999981880188,21.5,498.269287109375,123.75553131103516,7.5,10.100000381469727,40.04999923706055,0.2590000033378601,178.9499969482422,172.6699676513672,1.6305999755859375,3.359999895095825,39.0,14.199999809265137,0.18000000715255737,0.800000011920929,0.32499998807907104,339.4451599121094,31.02984046936035,1269.831298828125,2.236163377761841,55.459999084472656,136.34487915039062,7.800000190734863,24.25,248.86001586914062,175.52000427246094,164.48611450195312,99.93444061279297,120.0,0.0010000000474974513,37.5541877746582,38.87257766723633,3.1500000953674316,10.390000343322754,402.989990234375,5.0,4.0,176.0,0.6489999890327454,12.0,945.0999755859375,0.05900000035762787,11.0600004196167,3.1896002292633057,42.9900016784668,25.2128849029541,1.6799999475479126,10.35648250579834,369.70001220703125,421.1580810546875,36.676143646240234,2.509999990463257,357.0410461425781,3.9000000953674316,84.44309997558594,20.18826675415039,99.83613586425781,3.1600000858306885,213.09686279296875,6.166100025177002,144.4457550048828,20.721771240234375,7.631474018096924,97.0,6.349999904632568,13.023226737976074,45.833152770996094,13.0,47.68738555908203,55.0,32.0,0.3540000021457672,17.89562225341797,27.84307098388672,158.95867919921875,28.15218162536621,117.05000305175781,4.050000190734863,0.9300000071525574,32.52180862426758,41.104251861572266,42.0,230.21994018554688,6.039999961853027,201.64268493652344,14.220000267028809,27.110727310180664,6.639999866485596,0.3700000047683716,8.34000015258789
2025-05-23,203.43756103515625,48.220001220703125,7.5561699867248535,586.8325805664062,288.3213195800781,3.2899999618530273,77.94390869140625,8.5,12.5,51.099998474121094,16.20767593383789,0.4699999988079071,45.09975051879883,112.90687561035156,47.61000061035156,13.470000267028809,27.700000762939453,2.5999999046325684,0.008999999612569809,6.349999904632568,19.06999969482422,56.432064056396484,22.5,2.5199999809265137,16.349008560180664,6.820000171661377,24.0,13.666677474975586,1.7999999523162842,0.7300000190734863,21.5,499.71649169921875,127.79705810546875,7.5,10.100000381469727,40.04999923706055,0.2590000033378601,180.0,174.97314453125,1.6305999755859375,3.380000114440918,39.0,14.199999809265137,0.18000000715255737,0.800000011920929,0.32199999690055847,339.4451599121094,31.02984046936035,1269.831298828125,2.324047565460205,56.0,136.51162719726562,7.800000190734863,23.989999771118164,248.86001586914062,179.27000427246094,166.5501251220703,101.6380386352539,120.0,0.0010000000474974513,37.5541877746582,38.87257766723633,3.1700000762939453,10.390000343322754,404.9800109863281,5.0,4.0,172.00999450683594,0.6489999890327454,12.0,957.8200073242188,0.05900000035762787,11.09000015258789,3.1419944763183594,42.97999954223633,25.2128849029541,1.6799999475479126,10.35648250579834,369.42999267578125,429.8236083984375,36.32072067260742,2.5,358.5238037109375,3.9000000953674316,84.44309997558594,20.351152420043945,99.83613586425781,3.1700000762939453,216.4552001953125,6.166100025177002,145.40016174316406,20.370885848999023,7.5168585777282715,97.0,6.349999904632568,12.673349380493164,46.27871322631836,13.0,47.72480773925781,55.0,32.0,0.3540000021457672,17.89562225341797,27.84307098388672,158.95867919921875,28.15218162536621,117.05000305175781,4.0,0.9300000071525574,32.341922760009766,40.572479248046875,42.0,228.73294067382812,6.039999961853027,206.90480041503906,15.5,26.952991485595703,6.599999904632568,0.3799999952316284,8.569999694824219
2025-05-26,204.52899169921875,47.95000076293945,7.559840202331543,595.62646484375,294.3072509765625,3.2899999618530273,77.94390869140625,8.5,13.0,50.0099983215332,16.20767593383789,0.4699999988079071,45.41925811767578,112.90687561035156,47.849998474121094,13.260000228881836,27.700000762939453,2.5999999046325684,0.008999999612569809,6.400000095367432,18.610000610351562,56.97122573852539,22.5,2.5199999809265137,16.39760971069336,6.869999885559082,24.0,13.854841232299805,1.75,0.7400000095367432,21.5,509.9247131347656,128.40969848632812,7.5,10.100000381469727,40.04999923706055,0.2590000033378601,180.0,173.87413024902344,1.6305999755859375,3.380000114440918,39.0,14.199999809265137,0.18000000715255737,0.800000011920929,0.32499998807907104,339.4451599121094,31.078399658203125,1269.831298828125,2.3435773849487305,55.97999954223633,137.11973571777344,7.800000190734863,24.68000030517578,248.86001586914062,180.75999450683594,165.9645233154297,102.22215270996094,120.0,0.0010000000474974513,37.5541877746582,38.87257766723633,3.059999942779541,10.390000343322754,407.0,5.0,4.0,176.75,0.6489999890327454,12.0,965.0,0.05900000035762787,11.3100004196167,3.170557975769043,42.540000915527344,25.2128849029541,1.6799999475479126,10.35648250579834,367.20001220703125,443.1543273925781,36.04214096069336,2.430000066757202,358.6318359375,3.9000000953674316,84.44309997558594,20.360734939575195,99.83613586425781,3.1600000858306885,219.93209838867188,6.166100025177002,144.81430053710938,20.039493560791016,7.574166297912598,97.0,6.289999961853027,12.780255317687988,47.5064697265625,13.0,47.4254150390625,55.0,30.450000762939453,0.3540000021457672,17.89562225341797,27.84307098388672,158.95867919921875,28.15218162536621,117.05000305175781,3.9800000190734863,0.9300000071525574,32.29458236694336,41.44892120361328,42.0,225.4413299560547,6.039999961853027,204.2591552734375,15.5,26.952991485595703,6.599999904632568,0.4000000059604645,8.609999656677246
2025-05-27,203.88754272460938,48.5,7.561389923095703,584.74169921875,294.8060607910156,3.2899999618530273,77.94390869140625,8.5,13.199999809265137,51.41999816894531,16.367258071899414,0.4699999988079071,44.796627044677734,108.3906021118164,48.70000076293945,13.350000381469727,27.700000762939453,2.5999999046325684,0.008999999612569809,6.420000076293945,18.700000762939453,56.29228210449219,22.5,2.5199999809265137,16.387889862060547,6.5,25.0,13.736001014709473,1.7599999904632568,0.7429999709129333,21.489999771118164,509.9247131347656,129.99073791503906,7.5,10.100000381469727,40.04999923706055,0.2590000033378601,180.0,176.36842346191406,1.6305999755859375,3.380000114440918,39.0,14.199999809265137,0.18000000715255737,0.800000011920929,0.3190000057220459,339.4451599121094,31.078399658203125,1269.831298828125,2.3435773849487305,55.470001220703125,137.80633544921875,7.800000190734863,23.899999618530273,248.86001586914062,186.8000030517578,168.3837127685547,103.2054443359375,120.0,0.0010000000474974513,37.5541877746582,38.87257766723633,3.0999999046325684,10.390000343322754,387.2200012207031,5.0,4.0,174.02000427246094,0.6489999890327454,12.0,930.9199829101562,0.05900000035762787,11.300000190734863,3.084867238998413,42.91999816894531,25.2128849029541,1.6799999475479126,10.35648250579834,368.05999755859375,423.20245361328125,36.50323486328125,2.559999942779541,359.9182434082031,3.9000000953674316,84.44309997558594,21.376375198364258,99.83613586425781,3.190000057220459,217.84793090820312,6.166100025177002,146.685302734375,19.55215072631836,7.46910285949707,97.0,6.0,12.5858793258667,48.041141510009766,13.0,47.67802810668945,55.0,30.450000762939453,0.3540000021457672,17.89562225341797,27.84307098388672,158.95867919921875,28.15218162536621,117.05000305175781,3.9600000381469727,0.9300000071525574,32.33245849609375,41.39968490600586,41.0,226.59388732910156,6.039999961853027,213.27574157714844,15.5,26.026296615600586,6.409999847412109,0.4000000059604645,8.859999656677246
2025-05-28,205.80233764648438,48.15999984741211,7.566180229187012,590.7923583984375,294.28729248046875,3.2899999618530273,78.40785217285156,8.5,13.199999809265137,51.150001525878906,16.70637321472168,0.4699999988079071,44.96866989135742,108.3906021118164,51.150001525878906,13.649999618530273,28.200000762939453,2.5999999046325684,0.008999999612569809,6.5,19.469999313354492,56.671688079833984,22.5,2.5199999809265137,16.358728408813477,6.449999809265137,25.0,13.636966705322266,1.8300000429153442,0.7400000095367432,21.489999771118164,514.7811279296875,128.40969848632812,7.5,10.100000381469727,42.0,0.2590000033378601,180.0,178.5855712890625,1.6305999755859375,3.6500000953674316,39.0,14.199999809265137,0.18000000715255737,0.800000011920929,0.3160000145435333,339.4451599121094,30.301441192626953,1269.831298828125,2.3142824172973633,55.09000015258789,139.5325927734375,7.800000190734863,23.43000030517578,248.86001586914062,184.00999450683594,169.3437042236328,104.40290069580078,120.0,0.0010000000474974513,37.5541877746582,38.862831115722656,3.069999933242798,10.390000343322754,390.010009765625,5.0,4.0,174.02000427246094,0.6489999890327454,12.0,964.010009765625,0.05900000035762787,11.40999984741211,3.084867238998413,43.849998474121094,25.2128849029541,1.6799999475479126,10.35648250579834,368.8399963378906,433.826416015625,37.01235580444336,2.6500000953674316,361.37152099609375,3.9000000953674316,85.43655395507812,20.887718200683594,99.83613586425781,3.1600000858306885,219.28016662597656,6.166100025177002,147.38458251953125,19.25,7.450000286102295,97.0,6.28000020980835,12.692787170410156,48.199562072753906,13.0,48.43586349487305,55.0,30.450000762939453,0.3540000021457672,17.89562225341797,27.84307098388672,158.95867919921875,28.172006607055664,117.05000305175781,4.130000114440918,0.9300000071525574,32.37979507446289,41.13379669189453,43.2599983215332,229.04550170898438,6.03000020980835,208.54859924316406,15.5,26.075590133666992,6.409999847412109,0.4000000059604645,9.0
2025-05-29,204.01199340820312,48.099998474121094,7.57027006149292,583.14599609375,291.5138244628906,3.2799999713897705,75.20658874511719,8.5,13.25,51.11000061035156,16.686424255371094,0.4699999988079071,44.894935607910156,108.3906021118164,51.59000015258789,13.1899995803833,28.200000762939453,2.5999999046325684,0.008999999612569809,6.5,19.600000381469727,56.262325286865234,22.5,2.5199999809265137,16.22264862060547,6.400000095367432,25.0,13.448801040649414,2.0,0.7110000252723694,21.489999771118164,543.919677734375,130.3365936279297,7.5,10.100000381469727,42.0,0.2590000033378601,179.89999389648438,177.76368713378906,1.6305999755859375,3.5899999141693115,39.0,14.199999809265137,0.18000000715255737,0.800000011920929,0.3100000023841858,339.4451599121094,30.107200622558594,1269.831298828125,2.1775739192962646,55.16999816894531,138.94407653808594,7.800000190734863,23.309999465942383,248.86001586914062,181.49000549316406,168.9405059814453,106.39866638183594,120.0,0.0010000000474974513,37.5541877746582,38.862831115722656,3.119999885559082,10.390000343322754,396.3900146484375,5.0,4.0,173.9499969482422,0.6489999890327454,12.0,964.010009765625,0.05900000035762787,11.25,3.1229519844055176,42.630001068115234,25.2128849029541,1.6799999475479126,10.499003410339355,363.0,435.2894592285156,36.6473274230957,2.6600000858306885,359.0344543457031,3.9000000953674316,86.43000030517578,21.32847023010254,99.83613586425781,3.130000114440918,216.67251586914062,6.166100025177002,144.247314453125,18.829999923706055,7.450000286102295,97.0,6.0,12.955195426940918,48.7540397644043,13.0,47.640602111816406,55.0,30.450000762939453,0.3540000021457672,17.605422973632812,27.84307098388672,158.95867919921875,28.172006607055664,117.05000305175781,4.21999979019165,0.9300000071525574,32.341922760009766,41.320899963378906,44.0,229.52410888671875,6.050000190734863,207.85800170898438,15.5,26.075590133666992,6.409999847412109,0.38999998569488525,9.289999961853027
2025-05-30,204.40452575683594,48.13999938964844,7.572020053863525,591.2577514648438,291.3143005371094,3.2799999713897705,75.20658874511719,8.5,13.850000381469727,48.900001525878906,16.84600830078125,0.4699999988079071,44.23953628540039,111.04953002929688,51.150001525878906,13.130000114440918,28.5,2.5999999046325684,0.008999999612569809,6.599999904632568,19.780000686645508,56.00273132324219,22.5,2.5199999809265137,15.892168998718262,6.28000020980835,25.0,13.171507835388184,1.809999942779541,0.7179999947547913,21.489999771118164,550.69921875,121.86817169189453,7.5,10.100000381469727,42.0,0.2590000033378601,179.89999389648438,175.2502899169922,1.6305999755859375,3.5899999141693115,39.0,14.199999809265137,0.18000000715255737,0.800000011920929,0.3100000023841858,339.4451599121094,30.09748649597168,1362.7689208984375,2.1873388290405273,54.25,139.277587890625,7.800000190734863,23.34000015258789,248.86001586914062,181.0,165.138916015625,104.34449005126953,120.0,0.0010000000474974513,37.5541877746582,38.862831115722656,3.0899999141693115,10.390000343322754,409.489990234375,5.0,4.0,173.9499969482422,0.6489999890327454,12.0,957.010009765625,0.05900000035762787,10.6899995803833,3.075345993041992,42.40999984741211,25.2128849029541,1.6799999475479126,10.451496124267578,370.0,437.5968933105469,36.560874938964844,2.6600000858306885,358.36669921875,3.9000000953674316,86.43000030517578,21.48177146911621,99.83613586425781,3.1600000858306885,215.8230438232422,6.166100025177002,142.5275115966797,18.700000762939453,7.5,97.0,5.989999771118164,12.828850746154785,48.15005874633789,13.0,47.097957611083984,55.0,30.450000762939453,0.3540000021457672,17.837583541870117,27.84307098388672,158.95867919921875,28.172006607055664,117.05000305175781,4.099999904632568,0.9300000071525574,32.75850296020508,41.36029052734375,44.5,234.09524536132812,6.099999904632568,202.32354736328125,15.5,27.120586395263672,6.400000095367432,0.38999998569488525,9.279999732971191
2025-06-02,203.93539428710938,47.97999954223633,7.5761399269104,594.4017944335938,292.0525207519531,3.2799999713897705,74.51066589355469,8.5,13.850000381469727,49.25,16.84600830078125,0.4699999988079071,44.88674545288086,111.04953002929688,51.41999816894531,13.140000343322754,28.5,2.5999999046325684,0.008999999612569809,6.650000095367432,19.40999984741211,55.82301330566406,22.5,2.5199999809265137,15.892168998718262,6.03000020980835,25.0,12.993246078491211,1.7100000381469727,0.7200000286102295,21.489999771118164,562.3740844726562,121.2654037475586,7.5,10.100000381469727,42.0,0.2590000033378601,179.89999389648438,179.1589813232422,1.6305999755859375,3.5899999141693115,39.0,14.199999809265137,0.18000000715255737,0.800000011920929,0.31200000643730164,339.4451599121094,30.09748649597168,1362.7689208984375,2.1775739192962646,52.400001525878906,137.58074951171875,7.800000190734863,23.639999389648438,248.86001586914062,177.33999633789062,165.11972045898438,102.27084350585938,120.0,0.0010000000474974513,37.5541877746582,38.862831115722656,3.1500000953674316,10.390000343322754,421.010009765625,5.0,4.0,173.9499969482422,0.6489999890327454,12.0,961.0999755859375,0.05900000035762787,10.720000267028809,3.084867238998413,42.279998779296875,25.2128849029541,1.6799999475479126,10.451496124267578,369.5,437.606689453125,37.03157043457031,2.6600000858306885,345.27716064453125,4.0,86.43000030517578,21.682985305786133,99.83613586425781,3.1600000858306885,217.30467224121094,6.166100025177002,145.1544952392578,18.479999542236328,7.659999847412109,97.0,6.119999885559082,13.013507843017578,49.49663543701172,13.0,47.472198486328125,55.0,30.450000762939453,0.3540000021457672,17.837583541870117,27.84307098388672,158.95867919921875,28.35043716430664,117.05000305175781,4.510000228881836,0.9300000071525574,32.70169448852539,40.36567687988281,44.5,231.79014587402344,6.090000152587891,199.39584350585938,15.5,27.120586395263672,6.400000095367432,0.3799999952316284,8.970000267028809
2025-06-03,200.83343505859375,47.959999084472656,7.577189922332764,590.83984375,291.3042907714844,3.2799999713897705,74.50138854980469,8.449999809265137,14.0,49.400001525878906,16.656503677368164,0.4699999988079071,44.71470260620117,111.04953002929688,50.93000030517578,13.010000228881836,28.5,2.5999999046325684,0.008999999612569809,6.590000152587891,19.969999313354492,55.41364669799805,22.5,2.5199999809265137,15.901888847351074,5.880000114440918,25.0,12.953632354736328,1.7000000476837158,0.7179999947547913,21.489999771118164,571.5138549804688,123.13299560546875,7.5,10.100000381469727,42.0,0.2590000033378601,179.89999389648438,178.9678497314453,1.6305999755859375,3.5899999141693115,39.0,14.199999809265137,0.18000000715255737,0.800000011920929,0.3190000057220459,339.4451599121094,30.09748649597168,1355.7398681640625,2.226398468017578,52.84000015258789,143.00473022460938,7.800000190734863,23.3799991607666,303.8291015625,181.8800048828125,165.89730834960938,102.71866607666016,120.0,0.0010000000474974513,37.5541877746582,38.862831115722656,3.0799999237060547,10.390000343322754,421.989990234375,5.0,4.0,173.9499969482422,0.6489999890327454,12.0,988.5,0.05900000035762787,10.75,3.027740240097046,42.150001525878906,25.2128849029541,1.7000000476837158,10.451496124267578,373.0,432.2259826660156,37.07959747314453,2.6600000858306885,346.3376770019531,3.9000000953674316,86.43000030517578,21.012279510498047,99.83613586425781,3.190000057220459,217.52687072753906,6.166100025177002,148.35787963867188,18.350000381469727,7.679999828338623,97.0,6.0,13.402261734008789,49.84318161010742,13.0,46.83599090576172,55.0,30.450000762939453,0.3540000021457672,17.837583541870117,27.84307098388672,158.95867919921875,28.35043716430664,117.05000305175781,4.510000228881836,0.9300000071525574,31.972679138183594,40.26719665527344,44.5,233.4701385498047,6.090000152587891,203.62692260742188,15.5,27.120586395263672,6.380000114440918,0.3799999952316284,9.0600004196167
2025-06-04,197.5208282470703,48.61000061035156,7.5810699462890625,585.6250610351562,287.3136901855469,3.2799999713897705,74.50138854980469,8.449999809265137,12.960000038146973,49.369998931884766,16.656503677368164,0.4699999988079071,44.68193435668945,111.4405517578125,52.150001525878906,13.050000190734863,28.5,2.5999999046325684,0.008999999612569809,6.550000190734863,19.93000030517578,55.18400955200195,22.5,2.5199999809265137,15.620010375976562,5.900000095367432,25.0,12.89421272277832,1.7799999713897705,0.7139999866485596,21.489999771118164,556.1093139648438,126.13697052001953,7.5,10.100000381469727,42.0,0.2590000033378601,179.89999389648438,176.70289611816406,1.6305999755859375,3.450000047683716,39.0,14.199999809265137,0.18000000715255737,0.800000011920929,0.3100000023841858,339.4451599121094,30.09748649597168,1355.7398681640625,2.2166335582733154,52.0,141.78848266601562,7.800000190734863,23.25,320.31982421875,184.1699981689453,164.35171508789062,103.31253051757812,120.0,0.0010000000474974513,37.5541877746582,38.862831115722656,3.1500000953674316,10.390000343322754,422.8900146484375,5.0,4.0,173.9499969482422,0.6489999890327454,12.0,921.0,0.05900000035762787,10.779999732971191,3.0563037395477295,41.939998626708984,26.436811447143555,1.7000000476837158,9.985929489135742,375.0,436.93902587890625,37.108421325683594,2.6600000858306885,330.84234619140625,3.700000047683716,86.43000030517578,20.916465759277344,96.8707046508789,3.2300000190734863,214.75424194335938,6.166100025177002,147.30897521972656,18.850000381469727,7.730000019073486,97.0,6.0,12.906600952148438,50.13031768798828,13.0,45.80683517456055,55.0,30.450000762939453,0.3540000021457672,17.837583541870117,27.84307098388672,158.95867919921875,28.35043716430664,117.05000305175781,4.599999904632568,0.9300000071525574,32.389259338378906,39.73542404174805,45.0,238.2463836669922,6.090000152587891,203.00442504882812,15.5,27.120586395263672,6.380000114440918,0.38999998569488525,9.180000305175781
2025-06-05,196.79322814941406,49.33000183105469,7.5871100425720215,589.4150390625,287.5730895996094,3.2799999713897705,74.22300720214844,8.449999809265137,13.0,49.61000061035156,16.45702362060547,0.4699999988079071,44.92770767211914,111.5383071899414,52.650001525878906,13.229999542236328,28.5,2.5999999046325684,0.008999999612569809,6.550000190734863,20.06999969482422,54.684783935546875,22.5,2.5199999809265137,15.474209785461426,5.909999847412109,25.0,12.933825492858887,1.7999999523162842,0.7279999852180481,21.0,571.3099365234375,124.03221130371094,7.5,10.100000381469727,42.0,0.2590000033378601,179.89999389648438,176.67422485351562,1.6305999755859375,3.4000000953674316,39.0,14.199999809265137,0.18000000715255737,0.800000011920929,0.296999990940094,339.4451599121094,30.01007843017578,1355.7398681640625,2.265458106994629,52.209999084472656,142.51429748535156,7.800000190734863,23.389999389648438,316.82177734375,183.27999877929688,164.6973114013672,105.54195404052734,120.0,0.0010000000474974513,37.5541877746582,37.995750427246094,3.119999885559082,10.390000343322754,467.0,5.0,4.0,173.9499969482422,0.6489999890327454,12.0,923.0999755859375,0.05900000035762787,10.680000305175781,3.008697748184204,42.150001525878906,26.436811447143555,1.7000000476837158,10.004931449890137,375.0,441.84844970703125,37.91533660888672,2.5899999141693115,328.9471130371094,3.700000047683716,86.43000030517578,21.11767578125,96.8707046508789,3.2799999713897705,218.06349182128906,6.166100025177002,147.90431213378906,18.329999923706055,7.710000038146973,97.0,6.0,12.906600952148438,50.39765548706055,13.0,44.14147186279297,55.0,30.450000762939453,0.3540000021457672,17.79888916015625,27.84307098388672,158.95867919921875,28.35043716430664,117.05000305175781,4.659999847412109,0.9300000071525574,32.095760345458984,39.91268539428711,45.0,240.58079528808594,6.090000152587891,196.84747314453125,15.5,26.83469009399414,6.380000114440918,0.38499999046325684,9.220000267028809
2025-06-06,197.8256378173828,48.52000045776367,7.589950084686279,588.5032348632812,288.31134033203125,3.2799999713897705,75.16019439697266,8.449999809265137,13.0,49.119998931884766,16.466999053955078,0.4699999988079071,45.05059814453125,111.5383071899414,54.52000045776367,13.350000381469727,28.5,2.5999999046325684,0.008999999612569809,6.630000114440918,20.079999923706055,54.25545883178711,22.5,2.5199999809265137,15.707489967346191,6.199999809265137,25.0,12.75556468963623,1.850000023841858,0.7300000190734863,21.0,571.3099365234375,126.28518676757812,7.5,10.100000381469727,42.0,0.2590000033378601,179.89999389648438,176.06259155273438,1.6305999755859375,3.5299999713897705,39.0,14.199999809265137,0.18000000715255737,0.800000011920929,0.29499998688697815,339.4451599121094,30.01007843017578,1355.7398681640625,2.255693197250366,52.209999084472656,143.68148803710938,7.800000190734863,23.34000015258789,345.2358093261719,184.35000610351562,164.81251525878906,105.14278411865234,120.0,0.0010000000474974513,37.5541877746582,37.995750427246094,3.1500000953674316,10.390000343322754,493.0,5.0,4.0,173.9499969482422,0.6489999890327454,12.0,959.989990234375,0.05900000035762787,10.84000015258789,3.084867238998413,42.29999923706055,26.436811447143555,1.7000000476837158,10.004931449890137,389.95001220703125,450.1944580078125,38.49169921875,2.5,326.8163146972656,3.799999952316284,87.0,21.30930519104004,99.83613586425781,3.2799999713897705,216.75172424316406,6.166100025177002,147.22393798828125,18.829999923706055,7.730000019073486,97.0,6.0,13.003788948059082,48.61541748046875,13.0,43.65496063232422,55.0,30.450000762939453,0.3540000021457672,17.70215606689453,27.84307098388672,158.95867919921875,28.35043716430664,117.05000305175781,4.699999809265137,0.9300000071525574,32.341922760009766,41.901912689208984,44.0,242.04591369628906,6.079999923706055,204.5217742919922,15.5,26.61780548095703,6.380000114440918,0.38999998569488525,9.380000114440918
2025-06-09,197.9619903564453,49.470001220703125,7.593689918518066,575.8035888671875,287.32366943359375,3.200000047683716,75.16019439697266,8.449999809265137,13.0,47.619998931884766,16.80611228942871,0.4699999988079071,45.09975051879883,111.5383071899414,55.15999984741211,13.350000381469727,28.5,2.5999999046325684,0.008999999612569809,6.630000114440918,19.920000076293945,53.87604904174805,22.5,2.5199999809265137,15.522809982299805,6.5,25.0,12.775371551513672,1.8300000429153442,0.7239999771118164,20.799999237060547,570.1541137695312,125.48478698730469,7.5,10.100000381469727,42.0,0.2590000033378601,179.0,177.76368713378906,1.6305999755859375,3.75,39.0,14.199999809265137,0.18000000715255737,0.800000011920929,0.29600000381469727,339.4451599121094,29.13599967956543,1355.7398681640625,2.226398468017578,50.970001220703125,141.49424743652344,7.800000190734863,23.229999542236328,345.80548095703125,185.75,166.3869171142578,106.11634063720703,120.0,0.0010000000474974513,37.5541877746582,37.995750427246094,3.119999885559082,10.390000343322754,507.0,5.0,4.0,173.9499969482422,0.6489999890327454,12.0,945.0,0.05900000035762787,10.829999923706055,3.0372612476348877,41.2599983215332,26.444969177246094,1.7000000476837158,10.299474716186523,377.1600036621094,443.8023986816406,38.71263885498047,2.5299999713897705,320.24700927734375,3.799999952316284,87.0,20.887718200683594,99.83613586425781,3.299999952316284,220.55787658691406,6.166100025177002,148.51852416992188,18.639999389648438,7.650000095367432,97.0,5.980000019073486,13.431417465209961,48.97186279296875,13.0,44.10404586791992,55.0,30.450000762939453,0.3540000021457672,17.70215606689453,27.84307098388672,158.95867919921875,28.35043716430664,117.05000305175781,4.699999809265137,0.9300000071525574,32.531280517578125,41.015621185302734,45.0,241.0984649658203,6.079999923706055,199.99888610839844,16.0,27.09100914001465,6.380000114440918,0.3700000047683716,9.470000267028809
2025-06-10,197.1146240234375,49.130001068115234,7.593810081481934,580.5623779296875,285.34832763671875,3.200000047683716,78.05097198486328,8.449999809265137,13.0,48.5,16.45702362060547,0.4699999988079071,44.976863861083984,111.4405517578125,55.41999816894531,13.390000343322754,28.5,2.5999999046325684,0.008999999612569809,6.630000114440918,20.030000686645508,53.796173095703125,22.5,2.5199999809265137,15.80469036102295,6.340000152587891,25.0,13.102182388305664,1.8300000429153442,0.7250000238418579,21.469999313354492,607.05322265625,125.7219467163086,7.5,10.100000381469727,42.0,0.2590000033378601,176.60000610351562,176.02438354492188,1.6305999755859375,3.680000066757202,39.0,14.199999809265137,0.18000000715255737,0.800000011920929,0.30000001192092896,339.4451599121094,29.13599967956543,1355.7398681640625,2.2459282875061035,51.630001068115234,142.12196350097656,7.800000190734863,23.420000076293945,345.80548095703125,185.39999389648438,167.5773162841797,104.01347351074219,120.0,0.0010000000474974513,37.5541877746582,38.970001220703125,3.1500000953674316,10.390000343322754,503.3699951171875,5.0,4.0,173.9499969482422,0.6489999890327454,12.0,989.0,0.05900000035762787,10.850000381469727,3.0563037395477295,41.08000183105469,26.444969177246094,1.7000000476837158,10.346981048583984,380.010009765625,443.7336730957031,39.586795806884766,2.5299999713897705,321.5038757324219,3.819999933242798,87.0,20.830228805541992,99.83613586425781,3.2899999618530273,221.064697265625,6.166100025177002,151.2494354248047,18.1299991607666,7.659999847412109,97.0,5.900000095367432,13.509167671203613,49.2887077331543,13.0,44.48764419555664,55.0,30.450000762939453,0.3540000021457672,17.84725570678711,27.84307098388672,158.95867919921875,28.35043716430664,117.05000305175781,4.690000057220459,0.9300000071525574,32.8153076171875,40.58232498168945,45.0099983215332,247.72076416015625,6.050000190734863,203.3351287841797,16.0,26.87412452697754,6.380000114440918,0.35899999737739563,9.329999923706055
2025-06-11,198.87754821777344,49.0,7.59375,575.756103515625,287.99212646484375,3.200000047683716,77.06810760498047,8.449999809265137,13.0,47.70000076293945,16.52684211730957,0.4699999988079071,45.107940673828125,111.4405517578125,55.25,13.420000076293945,28.5,2.5999999046325684,0.008999999612569809,6.590000152587891,19.860000610351562,53.326904296875,22.5,2.5199999809265137,15.68804931640625,6.179999828338623,25.0,13.092279434204102,1.8300000429153442,0.7329999804496765,21.469999313354492,602.2938842773438,126.63102722167969,7.5,9.0,42.0,0.2590000033378601,179.0,176.74111938476562,1.6305999755859375,3.569999933242798,39.0,14.199999809265137,0.18000000715255737,0.800000011920929,0.30000001192092896,339.4451599121094,30.01007843017578,1355.7398681640625,2.2459282875061035,50.93000030517578,140.09165954589844,7.800000190734863,22.920000076293945,353.8009948730469,185.0,165.35972595214844,103.80902862548828,124.0,0.0010000000474974513,37.5541877746582,38.970001220703125,3.1500000953674316,10.390000343322754,505.6600036621094,5.0,4.0,173.9499969482422,0.6489999890327454,12.0,999.989990234375,0.05900000035762787,10.680000305175781,3.0372612476348877,41.5,26.444969177246094,1.7000000476837158,10.394487380981445,375.0,441.30841064453125,39.27939987182617,2.5199999809265137,321.1896667480469,3.9000000953674316,87.0,20.945209503173828,99.83613586425781,3.2300000190734863,219.62371826171875,6.25,150.85255432128906,17.5,8.15999984741211,97.0,5.900000095367432,13.761857986450195,50.04120635986328,13.0,43.888858795166016,55.0,30.450000762939453,0.3540000021457672,17.70215606689453,27.84307098388672,158.95867919921875,28.35043716430664,117.05000305175781,4.5,0.9300000071525574,31.717050552368164,40.07024383544922,45.0099983215332,245.7868194580078,6.050000190734863,202.44027709960938,16.0,27.110727310180664,6.380000114440918,0.38999998569488525,8.90999984741211
2025-06-12,196.46206665039062,49.099998474121094,7.5941901206970215,570.8643188476562,285.4580993652344,3.200000047683716,77.06810760498047,8.460000038146973,13.199999809265137,48.20000076293945,16.05806541442871,0.4699999988079071,45.05059814453125,106.9829330444336,54.31999969482422,13.350000381469727,28.5,2.5999999046325684,0.008999999612569809,6.590000152587891,19.709999084472656,53.01737976074219,22.5,2.5199999809265137,15.91161060333252,6.320000171661377,25.0,13.131895065307617,1.7599999904632568,0.7350000143051147,21.469999313354492,584.7136840820312,126.25553894042969,7.5,9.0,42.0,0.2590000033378601,178.89999389648438,178.41354370117188,1.6305999755859375,3.390000104904175,39.0,14.199999809265137,0.18000000715255737,0.800000011920929,0.29499998688697815,339.4451599121094,30.01007843017578,1355.7398681640625,2.2752230167388916,51.72999954223633,141.10191345214844,7.800000190734863,22.860000610351562,363.79534912109375,186.0,167.9997100830078,104.11083221435547,124.0,0.0010000000474974513,37.5541877746582,39.45712661743164,3.1500000953674316,10.390000343322754,514.8200073242188,5.0,4.0,173.9499969482422,0.6489999890327454,12.0,999.0,0.05900000035762787,10.880000114440918,3.027740240097046,41.81999969482422,26.444969177246094,1.7000000476837158,10.384986877441406,379.5,433.00164794921875,39.54837417602539,2.630000114440918,324.5774230957031,3.9200000762939453,88.0,20.360734939575195,99.83613586425781,3.299999952316284,220.22991943359375,6.25,150.0682373046875,17.610000610351562,8.529999732971191,97.0,5.900000095367432,13.985391616821289,49.63525390625,13.0,44.27245330810547,55.0,30.450000762939453,0.3540000021457672,17.885948181152344,27.84307098388672,158.95867919921875,28.35043716430664,117.05000305175781,4.5,0.9300000071525574,31.906408309936523,39.67633819580078,45.0,242.2314910888672,6.0,207.18685913085938,16.0,27.100868225097656,6.380000114440918,0.3799999952316284,8.899999618530273
2025-06-13,196.2575225830078,48.150001525878906,7.597959995269775,565.49755859375,285.328369140625,3.259999990463257,75.16019439697266,8.460000038146973,13.399999618530273,48.40999984741211,16.05806541442871,0.4699999988079071,44.95228576660156,106.9829330444336,52.959999084472656,13.210000038146973,28.5,2.5999999046325684,0.008999999612569809,6.590000152587891,19.559999465942383,52.60801696777344,22.5,2.5199999809265137,15.98936939239502,6.269999980926514,25.0,12.735756874084473,1.7000000476837158,0.7279999852180481,21.459999084472656,582.8585205078125,125.9887466430664,7.5,9.0,42.0,0.2590000033378601,178.89999389648438,173.37718200683594,1.6305999755859375,3.3499999046325684,39.0,14.199999809265137,0.18000000715255737,0.800000011920929,0.29899999499320984,339.4451599121094,30.01007843017578,1355.7398681640625,2.2459282875061035,51.689998626708984,142.83798217773438,7.800000190734863,23.049999237060547,360.79705810546875,182.02000427246094,166.66531372070312,103.21517181396484,124.0,0.0010000000474974513,37.5541877746582,38.940773010253906,3.180000066757202,10.390000343322754,530.0,5.0,4.0,173.9499969482422,0.6489999890327454,12.0,1009.3900146484375,0.05900000035762787,10.399999618530273,3.027740240097046,41.900001525878906,26.444969177246094,1.7000000476837158,10.384986877441406,370.0,427.18890380859375,38.280364990234375,2.630000114440918,324.0471496582031,3.9800000190734863,88.0,19.79542350769043,99.83613586425781,3.119999885559082,218.23245239257812,6.25,151.6463165283203,17.8799991607666,8.350000381469727,97.0,5.880000114440918,13.781294822692871,50.229331970214844,13.0,43.421058654785156,55.0,30.450000762939453,0.3540000021457672,17.885948181152344,27.84307098388672,158.95867919921875,28.35043716430664,117.05000305175781,4.480000019073486,0.9300000071525574,32.31352233886719,38.790042877197266,45.0099983215332,241.69427490234375,6.099999904632568,196.68211364746094,16.0,26.99242401123047,6.380000114440918,0.38999998569488525,8.539999961853027
2025-06-16,194.86473083496094,47.93000030517578,7.60290002822876,563.9778442382812,289.3489074707031,3.299999952316284,76.11415100097656,8.460000038146973,13.100000381469727,47.779998779296875,16.05806541442871,0.4699999988079071,44.64916229248047,106.9829330444336,52.959999084472656,13.050000190734863,28.5,2.5999999046325684,0.008999999612569809,6.590000152587891,18.65999984741211,52.398353576660156,22.5,2.5199999809265137,16.018529891967773,6.5,25.0,12.884308815002441,1.5299999713897705,0.7379999756813049,21.469999313354492,535.1781005859375,128.4591064453125,7.5,9.0,42.0,0.2590000033378601,178.89999389648438,175.72813415527344,1.6305999755859375,3.4100000858306885,39.0,14.199999809265137,0.18000000715255737,0.800000011920929,0.3009999990463257,339.7349548339844,30.0003662109375,1355.7398681640625,2.294752597808838,51.529998779296875,141.7100067138672,7.800000190734863,22.43000030517578,380.8857421875,183.11000061035156,163.3629150390625,103.4390869140625,124.0,0.0010000000474974513,37.5541877746582,39.944252014160156,3.1700000762939453,10.390000343322754,495.05999755859375,5.0,4.0,170.5500030517578,0.6489999890327454,12.0,1000.989990234375,0.05900000035762787,10.539999961853027,3.0467824935913086,43.18000030517578,26.444969177246094,1.7000000476837158,10.384986877441406,370.0,423.72283935546875,38.03060531616211,2.630000114440918,322.13232421875,3.75,88.0,19.929567337036133,99.83613586425781,3.180000066757202,218.15293884277344,6.25,149.32174682617188,17.489999771118164,8.569999694824219,97.0,5.880000114440918,13.703544616699219,50.28874206542969,13.0,43.486549377441406,55.0,30.450000762939453,0.3540000021457672,17.87627601623535,27.84307098388672,158.95867919921875,28.35043716430664,117.05000305175781,4.679999828338623,0.9300000071525574,32.73957443237305,38.159793853759766,45.0099983215332,240.81521606445312,6.099999904632568,197.07118225097656,16.0,26.99242401123047,6.380000114440918,0.38999998569488525,8.680000305175781
2025-06-17,193.63751220703125,47.7599983215332,7.60260009765625,557.5758056640625,281.3377685546875,3.200000047683716,75.06383514404297,8.460000038146973,13.100000381469727,47.209999084472656,15.928404808044434,0.4699999988079071,44.378807067871094,106.9829330444336,52.650001525878906,12.850000381469727,28.5,2.5999999046325684,0.008999999612569809,6.199999809265137,18.90999984741211,51.83921813964844,22.5,2.5199999809265137,15.863009452819824,6.349999904632568,25.0,12.876673698425293,1.399999976158142,0.7310000061988831,21.469999313354492,531.29296875,124.90178680419922,7.5,9.0,42.0,0.2590000033378601,177.88999938964844,173.38671875,1.6305999755859375,3.549999952316284,38.0,14.199999809265137,0.18000000715255737,0.800000011920929,0.3009999990463257,339.7349548339844,30.0003662109375,1355.7398681640625,2.2459282875061035,51.560001373291016,139.47373962402344,7.800000190734863,22.1200008392334,381.7852478027344,178.64999389648438,162.73892211914062,104.16924285888672,124.0,0.0010000000474974513,37.5541877746582,38.970001220703125,3.1600000858306885,10.390000343322754,501.32000732421875,5.0,4.0,171.24000549316406,0.6489999890327454,12.0,994.510009765625,0.05900000035762787,10.420000076293945,3.1419944763183594,42.9900016784668,26.444969177246094,1.7000000476837158,10.35648250579834,372.04998779296875,416.4667053222656,37.723209381103516,2.5199999809265137,321.3762512207031,3.75,88.0,20.456552505493164,99.83613586425781,3.109999895095825,215.43994140625,6.25,149.66192626953125,17.040000915527344,8.710000038146973,97.0,5.880000114440918,13.888202667236328,50.28874206542969,13.0,42.22349548339844,55.0,30.450000762939453,0.3540000021457672,17.885948181152344,27.88100242614746,158.95867919921875,28.35043716430664,117.05000305175781,4.53000020980835,0.9300000071525574,32.59755325317383,38.573394775390625,45.0099983215332,235.38455200195312,6.099999904632568,192.1300506591797,16.0,26.99242401123047,6.110000133514404,0.38999998569488525,8.390000343322754
2025-06-18,192.76092529296875,47.290000915527344,7.606619834899902,550.9268188476562,283.35302734375,3.2799999713897705,74.67839813232422,8.460000038146973,13.100000381469727,48.06999969482422,16.048091888427734,0.4699999988079071,45.61587905883789,106.94383239746094,51.7400016784668,12.800000190734863,28.5,2.5999999046325684,0.008999999612569809,6.349999904632568,18.149999618530273,52.258567810058594,22.5,2.5199999809265137,15.892168998718262,6.320000171661377,25.0,12.976030349731445,1.399999976158142,0.734000027179718,21.469999313354492,558.4889526367188,130.4848175048828,7.5,9.0,42.0,0.2590000033378601,177.0,170.8828887939453,1.6305999755859375,3.549999952316284,38.0,14.199999809265137,0.18000000715255737,0.800000011920929,0.30000001192092896,339.7349548339844,30.0003662109375,1355.7398681640625,2.324047565460205,51.31999969482422,142.40640258789062,7.800000190734863,21.760000228881836,381.7852478027344,180.02000427246094,163.85250854492188,105.64903259277344,124.0,0.0010000000474974513,37.5541877746582,40.0,3.0799999237060547,10.390000343322754,497.739990234375,5.0,4.0,173.89999389648438,0.6489999890327454,12.0,967.030029296875,0.05900000035762787,10.130000114440918,3.0467824935913086,43.279998779296875,26.444969177246094,1.7000000476837158,10.35648250579834,371.75,417.10491943359375,37.31014633178711,2.5999999046325684,315.7103576660156,3.75,89.0,19.910404205322266,99.83613586425781,3.140000104904175,216.02626037597656,6.25,146.48687744140625,17.0,8.630000114440918,97.0,5.880000114440918,13.781294822692871,50.67489242553711,13.0,42.784854888916016,55.0,30.450000762939453,0.3540000021457672,17.885948181152344,27.88100242614746,158.95867919921875,28.35043716430664,117.05000305175781,4.639999866485596,0.9300000071525574,32.26618194580078,38.76050567626953,45.0,233.2259521484375,6.090000152587891,188.6187286376953,16.0,26.96285057067871,6.03000020980835,0.3799999952316284,8.180000305175781
2025-06-19,196.93931579589844,47.08000183105469,7.609720230102539,544.2587890625,287.32366943359375,3.200000047683716,74.19660186767578,8.460000038146973,13.100000381469727,47.029998779296875,15.828664779663086,0.4699999988079071,45.87803649902344,106.94383239746094,51.810001373291016,12.619999885559082,28.5,2.5999999046325684,0.008999999612569809,6.349999904632568,18.43000030517578,52.0289306640625,22.5,2.5199999809265137,15.717209815979004,6.269999980926514,25.0,12.826994895935059,1.2799999713897705,0.7350000143051147,21.469999313354492,558.4987182617188,130.17849731445312,7.5,9.0,42.0,0.2590000033378601,178.0,175.833251953125,1.6305999755859375,3.5,38.0,14.199999809265137,0.18000000715255737,0.800000011920929,0.30000001192092896,339.7349548339844,30.0003662109375,1355.7398681640625,2.3142824172973633,51.779998779296875,141.77867126464844,7.800000190734863,22.1200008392334,381.7852478027344,180.11000061035156,162.0573272705078,102.23189544677734,124.0,0.0010000000474974513,37.5541877746582,40.0,3.1700000762939453,10.390000343322754,490.010009765625,5.0,4.0,173.89999389648438,0.6489999890327454,12.0,967.030029296875,0.05900000035762787,10.020000457763672,3.084867238998413,43.119998931884766,26.444969177246094,1.7000000476837158,10.413490295410156,371.0,399.63720703125,37.271724700927734,2.549999952316284,316.65301513671875,3.75,89.0,20.207429885864258,99.83613586425781,3.190000057220459,211.32571411132812,6.25,151.17384338378906,17.110000610351562,8.739999771118164,97.0,5.880000114440918,13.771576881408691,50.2491340637207,13.0,43.32749938964844,55.0,30.450000762939453,0.3540000021457672,17.460323333740234,27.88100242614746,158.95867919921875,28.35043716430664,117.05000305175781,4.429999828338623,0.9300000071525574,32.98573303222656,37.9234504699707,45.0,230.52037048339844,6.090000152587891,188.21022033691406,16.0,26.913557052612305,6.03000020980835,0.38999998569488525,8.050000190734863
2025-06-20,201.8189697265625,47.380001068115234,7.611400127410889,547.6688232421875,285.2286071777344,3.200000047683716,74.48567962646484,8.460000038146973,13.100000381469727,49.709999084472656,16.048091888427734,0.4699999988079071,45.935386657714844,106.94383239746094,50.61000061035156,13.0,29.899999618530273,2.5999999046325684,0.008999999612569809,6.349999904632568,19.0,51.320030212402344,22.5,2.5199999809265137,15.833849906921387,6.199999809265137,25.0,12.856801986694336,1.3799999952316284,0.7459999918937683,21.5,519.6375732421875,127.82669830322266,7.5,9.0,42.0,0.2590000033378601,172.66000366210938,173.02357482910156,1.6305999755859375,3.4000000953674316,38.0,14.199999809265137,0.18000000715255737,0.800000011920929,0.296999990940094,339.7349548339844,29.854686737060547,1355.7398681640625,2.2849879264831543,52.369998931884766,143.30877685546875,7.800000190734863,23.049999237060547,318.4208984375,176.07000732421875,162.13412475585938,101.92036437988281,124.0,0.0010000000474974513,37.5541877746582,40.0,3.0999999046325684,10.390000343322754,483.75,5.0,4.0,173.89999389648438,0.6489999890327454,12.0,998.989990234375,0.05900000035762787,9.989999771118164,3.094388484954834,41.709999084472656,26.444969177246094,1.7000000476837158,10.489500999450684,379.0,406.1470947265625,36.387962341308594,2.549999952316284,317.30108642578125,3.75,89.0,19.833751678466797,99.83613586425781,3.200000047683716,215.07225036621094,6.25,148.59413146972656,16.5,8.720000267028809,97.0,5.699999809265137,13.606356620788574,50.57587814331055,13.0,42.429325103759766,55.0,30.450000762939453,0.3540000021457672,17.460323333740234,27.88100242614746,158.95867919921875,28.35043716430664,117.05000305175781,4.510000228881836,0.9300000071525574,32.12416458129883,39.68618392944336,45.0,235.218505859375,6.090000152587891,184.3584747314453,16.0,26.883983612060547,6.03000020980835,0.3840000033378601,7.989999771118164
2025-06-23,194.82577514648438,47.29999923706055,7.615930080413818,546.794921875,280.35009765625,3.1500000953674316,74.19660186767578,8.460000038146973,13.100000381469727,47.619998931884766,15.878534317016602,0.4699999988079071,46.230316162109375,106.94383239746094,50.52000045776367,11.729999542236328,29.899999618530273,2.5999999046325684,0.008999999612569809,6.53000020980835,17.899999618530273,51.619564056396484,22.5,2.5199999809265137,15.785248756408691,6.199999809265137,25.0,12.90648078918457,1.409999966621399,0.7440000176429749,21.5,520.1232299804688,128.65673828125,7.5,9.0,42.0,0.2590000033378601,173.0,174.29461669921875,1.6305999755859375,3.5899999141693115,38.0,14.199999809265137,0.18000000715255737,0.800000011920929,0.29499998688697815,339.7349548339844,29.98094367980957,1355.7398681640625,2.2752230167388916,52.220001220703125,144.16209411621094,7.800000190734863,22.25,316.82177734375,177.5800018310547,160.242919921875,102.1734848022461,124.0,0.0010000000474974513,37.5541877746582,40.0,3.1500000953674316,10.390000343322754,480.010009765625,5.0,4.0,173.0,0.6489999890327454,12.0,958.0,0.05900000035762787,9.869999885559082,2.9801342487335205,41.9900016784668,26.444969177246094,1.7000000476837158,10.499003410339355,378.0,407.28607177734375,36.618507385253906,2.6600000858306885,317.1734619140625,3.75,89.0,19.75710105895996,99.83613586425781,3.119999885559082,211.2561492919922,7.920000076293945,150.48402404785156,16.719999313354492,9.100000381469727,97.0,5.650000095367432,12.49841022491455,50.635284423828125,13.0,42.07380294799805,55.0,30.450000762939453,0.3540000021457672,17.885948181152344,27.88100242614746,158.95867919921875,28.35043716430664,117.05000305175781,4.5,0.9300000071525574,32.304054260253906,39.715728759765625,45.0,237.84591674804688,6.090000152587891,185.778564453125,16.0,26.814973831176758,6.03000020980835,0.382999986410141,8.3100004196167
2025-06-24,192.37132263183594,46.599998474121094,7.617499828338623,551.0882568359375,286.3260498046875,3.200000047683716,73.2330093383789,8.460000038146973,12.949999809265137,47.75,15.45962905883789,0.4699999988079071,45.32094955444336,106.94383239746094,51.16999816894531,12.1899995803833,29.950000762939453,2.5999999046325684,0.008999999612569809,6.519999980926514,17.59000015258789,51.929080963134766,22.5,2.5199999809265137,15.892168998718262,6.510000228881836,25.0,13.125065803527832,1.399999976158142,0.7649999856948853,21.5,519.928955078125,126.95712280273438,7.5,9.0,42.0,0.2590000033378601,173.0,171.11224365234375,1.6305999755859375,3.509999990463257,38.0,14.199999809265137,0.18000000715255737,0.800000011920929,0.29499998688697815,339.7349548339844,29.99065399169922,1355.7398681640625,2.392401933670044,52.16999816894531,144.57403564453125,7.800000190734863,22.239999771118164,349.80322265625,180.6199951171875,164.67811584472656,104.16924285888672,124.0,0.0010000000474974513,35.904518127441406,40.0,3.119999885559082,10.390000343322754,480.0400085449219,5.0,4.0,173.8800048828125,0.6489999890327454,12.0,950.0,0.05900000035762787,9.970000267028809,3.1419944763183594,43.349998474121094,26.444969177246094,1.7000000476837158,10.499003410339355,378.1099853515625,410.05499267578125,37.559906005859375,2.700000047683716,318.8623962402344,3.75,90.0,20.351152420043945,99.83613586425781,3.1600000858306885,210.54063415527344,7.920000076293945,151.8069610595703,16.780000686645508,9.470000267028809,97.0,5.650000095367432,12.916319847106934,50.83331298828125,13.0,42.01766586303711,55.0,30.450000762939453,0.3540000021457672,17.866601943969727,27.88100242614746,158.95867919921875,28.35043716430664,117.05000305175781,4.5,0.9300000071525574,32.67329406738281,40.917144775390625,45.0,237.81661987304688,6.090000152587891,188.69654846191406,16.0,26.893840789794922,6.03000020980835,0.3799999952316284,8.40999984741211
2025-06-25,191.0564727783203,47.20000076293945,7.620659828186035,557.0914306640625,283.3230895996094,3.200000047683716,73.24264526367188,8.460000038146973,12.949999809265137,48.68000030517578,15.449654579162598,0.4699999988079071,45.89442443847656,106.94383239746094,52.439998626708984,12.300000190734863,30.100000381469727,2.5999999046325684,0.008999999612569809,6.519999980926514,17.670000076293945,50.67103958129883,22.5,2.5199999809265137,15.940768241882324,6.539999961853027,25.0,12.70776653289795,1.440000057220459,0.8040000200271606,21.5,516.7236938476562,136.8583526611328,7.5,9.0,42.0,0.2590000033378601,173.0,166.29568481445312,1.6305999755859375,3.4700000286102295,38.0,14.199999809265137,0.18000000715255737,0.800000011920929,0.2980000078678131,339.7349548339844,30.01007843017578,1290.8284912109375,2.490050792694092,53.439998626708984,148.6935272216797,7.800000190734863,22.219999313354492,359.797607421875,183.1300048828125,167.51011657714844,105.69770812988281,124.0,0.0010000000474974513,35.904518127441406,40.0,3.140000104904175,10.390000343322754,486.0,5.0,4.0,173.0,0.6489999890327454,12.0,915.0,0.05900000035762787,10.079999923706055,3.1419944763183594,42.959999084472656,27.23644256591797,1.7000000476837158,10.537008285522461,379.0,415.3964538574219,37.62714767456055,2.700000047683716,317.1832580566406,3.700000047683716,90.0,19.699609756469727,99.83613586425781,3.200000047683716,212.23004150390625,7.920000076293945,152.1282501220703,16.75,9.329999923706055,97.0,5.650000095367432,13.489730834960938,50.62538528442383,13.0,42.33576965332031,55.0,30.450000762939453,0.3540000021457672,17.866601943969727,27.88100242614746,158.95867919921875,28.399999618530273,125.0,4.480000019073486,0.9300000071525574,32.48394012451172,40.64141082763672,45.0,239.0277862548828,6.090000152587891,185.5645751953125,16.0,27.24874496459961,6.03000020980835,0.3799999952316284,8.270000457763672
2025-06-26,193.5693359375,47.1120002746582,7.625549793243408,562.296630859375,280.6493835449219,3.200000047683716,74.3122329711914,8.460000038146973,12.829999923706055,49.15999984741211,15.45962905883789,0.4699999988079071,46.54163360595703,106.94383239746094,52.06999969482422,12.489999771118164,30.100000381469727,2.5999999046325684,0.008999999612569809,6.5,17.940000534057617,51.110355377197266,22.5,2.5199999809265137,16.04768943786621,6.699999809265137,25.0,12.876673698425293,1.5,0.781000018119812,21.5,525.4652709960938,137.382080078125,7.5,8.800000190734863,42.0,0.2590000033378601,172.0,168.6370849609375,1.6305999755859375,3.4200000762939453,38.0,14.199999809265137,0.18000000715255737,0.800000011920929,0.29899999499320984,339.7349548339844,30.01007843017578,1290.8284912109375,2.3826370239257812,53.560001373291016,147.86962890625,7.800000190734863,22.530000686645508,359.797607421875,182.25999450683594,166.46371459960938,110.54596710205078,124.0,0.0010000000474974513,35.603694915771484,40.0,3.0999999046325684,10.390000343322754,499.8999938964844,5.0,4.0,173.0,0.6489999890327454,12.0,925.0,0.05900000035762787,10.180000305175781,3.161036729812622,44.0,27.23644256591797,1.7000000476837158,10.479999542236328,371.0199890136719,416.7220153808594,38.405242919921875,2.7200000286102295,317.8804626464844,3.809999942779541,90.0,20.025381088256836,99.83613586425781,3.1700000762939453,213.6610870361328,7.920000076293945,149.66192626953125,16.950000762939453,9.109999656677246,97.0,5.650000095367432,13.489730834960938,50.635284423828125,13.0,43.24330139160156,55.0,30.450000762939453,0.3540000021457672,17.866601943969727,27.88100242614746,158.95867919921875,28.399999618530273,125.0,4.449999809265137,0.9300000071525574,32.3229866027832,42.23673629760742,45.0,235.45291137695312,6.079999923706055,187.62661743164062,16.0,27.386764526367188,6.03000020980835,0.3700000047683716,8.539999961853027
2025-06-27,191.80641174316406,46.720001220703125,7.626760005950928,562.5625610351562,285.3582763671875,3.200000047683716,77.9835205078125,8.460000038146973,13.399999618530273,49.31999969482422,15.45962905883789,0.4699999988079071,46.3859748840332,106.94383239746094,52.59000015258789,12.850000381469727,30.100000381469727,2.5999999046325684,0.008999999612569809,6.599999904632568,17.81999969482422,51.389923095703125,22.5,2.5199999809265137,16.008808135986328,6.730000019073486,25.0,12.777315139770508,1.600000023841858,0.7979999780654907,21.5,539.0632934570312,132.7622833251953,7.5,8.800000190734863,42.0,0.2590000033378601,171.97999572753906,170.3572540283203,1.6305999755859375,3.5899999141693115,38.0,14.199999809265137,0.18000000715255737,0.800000011920929,0.30000001192092896,339.7349548339844,30.0003662109375,1290.8284912109375,2.480285882949829,53.0099983215332,145.231201171875,7.800000190734863,22.549999237060547,373.78973388671875,180.0800018310547,167.51971435546875,109.66976928710938,124.0,0.0010000000474974513,35.603694915771484,42.0,3.130000114440918,10.390000343322754,495.79998779296875,5.0,4.0,173.0,0.6489999890327454,12.0,910.1699829101562,0.05900000035762787,10.380000114440918,3.161036729812622,43.439998626708984,27.23644256591797,1.7000000476837158,10.609999656677246,374.0,418.79376220703125,39.817344665527344,2.700000047683716,319.2945251464844,3.75,90.0,19.85291290283203,99.3418960571289,3.190000057220459,211.22633361816406,7.920000076293945,149.72805786132812,17.1200008392334,8.65999984741211,97.0,5.650000095367432,13.285635948181152,50.4273567199707,13.0,42.43868637084961,55.0,30.450000762939453,0.3540000021457672,17.87627601623535,27.88100242614746,158.95867919921875,28.649999618530273,125.0,4.5,0.9300000071525574,32.152565002441406,40.52323913574219,45.0099983215332,240.47335815429688,6.090000152587891,185.0879669189453,16.0,27.58393096923828,6.03000020980835,0.38100001215934753,8.8100004196167
2025-06-30,193.62777709960938,48.16999816894531,7.630410194396973,568.964599609375,285.8870544433594,3.200000047683716,77.8582534790039,8.460000038146973,13.399999618530273,48.4900016784668,15.7588472366333,0.4699999988079071,47.00041198730469,112.82867431640625,52.5099983215332,13.119999885559082,30.100000381469727,2.5999999046325684,0.008999999612569809,6.599999904632568,17.469999313354492,51.54967498779297,22.5,2.5199999809265137,16.329566955566406,6.670000076293945,25.0,12.90648078918457,1.850000023841858,0.7799999713897705,21.5,536.1494140625,132.89141845703125,7.5,8.800000190734863,42.0,0.2590000033378601,172.0,173.71168518066406,1.6305999755859375,3.549999952316284,38.0,14.199999809265137,0.18000000715255737,0.800000011920929,0.29600000381469727,339.7349548339844,30.0003662109375,1290.8284912109375,2.392401933670044,52.34000015258789,145.74122619628906,7.800000190734863,22.739999771118164,384.7835693359375,180.2899932861328,165.3021240234375,110.25390625,124.0,0.0010000000474974513,35.603694915771484,44.0,3.140000104904175,10.390000343322754,524.6400146484375,5.0,4.0,173.0,0.6489999890327454,12.0,899.2899780273438,0.05900000035762787,10.260000228881836,3.2276852130889893,43.04999923706055,27.23644256591797,1.7000000476837158,10.300000190734863,373.010009765625,421.7787170410156,38.46288299560547,2.6500000953674316,317.7920837402344,3.75,90.0,19.78519058227539,99.83613586425781,3.240000009536743,210.32200622558594,7.920000076293945,146.46795654296875,17.040000915527344,8.350000381469727,88.19999694824219,5.5,13.577199935913086,50.595680236816406,13.0,42.382545471191406,55.0,30.450000762939453,0.3540000021457672,17.866601943969727,27.88100242614746,158.95867919921875,28.649999618530273,125.0,4.449999809265137,0.9300000071525574,32.56915283203125,40.217960357666016,43.20000076293945,241.0594024658203,6.090000152587891,187.6168975830078,16.0,27.58393096923828,6.070000171661377,0.3709999918937683,8.859999656677246
2025-07-01,192.0693817138672,48.970001220703125,7.633110046386719,569.8859252929688,285.9169921875,3.200000047683716,77.8582534790039,8.460000038146973,13.390000343322754,49.47999954223633,15.738899230957031,0.4699999988079071,46.26308822631836,112.82867431640625,53.2400016784668,13.0,30.100000381469727,2.5999999046325684,0.008999999612569809,6.449999809265137,17.280000686645508,51.120338439941406,22.5,2.5199999809265137,16.29068946838379,6.650000095367432,25.0,13.194615364074707,1.7200000286102295,0.75,21.5,533.2355346679688,135.2957000732422,7.5,8.800000190734863,42.0,0.2590000033378601,173.14999389648438,171.0740203857422,1.6305999755859375,3.549999952316284,38.0,14.199999809265137,0.18000000715255737,0.800000011920929,0.296999990940094,339.7349548339844,30.0003662109375,1290.8284912109375,2.294752597808838,52.18000030517578,146.71224975585938,7.800000190734863,22.850000381469727,389.7807312011719,182.00999450683594,166.05091857910156,111.13009643554688,124.0,0.0010000000474974513,35.603694915771484,44.0,3.1500000953674316,10.390000343322754,516.0,5.0,4.0,172.1300048828125,0.6489999890327454,12.0,891.7000122070312,0.05900000035762787,10.25,3.2657699584960938,43.0,27.23644256591797,1.7000000476837158,10.75,378.3399963378906,429.08392333984375,40.240013122558594,2.6600000858306885,317.7724304199219,3.799999952316284,90.0,19.86258888244629,99.83613586425781,3.25,210.39158630371094,7.920000076293945,149.6146697998047,17.190000534057617,8.520000457763672,82.0,5.190000057220459,13.625794410705566,50.66498565673828,13.0,43.121673583984375,55.0,30.450000762939453,0.3540000021457672,17.866601943969727,27.88100242614746,158.95867919921875,28.649999618530273,125.0,4.599999904632568,0.9300000071525574,32.7963752746582,40.917144775390625,44.0,244.9565887451172,6.090000152587891,186.7415008544922,16.0,26.61780548095703,6.070000171661377,0.3709999918937683,8.960000038146973
2025-07-02,189.790283203125,48.5,7.633210182189941,570.9213256835938,287.8324890136719,3.200000047683716,77.8582534790039,8.460000038146973,13.390000343322754,50.849998474121094,15.948351860046387,0.4699999988079071,46.697288513183594,112.82867431640625,52.849998474121094,13.119999885559082,30.100000381469727,2.5999999046325684,0.008999999612569809,6.5,17.25,51.46979522705078,22.5,2.5199999809265137,16.51424789428711,6.570000171661377,25.0,13.383395195007324,1.6799999475479126,0.7540000081062317,21.5,527.3593139648438,136.9548797607422,7.5,8.800000190734863,42.0,0.2590000033378601,174.5,174.08438110351562,1.6305999755859375,3.930000066757202,38.0,14.199999809265137,0.18000000715255737,0.800000011920929,0.30000001192092896,339.7349548339844,30.0003662109375,1290.8284912109375,2.324047565460205,52.380001068115234,147.05552673339844,7.800000190734863,23.100000381469727,419.7638854980469,184.6199951171875,168.5661163330078,111.80183410644531,124.0,0.0010000000474974513,35.603694915771484,44.0,3.130000114440918,10.390000343322754,507.79998779296875,5.0,4.0,172.8800048828125,0.6489999890327454,12.0,890.2000122070312,0.05900000035762787,10.399999618530273,3.359999895095825,42.939998626708984,27.23644256591797,1.7000000476837158,10.75,371.989990234375,433.9835205078125,39.38507080078125,2.7200000286102295,318.65618896484375,3.7300000190734863,90.0,19.969011306762695,99.83613586425781,3.2799999713897705,212.7169952392578,7.920000076293945,151.44789123535156,17.0,8.699999809265137,83.9800033569336,5.190000057220459,14.09229850769043,51.21946334838867,13.0,43.121673583984375,55.0,30.450000762939453,0.3540000021457672,17.866601943969727,27.88100242614746,158.95867919921875,28.649999618530273,120.0,4.679999828338623,0.9300000071525574,33.171138763427734,40.8679084777832,45.0,249.53750610351562,6.090000152587891,182.83139038085938,16.0,26.420635223388672,6.070000171661377,0.382999986410141,8.989999771118164
2025-07-03,191.5726776123047,49.0,7.6363701820373535,563.1419677734375,291.6135559082031,3.200000047683716,78.05097198486328,8.460000038146973,13.390000343322754,51.02000045776367,15.52944564819336,0.4699999988079071,46.697288513183594,112.82867431640625,55.88999938964844,13.34000015258789,30.100000381469727,2.5999999046325684,0.008999999612569809,6.5,18.09000015258789,51.320030212402344,22.5,2.5199999809265137,16.358728408813477,6.75,25.0,13.403264999389648,1.5,0.7509999871253967,21.5,535.1781005859375,134.34194946289062,7.5,8.800000190734863,42.0,0.2590000033378601,171.0,173.1287078857422,1.6305999755859375,3.680000066757202,38.0,14.199999809265137,0.18000000715255737,0.800000011920929,0.2980000078678131,339.7349548339844,30.0003662109375,1290.8284912109375,2.3142824172973633,52.310001373291016,146.76129150390625,7.800000190734863,23.510000228881836,419.7638854980469,181.02000427246094,166.0893096923828,110.38046264648438,124.0,0.0010000000474974513,35.603694915771484,44.0,3.1500000953674316,10.390000343322754,503.2200012207031,5.0,4.0,174.0,0.6489999890327454,12.0,890.0,0.05900000035762787,10.390000343322754,3.3399999141693115,43.83000183105469,27.23644256591797,1.7000000476837158,10.75,371.010009765625,424.17449951171875,41.17180633544922,2.6500000953674316,318.2241516113281,3.75,90.0,19.688438415527344,96.82127380371094,3.2899999618530273,215.0424346923828,7.920000076293945,151.6652069091797,17.1299991607666,8.75,83.9800033569336,5.190000057220459,13.888202667236328,49.80357360839844,13.0,42.55095672607422,55.0,30.450000762939453,0.3540000021457672,17.866601943969727,27.88100242614746,158.95867919921875,28.649999618530273,120.0,4.650000095367432,0.9300000071525574,33.05582809448242,40.67095184326172,45.0,245.20077514648438,6.070000171661377,180.77908325195312,16.0,26.61780548095703,6.070000171661377,0.38199999928474426,8.960000038146973
2025-07-04,192.7901611328125,49.0,7.635819911956787,572.4791259765625,291.3143005371094,3.200000047683716,78.05097198486328,8.460000038146973,13.390000343322754,50.79999923706055,15.559368133544922,0.4699999988079071,46.65632629394531,112.82867431640625,55.61000061035156,13.270000457763672,30.100000381469727,2.5999999046325684,0.008999999612569809,6.53000020980835,17.8700008392334,51.320030212402344,22.5,2.5199999809265137,16.504528045654297,7.0,25.0,13.35358715057373,1.6399999856948853,0.7580000162124634,21.5,534.2068481445312,135.3851318359375,7.5,8.800000190734863,42.0,0.2590000033378601,171.0,173.96969604492188,1.6305999755859375,3.799999952316284,38.0,14.199999809265137,0.18000000715255737,0.800000011920929,0.2980000078678131,339.7349548339844,30.0003662109375,1290.8284912109375,2.3435773849487305,52.11000061035156,147.0947723388672,7.800000190734863,23.040000915527344,411.76837158203125,185.49000549316406,165.09092712402344,109.16352844238281,124.0,0.0010000000474974513,35.603694915771484,44.0,3.180000066757202,10.390000343322754,504.989990234375,5.0,4.0,174.0,0.6489999890327454,12.0,890.0,0.05900000035762787,10.279999732971191,3.3299999237060547,42.97999954223633,27.23644256591797,1.7000000476837158,10.75,377.5,427.9842224121094,39.61561965942383,2.6500000953674316,318.57763671875,3.75,90.0,19.93998908996582,96.82127380371094,3.25,213.56170654296875,7.920000076293945,150.55018615722656,17.100000381469727,8.800000190734863,81.5,5.300000190734863,13.820170402526855,50.10061264038086,13.0,42.2702751159668,55.0,30.450000762939453,0.3540000021457672,17.866601943969727,27.88100242614746,158.95867919921875,28.649999618530273,120.0,4.760000228881836,0.9300000071525574,33.180747985839844,40.37552261352539,45.0,252.79981994628906,6.070000171661377,185.6132049560547,16.0,26.61780548095703,6.070000171661377,0.38199999928474426,9.010000228881836
2025-07-07,187.99815368652344,49.08000183105469,7.640369892120361,559.4850463867188,287.3136901855469,3.200000047683716,78.05097198486328,8.460000038146973,13.5,50.619998931884766,15.838639259338379,0.4699999988079071,46.65632629394531,112.82867431640625,55.720001220703125,13.270000457763672,30.100000381469727,2.5999999046325684,0.008999999612569809,6.5,18.010000228881836,51.0204963684082,22.5,2.5199999809265137,16.33928871154785,6.550000190734863,25.0,13.244294166564941,1.6100000143051147,0.75,21.5,544.8909912109375,132.1462860107422,7.5,8.800000190734863,42.0,0.2590000033378601,171.0,174.44752502441406,1.6305999755859375,3.6500000953674316,38.0,14.199999809265137,0.18000000715255737,0.800000011920929,0.29499998688697815,354.2136535644531,30.0003662109375,1290.8284912109375,2.324047565460205,50.970001220703125,145.9275665283203,7.800000190734863,22.549999237060547,411.76837158203125,183.5399932861328,166.79971313476562,110.40966796875,124.0,0.0010000000474974513,35.603694915771484,44.0,3.1500000953674316,10.390000343322754,497.0,5.0,4.0,180.0,0.6489999890327454,12.0,872.7100219726562,0.05900000035762787,10.210000038146973,3.3499999046325684,42.70000076293945,29.37423324584961,1.7000000476837158,10.75,370.0,421.0128479003906,39.039249420166016,2.5899999141693115,310.8299865722656,3.700000047683716,90.0,19.64974021911621,99.83613586425781,3.299999952316284,215.40017700195312,7.920000076293945,149.75640869140625,17.06999969482422,8.5,80.0,5.300000190734863,13.548043251037598,49.35801315307617,13.0,42.1673583984375,55.0,30.450000762939453,0.3540000021457672,17.866601943969727,28.450002670288086,158.95867919921875,28.649999618530273,120.0,4.659999847412109,0.9300000071525574,33.2384033203125,40.700496673583984,45.0,251.75469970703125,6.070000171661377,185.5840301513672,16.0,26.39105987548828,6.070000171661377,0.3889999985694885,8.720000267028809
2025-07-08,183.53732299804688,48.22999954223633,7.642020225524902,540.2218627929688,292.30194091796875,3.259999990463257,78.05097198486328,8.460000038146973,13.5,50.959999084472656,15.808717727661133,0.4699999988079071,46.70547866821289,112.82867431640625,55.41999816894531,13.289999961853027,30.100000381469727,2.5999999046325684,0.008999999612569809,6.5,17.920000076293945,49.63265609741211,22.5,2.5199999809265137,16.07685089111328,6.78000020980835,25.0,13.284036636352539,1.590000033378601,0.7509999871253967,21.5,553.632568359375,135.8123321533203,7.5,8.800000190734863,42.0,0.2590000033378601,175.5,167.35647583007812,1.6305999755859375,3.6700000762939453,38.0,14.199999809265137,0.18000000715255737,0.800000011920929,0.2840000092983246,354.2136535644531,30.0003662109375,1290.8284912109375,2.324047565460205,51.380001068115234,147.81077575683594,7.800000190734863,22.469999313354492,379.786376953125,180.5399932861328,167.38531494140625,110.83802795410156,124.0,0.0010000000474974513,35.603694915771484,44.0,3.200000047683716,10.390000343322754,500.3999938964844,5.0,4.0,179.8000030517578,0.6489999890327454,12.0,898.6400146484375,0.05900000035762787,9.970000267028809,3.369999885559082,42.27000045776367,29.37423324584961,1.7000000476837158,10.75,376.7900085449219,418.509033203125,40.019073486328125,2.5899999141693115,314.2864990234375,3.75,90.0,19.852914810180664,99.83613586425781,3.299999952316284,211.93191528320312,7.920000076293945,150.11549377441406,17.0,8.329999923706055,75.0,5.300000190734863,13.314791679382324,48.51640701293945,13.0,42.429325103759766,55.0,30.450000762939453,0.3540000021457672,17.866601943969727,28.450002670288086,158.95867919921875,28.649999618530273,120.0,4.690000057220459,0.9300000071525574,32.73871994018555,40.769432067871094,45.0,251.8621368408203,6.099999904632568,188.3074951171875,16.0,25.92771339416504,6.070000171661377,0.3799999952316284,8.210000038146973
2025-07-09,179.73876953125,47.939998626708984,7.643499851226807,538.3792114257812,295.30487060546875,3.200000047683716,77.41499328613281,8.460000038146973,13.5,51.33000183105469,15.469602584838867,0.4699999988079071,46.697288513183594,112.82867431640625,56.790000915527344,13.229999542236328,30.100000381469727,2.5999999046325684,0.008999999612569809,6.5,17.65999984741211,48.88382339477539,22.5,2.5199999809265137,15.98936939239502,6.949999809265137,25.0,13.61191463470459,1.590000033378601,0.75,21.5,553.632568359375,135.06719970703125,7.5,8.800000190734863,42.0,0.2590000033378601,174.89999389648438,159.70156860351562,1.6305999755859375,3.680000066757202,38.0,14.199999809265137,0.18000000715255737,0.800000011920929,0.28700000047683716,354.2136535644531,30.0003662109375,1290.8284912109375,2.3435773849487305,50.689998626708984,147.61459350585938,7.800000190734863,22.350000381469727,364.7947998046875,176.75999450683594,165.59011840820312,108.3554916381836,124.0,0.0010000000474974513,35.603694915771484,44.0,3.200000047683716,10.390000343322754,498.2699890136719,5.0,4.0,179.8000030517578,0.6489999890327454,12.0,883.8300170898438,0.05900000035762787,9.84000015258789,3.25,42.970001220703125,29.37423324584961,1.7000000476837158,10.75,378.8500061035156,415.59283447265625,41.546443939208984,2.5899999141693115,317.1734619140625,3.799999952316284,90.0,19.32079315185547,99.83613586425781,3.3299999237060547,207.62887573242188,7.920000076293945,137.96337890625,16.700000762939453,8.289999961853027,75.0,5.0,13.1690092086792,48.595619201660156,13.0,39.968711853027344,55.0,30.450000762939453,0.3540000021457672,17.866601943969727,28.450002670288086,158.95867919921875,28.649999618530273,120.0,4.800000190734863,0.9300000071525574,32.930908203125,40.887603759765625,45.0,253.4835205078125,6.099999904632568,190.65159606933594,16.0,26.075590133666992,6.070000171661377,0.3799999952316284,8.5
2025-07-10,180.44004821777344,49.400001525878906,7.64723014831543,554.48876953125,289.00970458984375,3.0999999046325684,79.04347229003906,8.460000038146973,13.5,48.650001525878906,15.469602584838867,0.4699999988079071,46.287662506103516,112.82867431640625,53.119998931884766,13.3100004196167,30.100000381469727,2.5999999046325684,0.008999999612569809,6.5,17.110000610351562,48.3646354675293,22.5,2.5199999809265137,15.960209846496582,6.900000095367432,25.0,13.661593437194824,1.5800000429153442,0.75,21.5,553.632568359375,136.39849853515625,7.5,8.800000190734863,42.0,0.2590000033378601,175.0,160.3705291748047,1.6305999755859375,3.609999895095825,39.0,14.199999809265137,0.18000000715255737,0.800000011920929,0.27799999713897705,354.2136535644531,29.33024024963379,1290.8284912109375,2.363107204437256,50.65999984741211,141.6217498779297,7.800000190734863,22.540000915527344,364.7947998046875,173.32000732421875,159.35972595214844,111.95760345458984,124.0,0.0010000000474974513,35.603694915771484,44.0,3.1600000858306885,10.390000343322754,503.7699890136719,5.0,4.0,179.8000030517578,0.6489999890327454,12.0,914.77001953125,0.05900000035762787,9.819999694824219,3.2200000286102295,42.54999923706055,29.782209396362305,1.7000000476837158,10.75,379.9599914550781,426.0989990234375,39.884586334228516,2.5899999141693115,319.353271484375,3.799999952316284,90.0,19.311119079589844,99.83613586425781,3.3299999237060547,231.43966674804688,7.920000076293945,136.88613891601562,16.729999542236328,8.119999885559082,75.0,5.0,12.87744426727295,47.456966400146484,13.0,40.707828521728516,55.0,30.450000762939453,0.3540000021457672,17.866601943969727,28.450002670288086,158.95867919921875,28.649999618530273,120.0,4.679999828338623,0.9300000071525574,32.79637908935547,40.52323913574219,45.0,257.14630126953125,6.079999923706055,187.9281463623047,16.0,23.46310043334961,6.070000171661377,0.3889999985694885,8.9399995803833
2025-07-11,182.5828094482422,48.369998931884766,7.648290157318115,546.804443359375,279.8412780761719,3.200000047683716,79.01456451416016,8.460000038146973,13.5,50.0099983215332,15.469602584838867,0.4699999988079071,45.87803649902344,111.4405517578125,55.08000183105469,13.119999885559082,30.100000381469727,2.5999999046325684,0.008999999612569809,6.5,17.1299991607666,48.12500762939453,22.5,2.5199999809265137,16.12810707092285,6.730000019073486,25.0,13.641721725463867,1.590000033378601,0.7519999742507935,21.5,553.632568359375,135.3851318359375,7.5,8.800000190734863,42.0,0.2590000033378601,175.0,159.61558532714844,1.6305999755859375,3.700000047683716,39.0,14.199999809265137,0.18000000715255737,0.800000011920929,0.27000001072883606,354.2136535644531,30.0003662109375,1250.173828125,2.363107204437256,50.720001220703125,144.16209411621094,7.800000190734863,22.139999389648438,364.7947998046875,173.82000732421875,156.4605255126953,112.21072387695312,124.0,0.0010000000474974513,35.603694915771484,44.0,3.1700000762939453,10.390000343322754,514.989990234375,5.0,4.0,179.8000030517578,0.6489999890327454,12.0,865.010009765625,0.05900000035762787,9.989999771118164,3.3299999237060547,41.970001220703125,29.782209396362305,1.7000000476837158,10.75,380.0,421.1306457519531,40.21119689941406,2.609999895095825,323.28887939453125,3.799999952316284,90.0,19.504615783691406,99.83613586425781,3.319999933242798,230.257080078125,7.920000076293945,135.62933349609375,16.709999084472656,8.149999618530273,73.5999984741211,5.099999904632568,12.916319847106934,47.526275634765625,13.0,40.57684326171875,55.0,30.450000762939453,0.3540000021457672,17.866601943969727,28.450002670288086,158.95867919921875,28.649999618530273,120.0,4.650000095367432,0.9300000071525574,33.88221740722656,39.617252349853516,45.0,256.8923645019531,6.099999904632568,187.6752471923828,16.0,25.089746475219727,6.070000171661377,0.38199999928474426,9.210000038146973
2025-07-14,184.26779174804688,47.0099983215332,7.652669906616211,543.5369262695312,282.9938659667969,3.200000047683716,79.01456451416016,8.460000038146973,13.0,50.349998474121094,15.45962905883789,0.4699999988079071,46.320430755615234,111.4405517578125,56.880001068115234,13.069999694824219,30.100000381469727,2.5999999046325684,0.008999999612569809,6.5,17.760000228881836,46.99663162231445,22.5,2.5199999809265137,16.108354568481445,6.909999847412109,25.0,13.721208572387695,1.590000033378601,0.7450000047683716,21.5,550.7186889648438,136.58726501464844,7.5,8.800000190734863,42.0,0.2590000033378601,170.99000549316406,159.8353729248047,1.6305999755859375,3.799999952316284,39.0,14.199999809265137,0.18000000715255737,0.800000011920929,0.2630000114440918,354.2136535644531,30.0003662109375,1250.173828125,2.3338124752044678,50.58000183105469,146.0550994873047,7.800000190734863,22.81999969482422,367.7931213378906,176.0,154.93414306640625,111.13009643554688,124.0,0.0010000000474974513,35.603694915771484,44.0,3.200000047683716,10.390000343322754,518.6900024414062,5.0,4.0,179.8000030517578,0.6489999890327454,12.0,845.47998046875,0.05900000035762787,10.050000190734863,3.4000000953674316,42.380001068115234,29.782209396362305,1.7000000476837158,10.5,369.0,420.2371520996094,40.54740524291992,2.609999895095825,323.2691345214844,3.799999952316284,90.0,19.30144500732422,99.83613586425781,3.3299999237060547,225.3677215576172,7.920000076293945,136.5459442138672,16.75,8.140000343322754,73.5999984741211,5.400000095367432,12.828850746154785,47.041107177734375,13.0,40.13711929321289,55.0,30.450000762939453,0.3540000021457672,17.866601943969727,28.450002670288086,158.95867919921875,28.649999618530273,120.0,4.579999923706055,0.9300000071525574,33.86300277709961,39.67633819580078,45.0,257.5858459472656,6.099999904632568,186.65394592285156,16.0,24.892576217651367,6.070000171661377,0.375,9.170000076293945
2025-07-15,185.07620239257812,46.52000045776367,7.6556901931762695,545.4556274414062,277.4469299316406,3.200000047683716,79.01456451416016,8.460000038146973,13.390000343322754,50.369998931884766,14.960930824279785,0.4699999988079071,45.55033874511719,111.4405517578125,55.88999938964844,13.180000305175781,30.100000381469727,2.5999999046325684,0.008999999612569809,6.550000190734863,17.290000915527344,47.745784759521484,22.5,2.5199999809265137,16.09847640991211,6.849999904632568,25.0,13.621850967407227,1.5499999523162842,0.7590000033378601,21.5,582.7613525390625,134.85858154296875,7.5,8.800000190734863,42.0,0.2590000033378601,169.4600067138672,161.3717803955078,1.6305999755859375,4.5,39.0,14.199999809265137,0.18000000715255737,0.800000011920929,0.2750000059604645,354.2136535644531,29.99065399169922,1250.173828125,2.3435773849487305,50.720001220703125,144.77020263671875,7.800000190734863,22.200000762939453,349.80322265625,176.3000030517578,156.0093231201172,110.487548828125,124.0,0.0010000000474974513,35.603694915771484,44.0,3.140000104904175,10.390000343322754,502.5,5.0,4.0,179.8000030517578,0.6489999890327454,12.0,859.0499877929688,0.05900000035762787,9.829999923706055,3.430000066757202,42.45000076293945,30.598159790039062,1.7000000476837158,10.649999618530273,370.7900085449219,422.8489685058594,41.21023178100586,2.549999952316284,321.87835693359375,3.75,90.0,19.543317794799805,99.83613586425781,3.4700000286102295,225.88449096679688,7.920000076293945,139.28631591796875,16.760000228881836,8.0600004196167,73.5999984741211,5.400000095367432,13.062102317810059,46.87278747558594,13.0,40.57684326171875,55.0,30.450000762939453,0.3540000021457672,17.8569278717041,28.450002670288086,158.95867919921875,28.649999618530273,116.0,4.599999904632568,0.9300000071525574,34.97768020629883,39.41044998168945,45.0,258.7677001953125,6.099999904632568,183.34690856933594,16.0,24.872859954833984,6.070000171661377,0.38199999928474426,8.850000381469727
2025-07-16,185.69955444335938,48.45000076293945,7.656799793243408,553.2445068359375,281.1282653808594,3.200000047683716,77.43427276611328,8.460000038146973,13.390000343322754,50.119998931884766,14.861190795898438,0.4699999988079071,45.46022033691406,111.4405517578125,57.18000030517578,12.880000114440918,30.100000381469727,2.5999999046325684,0.008999999612569809,6.5,16.950000762939453,48.39504623413086,22.5,2.5199999809265137,16.18736457824707,6.75,25.0,13.671528816223145,1.559999942779541,0.7570000290870667,21.5,556.54638671875,135.22616577148438,7.5,8.800000190734863,42.0,0.2590000033378601,172.8300018310547,161.46841430664062,1.6305999755859375,4.360000133514404,39.0,14.199999809265137,0.18000000715255737,0.800000011920929,0.2750000059604645,354.2136535644531,30.0003662109375,1250.173828125,2.3435773849487305,50.15999984741211,143.9168701171875,7.800000190734863,21.3799991607666,349.80322265625,172.00999450683594,158.01573181152344,110.19548797607422,124.0,0.0010000000474974513,35.603694915771484,44.0,3.140000104904175,10.390000343322754,511.2799987792969,5.0,4.0,177.89999389648438,0.6489999890327454,12.0,832.5,0.05900000035762787,9.920000076293945,3.4200000762939453,40.90999984741211,31.520185470581055,1.7000000476837158,10.609999656677246,369.0199890136719,421.3074035644531,40.019073486328125,2.5999999046325684,323.4072265625,3.700000047683716,90.0,20.230236053466797,99.83613586425781,3.4800000190734863,224.48326110839844,7.920000076293945,135.3175048828125,16.899999618530273,8.100000381469727,73.5999984741211,5.449999809265137,13.1690092086792,46.8034782409668,13.0,40.46457290649414,55.0,30.450000762939453,0.3540000021457672,17.8569278717041,28.450002670288086,158.95867919921875,28.649999618530273,116.0,4.78000020980835,0.9300000071525574,34.37229537963867,39.88313674926758,45.0,257.2635192871094,6.099999904632568,180.42892456054688,16.0,25.631959915161133,6.070000171661377,0.38199999928474426,8.75
2025-07-17,189.5565185546875,48.439998626708984,7.6598100662231445,562.2491455078125,278.8436584472656,3.2100000381469727,79.72761535644531,8.460000038146973,13.359999656677246,50.9900016784668,14.861190795898438,0.4699999988079071,45.22263717651367,111.4405517578125,55.0,12.649999618530273,29.700000762939453,2.5999999046325684,0.008999999612569809,6.489999771118164,17.209999084472656,48.26519012451172,22.5,2.5199999809265137,16.078725814819336,6.840000152587891,25.0,14.436578750610352,1.6299999952316284,0.75,21.5,552.6612548828125,137.60064697265625,7.5,8.800000190734863,42.0,0.2590000033378601,172.00999450683594,165.81675720214844,1.6305999755859375,4.300000190734863,39.0,14.199999809265137,0.18000000715255737,0.800000011920929,0.2759999930858612,354.2136535644531,29.99065399169922,1250.173828125,2.3435773849487305,50.7599983215332,143.12240600585938,7.800000190734863,21.350000381469727,349.80322265625,174.0800018310547,156.56613159179688,110.49728393554688,124.0,0.0010000000474974513,35.603694915771484,44.0,3.200000047683716,10.390000343322754,509.989990234375,5.0,4.0,177.49000549316406,0.6489999890327454,12.0,842.1400146484375,0.05900000035762787,9.930000305175781,3.369999885559082,41.880001068115234,32.393253326416016,1.75,10.699999809265137,369.010009765625,422.2205505371094,40.95086669921875,2.619999885559082,326.0506896972656,3.700000047683716,90.0,19.930313110351562,99.83613586425781,3.450000047683716,226.3614959716797,7.920000076293945,137.802734375,16.940000534057617,7.900000095367432,73.5999984741211,5.449999809265137,12.751099586486816,47.3282470703125,13.0,40.707828521728516,55.0,30.450000762939453,0.3540000021457672,17.8569278717041,28.450002670288086,158.95867919921875,28.399999618530273,116.0,4.800000190734863,0.9300000071525574,34.487606048583984,39.48923110961914,45.0,257.87884521484375,6.099999904632568,184.6016387939453,16.0,25.336206436157227,6.03000020980835,0.37599998712539673,8.869999885559082
2025-07-18,191.4947509765625,47.720001220703125,7.660890102386475,553.8523559570312,276.22979736328125,3.2799999713897705,79.96851348876953,8.460000038146973,13.359999656677246,50.45000076293945,15.100566864013672,0.4699999988079071,44.92770767211914,111.4405517578125,53.9900016784668,12.319999694824219,28.899999618530273,2.5999999046325684,0.008999999612569809,6.579999923706055,17.420000076293945,48.425010681152344,22.5,2.5199999809265137,15.802186965942383,7.0,25.0,14.178250312805176,1.649999976158142,0.7540000081062317,21.5,550.9614868164062,142.67747497558594,7.5,8.539999961853027,42.0,0.2590000033378601,171.16000366210938,163.9034881591797,1.6305999755859375,4.300000190734863,39.0,14.199999809265137,0.18000000715255737,0.800000011920929,0.2709999978542328,354.2136535644531,29.99065399169922,1250.173828125,2.3435773849487305,50.400001525878906,142.092529296875,7.800000190734863,21.260000228881836,360.2973327636719,175.47000122070312,154.76133728027344,111.01326751708984,124.0,0.0010000000474974513,35.603694915771484,44.0,3.130000114440918,10.390000343322754,504.239990234375,5.0,4.0,177.8699951171875,0.6489999890327454,12.0,832.5,0.05900000035762787,9.989999771118164,3.309999942779541,41.400001525878906,32.393253326416016,1.75,10.699999809265137,369.010009765625,416.5256042480469,40.787559509277344,2.619999885559082,321.0892639160156,3.700000047683716,90.0,19.78519058227539,99.83613586425781,3.4200000762939453,225.51678466796875,7.920000076293945,133.14410400390625,17.1299991607666,7.820000171661377,74.0,5.5,12.770537376403809,47.09061813354492,13.0,40.33359146118164,55.0,30.450000762939453,0.3540000021457672,17.8569278717041,28.450002670288086,158.95867919921875,28.399999618530273,116.0,4.75,0.9300000071525574,34.13206481933594,38.898372650146484,45.0,254.60679626464844,6.099999904632568,187.59744262695312,16.0,25.631959915161133,6.03000020980835,0.37299999594688416,8.510000228881836
2025-07-21,191.08567810058594,47.29999923706055,7.665470123291016,549.027099609375,274.8929443359375,3.3499999046325684,78.36895751953125,8.5,13.359999656677246,50.40999984741211,15.05069637298584,0.4699999988079071,44.313270568847656,111.4405517578125,53.70000076293945,12.220000267028809,28.899999618530273,2.5999999046325684,0.008999999612569809,6.590000152587891,16.770000457763672,47.70582580566406,22.5,2.5199999809265137,15.79231071472168,7.099999904632568,25.0,14.297478675842285,1.690000057220459,0.753000020980835,21.5,554.2930297851562,139.45849609375,7.5,8.539999961853027,42.0,0.2590000033378601,172.49000549316406,162.73426818847656,1.6305999755859375,4.300000190734863,39.0,14.199999809265137,0.18000000715255737,0.800000011920929,0.3149999976158142,354.2136535644531,29.961519241333008,1250.173828125,2.3045175075531006,49.810001373291016,142.8575897216797,7.800000190734863,21.530000686645508,360.2973327636719,171.8300018310547,153.16773986816406,111.54871368408203,124.0,0.0010000000474974513,35.603694915771484,44.0,3.1700000762939453,10.390000343322754,505.8599853515625,5.0,4.0,177.8000030517578,0.6489999890327454,12.0,808.0,0.05900000035762787,9.829999923706055,3.390000104904175,41.04999923706055,32.393253326416016,1.7000000476837158,10.699999809265137,369.0199890136719,418.5777587890625,40.345680236816406,2.5999999046325684,320.5862121582031,3.680000066757202,90.0,20.58820915222168,99.83613586425781,3.380000114440918,224.84103393554688,7.920000076293945,132.40704345703125,16.940000534057617,7.980000019073486,74.0,5.599999904632568,12.624754905700684,47.03120803833008,13.0,40.024845123291016,55.0,30.450000762939453,0.3540000021457672,17.334569931030273,28.450002670288086,158.95867919921875,28.399999618530273,116.0,4.800000190734863,0.9300000071525574,33.73808288574219,38.99684524536133,45.0,253.94259643554688,6.099999904632568,170.22567749023438,16.0,25.622100830078125,6.0,0.3709999918937683,8.390000343322754
2025-07-22,188.27085876464844,47.0,7.667709827423096,536.489013671875,274.563720703125,3.299999952316284,78.05097198486328,8.5,13.359999656677246,48.939998626708984,15.05069637298584,0.4699999988079071,44.567237854003906,111.4405517578125,54.43000030517578,12.399999618530273,28.899999618530273,2.5999999046325684,0.008999999612569809,6.590000152587891,16.549999237060547,47.51604461669922,22.5,2.5199999809265137,15.65404224395752,7.170000076293945,25.0,14.625357627868652,1.600000023841858,0.753000020980835,21.5,532.9635620117188,131.14285278320312,7.5,8.539999961853027,42.0,0.2590000033378601,170.97999572753906,160.84031677246094,1.6305999755859375,4.300000190734863,39.0,14.199999809265137,0.18000000715255737,0.800000011920929,0.29100000858306885,354.2136535644531,29.99065399169922,1250.173828125,2.363107204437256,49.41999816894531,137.8946075439453,7.800000190734863,21.280000686645508,365.79425048828125,167.0,153.55174255371094,113.98257446289062,124.0,0.0010000000474974513,35.603694915771484,44.0,3.0,10.390000343322754,509.010009765625,5.0,4.0,177.02999877929688,0.6489999890327454,12.0,798.0,0.05900000035762787,10.149999618530273,3.3499999046325684,41.619998931884766,32.393253326416016,1.7000000476837158,10.609999656677246,369.010009765625,400.6092529296875,38.63579177856445,2.509999990463257,313.9579162597656,3.5999999046325684,90.0,19.99803924560547,99.83613586425781,3.1500000953674316,222.12803649902344,7.920000076293945,133.7205352783203,17.010000228881836,8.850000381469727,74.0,5.71999979019165,12.916319847106934,47.30844497680664,13.0,39.566402435302734,55.0,30.450000762939453,0.3540000021457672,17.334569931030273,28.450002670288086,158.95867919921875,28.399999618530273,116.0,4.75,0.9300000071525574,33.73808288574219,38.189334869384766,46.0,243.315673828125,6.150000095367432,166.76300048828125,16.0,24.646114349365234,6.0,0.3709999918937683,9.479999542236328
2025-07-23,189.17666625976562,46.77000045776367,7.669789791107178,544.1923217773438,284.3307189941406,3.299999952316284,78.05097198486328,8.5,13.359999656677246,49.970001220703125,15.040722846984863,0.4699999988079071,44.45254135131836,111.4405517578125,56.02000045776367,12.289999961853027,28.25,2.5999999046325684,0.008999999612569809,6.320000171661377,16.790000915527344,48.60480499267578,22.5,2.5199999809265137,16.3848934173584,7.050000190734863,25.0,14.68497085571289,1.649999976158142,0.7670000195503235,21.5,547.8048095703125,137.90863037109375,7.5,8.539999961853027,42.0,0.2590000033378601,167.0,153.23556518554688,1.6305999755859375,4.300000190734863,39.0,14.199999809265137,0.18000000715255737,0.800000011920929,0.29899999499320984,354.2136535644531,29.97123146057129,1250.173828125,2.3826370239257812,50.7400016784668,142.200439453125,7.800000190734863,22.18000030517578,365.79425048828125,166.0500030517578,158.70693969726562,116.0854263305664,124.0,0.0010000000474974513,35.603694915771484,44.0,3.180000066757202,10.390000343322754,503.7200012207031,5.0,4.0,176.5,0.6489999890327454,12.0,822.0,0.05900000035762787,9.800000190734863,3.259999990463257,40.709999084472656,32.393253326416016,1.6399999856948853,10.609999656677246,369.0199890136719,404.7135314941406,40.095924377441406,2.5,322.1347961425781,3.5999999046325684,90.0,20.230236053466797,99.83613586425781,3.1500000953674316,225.78509521484375,7.920000076293945,135.21356201171875,16.899999618530273,9.0,70.30000305175781,5.699999809265137,13.023226737976074,54.457191467285156,13.0,41.00722122192383,55.0,30.450000762939453,0.3540000021457672,17.334569931030273,28.450002670288086,158.95867919921875,28.399999618530273,116.0,4.800000190734863,0.9300000071525574,33.939876556396484,40.10963439941406,46.0,243.45242309570312,6.190000057220459,164.37998962402344,16.0,24.922151565551758,5.949999809265137,0.3700000047683716,10.010000228881836
2025-07-24,188.9429168701172,46.83000183105469,7.670450210571289,539.5189819335938,283.6124267578125,3.299999952316284,78.05097198486328,8.5,13.359999656677246,50.45000076293945,14.801347732543945,0.4699999988079071,44.29688262939453,111.4405517578125,55.15999984741211,12.40999984741211,28.25,2.5999999046325684,0.008999999612569809,6.449999809265137,17.010000228881836,49.2740478515625,22.5,2.5199999809265137,16.789823532104492,7.150000095367432,25.0,15.191692352294922,1.590000033378601,0.7540000081062317,21.5,542.3753051757812,138.24642944335938,7.5,8.539999961853027,42.0,0.2590000033378601,169.0,155.75758361816406,1.6305999755859375,4.28000020980835,39.0,14.199999809265137,0.18000000715255737,0.800000011920929,0.29899999499320984,354.2136535644531,29.99065399169922,1250.173828125,2.3045175075531006,50.0,141.8179168701172,7.800000190734863,23.700000762939453,365.79425048828125,175.1999969482422,162.7101287841797,115.8517837524414,124.0,0.0010000000474974513,35.603694915771484,44.0,3.2100000381469727,10.390000343322754,509.010009765625,5.0,4.0,176.8699951171875,0.6489999890327454,12.0,806.0,0.05900000035762787,9.699999809265137,3.309999942779541,41.11000061035156,32.393253326416016,1.6399999856948853,10.609999656677246,369.0199890136719,407.9930114746094,43.160274505615234,2.569999933242798,317.607421875,3.5999999046325684,90.0,19.978687286376953,99.83613586425781,3.1600000858306885,220.8858184814453,7.920000076293945,132.7472381591797,16.350000381469727,8.949999809265137,74.0,5.699999809265137,13.120414733886719,53.368045806884766,13.0,39.678672790527344,55.0,30.450000762939453,0.3540000021457672,17.334569931030273,28.450002670288086,158.95867919921875,28.399999618530273,116.0,4.800000190734863,0.9300000071525574,33.872615814208984,39.19379806518555,46.0,245.40589904785156,6.199999809265137,168.08583068847656,16.0,25.1390380859375,5.949999809265137,0.3700000047683716,9.84000015258789
2025-07-25,190.82269287109375,47.630001068115234,7.67303991317749,535.7955932617188,278.35479736328125,3.299999952316284,78.39786529541016,8.5,13.359999656677246,50.54999923706055,14.91106128692627,0.4699999988079071,44.02653121948242,111.4405517578125,54.599998474121094,12.8100004196167,28.25,2.5999999046325684,0.008999999612569809,6.440000057220459,17.079999923706055,49.33397674560547,22.5,2.5199999809265137,16.908340454101562,7.0,25.0,15.440085411071777,1.590000033378601,0.7170000076293945,21.5,536.1494140625,139.09091186523438,7.5,8.539999961853027,42.0,0.2590000033378601,169.8000030517578,153.3128662109375,1.6305999755859375,4.190000057220459,39.0,14.199999809265137,0.18000000715255737,0.800000011920929,0.29899999499320984,354.2136535644531,29.99065399169922,1250.173828125,2.2849879264831543,54.08000183105469,144.86830139160156,7.800000190734863,23.690000534057617,365.79425048828125,180.5399932861328,161.0877227783203,115.31632232666016,124.0,0.0010000000474974513,35.603694915771484,44.0,3.200000047683716,10.390000343322754,505.7799987792969,5.0,4.0,176.88999938964844,0.6489999890327454,12.0,819.8400268554688,0.05900000035762787,9.579999923706055,3.259999990463257,39.97999954223633,32.393253326416016,1.590000033378601,10.609999656677246,369.010009765625,407.8555908203125,41.82502365112305,2.509999990463257,324.8472900390625,3.75,90.0,20.22056007385254,99.83613586425781,3.130000114440918,221.3330078125,7.920000076293945,135.95062255859375,16.6200008392334,8.710000038146973,74.0,5.5,13.130133628845215,56.09090805053711,13.0,40.46457290649414,55.0,29.290000915527344,0.3540000021457672,17.334569931030273,28.450002670288086,158.95867919921875,28.399999618530273,116.0,4.75,0.9300000071525574,33.075042724609375,39.13471221923828,46.0,242.49520874023438,6.199999809265137,168.241455078125,16.0,25.277055740356445,5.949999809265137,0.3700000047683716,10.069999694824219
2025-07-28,193.45245361328125,47.040000915527344,7.677239894866943,536.7549438476562,285.318359375,3.3499999046325684,78.89892578125,8.5,13.359999656677246,49.630001068115234,14.91106128692627,0.4699999988079071,44.47711944580078,111.4405517578125,54.27000045776367,12.40999984741211,28.25,2.5999999046325684,0.008999999612569809,6.420000076293945,17.18000030517578,50.92217254638672,22.5,2.5199999809265137,16.789823532104492,7.010000228881836,25.0,15.638798713684082,1.5299999713897705,0.7300000190734863,21.5,538.0919799804688,136.86544799804688,7.5,8.539999961853027,42.0,0.2590000033378601,168.8000030517578,150.72315979003906,1.6305999755859375,4.199999809265137,39.0,14.199999809265137,0.18000000715255737,0.800000011920929,0.28299999237060547,354.2136535644531,29.98094367980957,1250.173828125,2.3435773849487305,55.4900016784668,145.88833618164062,7.800000190734863,24.579999923706055,365.79425048828125,180.25999450683594,157.35333251953125,117.39971160888672,124.0,0.0010000000474974513,35.603694915771484,44.0,3.119999885559082,10.390000343322754,505.8800048828125,5.0,4.0,176.88999938964844,0.6489999890327454,12.0,829.469970703125,0.05900000035762787,9.260000228881836,3.3499999046325684,39.849998474121094,32.393253326416016,1.590000033378601,10.75,369.0299987792969,407.6493835449219,43.56372833251953,2.5299999713897705,328.33905029296875,3.799999952316284,90.0,20.85910415649414,99.83613586425781,3.200000047683716,225.72549438476562,7.920000076293945,136.72549438476562,16.639999389648438,8.569999694824219,74.0,5.5,13.266197204589844,56.189918518066406,13.0,40.4084358215332,55.0,29.290000915527344,0.3540000021457672,17.334569931030273,28.450002670288086,158.95867919921875,28.399999618530273,116.0,4.800000190734863,0.9300000071525574,33.28644943237305,39.39075469970703,46.0,233.57757568359375,6.199999809265137,170.20623779296875,16.0,24.94186782836914,5.949999809265137,0.3700000047683716,10.319999694824219
2025-07-29,192.04017639160156,46.630001068115234,7.6797099113464355,541.3617553710938,288.17169189453125,3.3499999046325684,78.89892578125,8.5,13.359999656677246,49.54999923706055,14.761451721191406,0.4699999988079071,44.15761184692383,111.4405517578125,54.61000061035156,12.789999961853027,28.25,2.5999999046325684,0.008999999612569809,6.400000095367432,17.040000915527344,52.10083770751953,22.5,2.5199999809265137,16.888587951660156,6.940000057220459,25.0,16.066036224365234,1.5299999713897705,0.7319999933242798,21.5,535.6637573242188,136.94493103027344,7.5,8.539999961853027,42.0,0.2590000033378601,169.97000122070312,150.36566162109375,1.6305999755859375,4.0,39.0,14.199999809265137,0.18000000715255737,0.800000011920929,0.2919999957084656,354.2136535644531,29.13599967956543,1250.173828125,2.3142824172973633,56.349998474121094,147.1241912841797,7.800000190734863,23.899999618530273,365.79425048828125,178.50999450683594,158.9373321533203,120.14511108398438,124.0,0.0010000000474974513,35.603694915771484,44.0,3.1700000762939453,10.390000343322754,508.70001220703125,5.0,4.0,176.88999938964844,0.6489999890327454,12.0,865.0,0.05900000035762787,9.100000381469727,3.25,40.06999969482422,32.393253326416016,1.590000033378601,10.5600004196167,373.989990234375,420.27642822265625,44.18812561035156,2.4200000762939453,325.301025390625,3.799999952316284,90.0,21.391225814819336,99.83613586425781,3.0,226.58013916015625,7.920000076293945,140.9872283935547,16.809999465942383,9.279999732971191,74.0,5.5,13.100976943969727,55.44731903076172,13.0,42.00830841064453,55.0,29.290000915527344,0.3540000021457672,17.334569931030273,28.450002670288086,158.95867919921875,28.399999618530273,116.0,4.760000228881836,0.9300000071525574,33.61316680908203,39.784664154052734,46.0,240.33660888671875,6.25,176.3923797607422,16.0,25.119319915771484,5.75,0.3790000081062317,10.319999694824219
2025-07-30,189.50784301757812,46.45000076293945,7.684810161590576,536.9259033203125,291.48388671875,3.369999885559082,78.05097198486328,8.75,13.359999656677246,48.7400016784668,14.861190795898438,0.4699999988079071,45.73057174682617,111.4405517578125,51.65999984741211,12.609999656677246,28.25,2.5999999046325684,0.008999999612569809,6.400000095367432,16.780000686645508,52.160770416259766,22.5,2.5199999809265137,16.86883544921875,6.760000228881836,25.0,15.98654842376709,1.5299999713897705,0.7490000128746033,21.5,537.1206665039062,132.2357177734375,7.5,8.539999961853027,42.0,0.2590000033378601,172.38999938964844,151.79576110839844,1.6305999755859375,4.0,39.0,14.199999809265137,0.18000000715255737,0.800000011920929,0.28600001335144043,354.2136535644531,29.13599967956543,1250.173828125,2.3045175075531006,55.59000015258789,149.57626342773438,7.800000190734863,23.899999618530273,355.79986572265625,173.27000427246094,160.48292541503906,115.8517837524414,124.0,0.0010000000474974513,35.603694915771484,44.0,3.200000047683716,10.390000343322754,503.2099914550781,5.0,4.0,176.88999938964844,0.6489999890327454,12.0,855.7999877929688,0.05900000035762787,9.119999885559082,3.240000009536743,40.290000915527344,33.78036880493164,1.590000033378601,10.75,369.5199890136719,423.6344909667969,41.99793243408203,2.369999885559082,320.5664978027344,3.799999952316284,90.0,20.684955596923828,99.83613586425781,3.1500000953674316,223.30068969726562,7.920000076293945,139.94778442382812,16.739999771118164,10.520000457763672,74.0,5.449999809265137,13.295354843139648,55.93248748779297,13.0,40.792030334472656,55.0,29.290000915527344,0.3540000021457672,16.821884155273438,28.450002670288086,158.95867919921875,28.399999618530273,116.0,4.800000190734863,0.9300000071525574,33.7476921081543,40.01115798950195,46.0,242.29010009765625,6.25,172.17100524902344,16.0,24.646114349365234,5.75,0.37599998712539673,10.869999885559082
2025-07-31,191.5629119873047,46.79999923706055,7.688029766082764,543.3279418945312,312.49444580078125,3.369999885559082,78.05097198486328,8.75,13.359999656677246,48.58000183105469,14.861190795898438,0.4699999988079071,44.42796325683594,111.4405517578125,52.040000915527344,12.829999923706055,28.25,2.5999999046325684,0.008999999612569809,6.590000152587891,16.530000686645508,53.10969161987305,22.5,2.5199999809265137,16.84908103942871,7.130000114440918,25.0,16.354169845581055,1.5299999713897705,0.7350000143051147,21.5,536.1494140625,133.22923278808594,7.5,8.539999961853027,42.0,0.2590000033378601,170.0,151.5155487060547,1.6305999755859375,4.039999961853027,39.0,14.199999809265137,0.18000000715255737,0.800000011920929,0.2879999876022339,354.2136535644531,29.13599967956543,1250.173828125,2.294752597808838,54.77000045776367,149.723388671875,7.800000190734863,23.639999389648438,355.3001403808594,176.3800048828125,161.28932189941406,114.57643127441406,124.0,0.0010000000474974513,35.603694915771484,44.5,3.180000066757202,10.390000343322754,495.45001220703125,5.0,4.0,176.88999938964844,0.6489999890327454,12.0,846.219970703125,0.05900000035762787,9.029999732971191,3.2300000190734863,40.369998931884766,33.78036880493164,1.590000033378601,10.739999771118164,369.2200012207031,426.3739318847656,41.09495544433594,2.390000104904175,320.53692626953125,3.869999885559082,90.0,21.07195472717285,99.83613586425781,3.380000114440918,221.60133361816406,7.920000076293945,137.83108520507812,16.309999465942383,10.399999618530273,73.9000015258789,5.449999809265137,13.32451057434082,56.00179672241211,13.0,39.66931915283203,55.0,29.290000915527344,0.3540000021457672,17.315223693847656,28.450002670288086,158.95867919921875,28.399999618530273,118.0,4.789999961853027,0.9300000071525574,33.939876556396484,39.91268539428711,46.0,245.16171264648438,6.25,166.27667236328125,16.0,25.622100830078125,6.0,0.367000013589859,11.029999732971191
2025-08-01,191.21229553222656,46.5,7.690040111541748,545.6361083984375,312.27496337890625,3.369999885559082,78.05097198486328,8.75,13.300000190734863,47.959999084472656,14.861190795898438,0.4699999988079071,44.15761184692383,111.4405517578125,52.470001220703125,12.670000076293945,28.25,2.5999999046325684,0.008999999612569809,6.599999904632568,16.049999237060547,52.93988800048828,22.5,2.5199999809265137,16.730566024780273,7.039999961853027,25.0,15.73815631866455,1.5299999713897705,0.7360000014305115,21.5,530.4188232421875,129.24525451660156,7.5,8.539999961853027,42.0,0.2590000033378601,172.5,152.2305908203125,1.6305999755859375,4.0,39.0,14.199999809265137,0.18000000715255737,0.800000011920929,0.28999999165534973,354.2136535644531,29.13599967956543,1090.6251220703125,2.265458106994629,54.83000183105469,149.94898986816406,7.800000190734863,23.6299991607666,364.7947998046875,175.22999572753906,158.9373321533203,115.49156188964844,124.0,0.0010000000474974513,35.603694915771484,44.5,3.1600000858306885,10.390000343322754,492.1700134277344,5.0,4.0,176.8800048828125,0.6489999890327454,12.0,820.0,0.05900000035762787,9.100000381469727,3.200000047683716,40.970001220703125,34.84926223754883,1.5499999523162842,10.699999809265137,369.0199890136719,422.7115173339844,40.68189239501953,2.4000000953674316,321.03997802734375,3.549999952316284,90.0,20.55918312072754,99.83613586425781,3.5,228.75648498535156,7.920000076293945,135.1946563720703,16.600000381469727,10.15999984741211,77.25,5.449999809265137,13.56748104095459,54.73442459106445,13.0,39.491554260253906,55.0,29.290000915527344,0.3540000021457672,17.315223693847656,28.450002670288086,158.95867919921875,28.399999618530273,118.0,4.789999961853027,0.9300000071525574,34.170501708984375,40.67095184326172,44.0,242.51473999023438,6.25,163.9909210205078,16.0,24.547531127929688,6.0,0.37599998712539673,10.800000190734863
2025-08-04,191.2317657470703,46.72999954223633,7.7035698890686035,541.6941528320312,321.57305908203125,3.369999885559082,78.05097198486328,8.75,13.279999732971191,47.880001068115234,14.462233543395996,0.4699999988079071,44.15761184692383,111.4405517578125,51.77000045776367,12.579999923706055,28.25,2.5999999046325684,0.008999999612569809,6.519999980926514,16.209999084472656,52.98982620239258,22.5,2.5199999809265137,16.770071029663086,7.210000038146973,25.0,15.4102783203125,1.5299999713897705,0.7379999756813049,21.5,531.3804321289062,128.06297302246094,7.5,8.539999961853027,42.0,0.2590000033378601,172.5,151.7571258544922,1.6305999755859375,3.990000009536743,39.0,14.199999809265137,0.18000000715255737,0.800000011920929,0.29100000858306885,354.2136535644531,29.13599967956543,1090.6251220703125,2.3045175075531006,54.0,148.49734497070312,7.800000190734863,23.969999313354492,364.7947998046875,173.8300018310547,157.5645294189453,118.87950897216797,124.0,0.0010000000474974513,35.603694915771484,44.5,3.1600000858306885,10.390000343322754,496.3500061035156,5.0,4.0,176.8699951171875,0.6489999890327454,12.0,832.5,0.05900000035762787,9.0,3.180000066757202,40.369998931884766,34.84926223754883,1.5499999523162842,10.699999809265137,370.4599914550781,422.48565673828125,40.047889709472656,2.3499999046325684,318.613525390625,3.640000104904175,90.0,20.317310333251953,99.83613586425781,3.440000057220459,230.53533935546875,7.920000076293945,134.0890655517578,16.68000030517578,9.670000076293945,77.25,5.449999809265137,13.305072784423828,54.358177185058594,13.0,39.164093017578125,55.0,29.290000915527344,0.3540000021457672,17.315223693847656,28.450002670288086,158.95867919921875,28.399999618530273,118.0,4.75,0.9300000071525574,33.872615814208984,40.80881881713867,45.0,240.3268585205078,6.25,163.89364624023438,16.0,25.109460830688477,6.0,0.3790000081062317,10.579999923706055
2025-08-05,193.60829162597656,46.529998779296875,7.707429885864258,544.6387939453125,322.74029541015625,3.369999885559082,77.0873794555664,8.75,13.279999732971191,48.59000015258789,14.71158218383789,0.4699999988079071,44.23953628540039,111.4405517578125,51.97999954223633,12.229999542236328,28.25,2.5999999046325684,0.008999999612569809,6.5,15.970000267028809,52.730125427246094,22.5,2.5199999809265137,16.770071029663086,7.0,25.0,15.499700546264648,1.4199999570846558,0.7289999723434448,21.5,534.2068481445312,127.8642807006836,7.5,8.539999961853027,42.0,0.2590000033378601,172.5,150.21102905273438,1.6305999755859375,3.930000066757202,38.0,14.199999809265137,0.18000000715255737,0.800000011920929,0.28999999165534973,354.2136535644531,29.13599967956543,1090.6251220703125,2.294752597808838,54.16999816894531,148.6641082763672,7.800000190734863,23.280000686645508,364.7947998046875,174.35000610351562,161.913330078125,117.64309692382812,124.0,0.0010000000474974513,35.603694915771484,44.5,3.180000066757202,10.390000343322754,509.7300109863281,5.0,4.0,176.8699951171875,0.6489999890327454,12.0,845.0,0.05900000035762787,8.789999961853027,3.200000047683716,40.779998779296875,34.84926223754883,1.5499999523162842,10.699999809265137,373.010009765625,429.0643005371094,41.066139221191406,2.4000000953674316,320.5862121582031,3.619999885559082,90.0,20.491458892822266,99.83613586425781,3.4800000190734863,236.50791931152344,7.920000076293945,134.3158416748047,16.780000686645508,9.100000381469727,77.25,5.429999828338623,13.305072784423828,55.17998504638672,13.0,39.744163513183594,55.0,29.290000915527344,0.3540000021457672,17.315223693847656,28.450002670288086,158.95867919921875,28.399999618530273,118.0,4.75,0.9300000071525574,34.477996826171875,40.52323913574219,45.0,243.43287658691406,6.25,163.66993713378906,16.0,24.98130226135254,6.0,0.36899998784065247,10.579999923706055
2025-08-06,193.5401153564453,46.29999923706055,7.669750213623047,552.066650390625,327.229736328125,3.369999885559082,78.05097198486328,8.75,13.359999656677246,49.810001373291016,14.55199909210205,0.4699999988079071,44.22315216064453,111.4405517578125,51.4900016784668,12.369999885559082,28.25,2.5999999046325684,0.008999999612569809,6.5,16.010000228881836,52.56031799316406,22.5,2.5199999809265137,16.65155601501465,7.090000152587891,25.0,15.489763259887695,1.4700000286102295,0.734000027179718,21.5,534.2068481445312,128.46038818359375,7.5,8.539999961853027,42.0,0.2590000033378601,168.0,150.75216674804688,1.6305999755859375,3.6700000762939453,38.0,14.199999809265137,0.18000000715255737,0.800000011920929,0.28999999165534973,354.2136535644531,29.13599967956543,1090.6251220703125,2.3045175075531006,54.43000030517578,150.44918823242188,7.800000190734863,22.969999313354492,364.7947998046875,176.85000610351562,161.23171997070312,116.52352905273438,124.0,0.0010000000474974513,35.603694915771484,44.5,3.1600000858306885,10.390000343322754,540.8200073242188,5.0,4.0,176.86000061035156,0.6489999890327454,12.0,849.3599853515625,0.05900000035762787,8.850000381469727,3.2200000286102295,40.4900016784668,34.84926223754883,1.5499999523162842,11.010000228881836,369.1600036621094,436.5953369140625,41.25825881958008,2.4000000953674316,316.23638916015625,3.630000114440918,90.0,20.878454208374023,99.83613586425781,3.619999885559082,236.24952697753906,7.920000076293945,132.75668334960938,16.610000610351562,8.989999771118164,77.25,5.429999828338623,13.207884788513184,55.24929428100586,13.0,39.098602294921875,55.0,29.290000915527344,0.3540000021457672,17.315223693847656,28.450002670288086,158.95867919921875,28.399999618530273,118.0,4.78000020980835,0.9300000071525574,34.30503463745117,41.51785659790039,45.0,245.06402587890625,6.400000095367432,164.13682556152344,16.0,24.646114349365234,6.0,0.3700000047683716,10.869999885559082
2025-08-07,193.84205627441406,46.33000183105469,7.673279762268066,552.0571899414062,335.2109375,3.299999952316284,77.28009033203125,8.75,13.399999618530273,50.599998474121094,14.55199909210205,0.4699999988079071,43.95280075073242,110.4532241821289,52.349998474121094,12.34000015258789,28.25,2.5999999046325684,0.008999999612569809,6.510000228881836,16.0,53.26951217651367,22.5,2.5199999809265137,17.431787490844727,7.0,25.0,15.897127151489258,1.4700000286102295,0.7250000238418579,21.5,534.2068481445312,132.13636779785156,7.5,8.539999961853027,42.0,0.2590000033378601,168.99000549316406,154.40475463867188,1.6305999755859375,3.7799999713897705,38.0,14.199999809265137,0.18000000715255737,0.800000011920929,0.28700000047683716,354.2136535644531,29.13599967956543,1090.6251220703125,2.3045175075531006,55.189998626708984,156.8147735595703,7.800000190734863,23.34000015258789,364.7947998046875,177.11000061035156,160.809326171875,118.74320983886719,124.0,0.0010000000474974513,35.603694915771484,44.5,3.180000066757202,10.390000343322754,574.6099853515625,5.0,4.0,176.83999633789062,0.6489999890327454,12.0,835.4500122070312,0.05900000035762787,8.850000381469727,3.190000057220459,40.040000915527344,34.84926223754883,1.5499999523162842,11.0,369.1700134277344,442.2411804199219,41.04692840576172,2.4200000762939453,319.57025146484375,3.630000114440918,90.0,21.07195472717285,99.83613586425781,3.559999942779541,244.9649200439453,7.920000076293945,134.65603637695312,16.93000030517578,9.119999885559082,77.25,5.429999828338623,13.091259002685547,56.41764831542969,13.0,39.65996170043945,55.0,29.290000915527344,0.3540000021457672,17.315223693847656,28.450002670288086,158.95867919921875,28.399999618530273,118.0,4.78000020980835,0.9300000071525574,35.333221435546875,42.02993392944336,45.0,247.86727905273438,6.400000095367432,163.10580444335938,16.0,24.547531127929688,6.0,0.36800000071525574,10.869999885559082
2025-08-08,192.10836791992188,46.5099983215332,7.679190158843994,550.347412109375,345.16754150390625,3.299999952316284,77.28009033203125,8.75,13.399999618530273,50.560001373291016,14.55199909210205,0.4699999988079071,44.10026550292969,110.4532241821289,52.209999084472656,12.25,28.25,2.5999999046325684,0.008999999612569809,6.5,15.729999542236328,52.86996078491211,22.5,2.5199999809265137,17.51079750061035,6.960000038146973,25.0,15.956742286682129,1.4600000381469727,0.7300000190734863,21.5,534.2068481445312,132.13636779785156,7.5,8.539999961853027,42.0,0.2590000033378601,168.69000244140625,152.04701232910156,1.6305999755859375,3.7200000286102295,38.0,14.199999809265137,0.18000000715255737,0.800000011920929,0.2849999964237213,354.2136535644531,29.13599967956543,1090.6251220703125,2.265458106994629,54.869998931884766,155.94183349609375,7.800000190734863,23.43000030517578,364.7947998046875,177.3699951171875,161.3085174560547,119.64860534667969,124.0,0.0010000000474974513,35.603694915771484,44.5,3.1500000953674316,10.390000343322754,581.1699829101562,5.0,4.0,176.8300018310547,0.6489999890327454,12.0,794.219970703125,0.05900000035762787,8.710000038146973,3.2200000286102295,40.0,35.89368438720703,1.5499999523162842,11.0,369.0199890136719,439.8945007324219,40.97968292236328,2.4200000762939453,319.33355712890625,3.630000114440918,90.0,21.042926788330078,100.8246078491211,3.5799999237060547,233.54647827148438,7.920000076293945,135.0056610107422,17.280000686645508,8.90999984741211,77.25,5.449999809265137,13.1690092086792,56.17011642456055,13.0,40.034202575683594,55.0,29.290000915527344,0.3540000021457672,17.315223693847656,28.450002670288086,158.95867919921875,28.399999618530273,118.0,4.789999961853027,0.9300000071525574,35.26595687866211,41.24211883544922,45.0,243.15939331054688,6.400000095367432,161.7148895263672,16.0,24.616539001464844,6.0,0.3700000047683716,10.390000343322754
2025-08-11,191.4071044921875,47.310001373291016,7.682270050048828,555.210693359375,348.16046142578125,3.3499999046325684,77.28009033203125,8.75,13.5,50.79999923706055,14.302650451660156,0.4699999988079071,43.805335998535156,110.46300506591797,52.08000183105469,12.199999809265137,28.200000762939453,2.5999999046325684,0.008999999612569809,6.579999923706055,15.350000381469727,52.91990661621094,22.5,2.5199999809265137,17.53055191040039,6.900000095367432,25.0,16.075969696044922,1.4600000381469727,0.7239999771118164,21.5,534.2068481445312,131.28195190429688,7.5,8.539999961853027,42.0,0.2590000033378601,170.0,154.09555053710938,1.6305999755859375,3.7899999618530273,38.0,14.199999809265137,0.18000000715255737,0.800000011920929,0.28999999165534973,354.2136535644531,29.13599967956543,1090.6251220703125,2.226398468017578,54.5,156.53033447265625,7.800000190734863,23.200000762939453,364.7947998046875,178.58999633789062,162.92132568359375,120.08670043945312,124.0,0.0010000000474974513,35.603694915771484,43.0,3.1500000953674316,10.390000343322754,578.3300170898438,5.0,4.0,176.5800018310547,0.6489999890327454,12.0,799.0999755859375,0.05900000035762787,8.6899995803833,3.2200000286102295,39.70000076293945,35.89368438720703,1.5499999523162842,11.0,373.8999938964844,447.00335693359375,40.67228698730469,2.4100000858306885,320.556640625,3.6600000858306885,90.0,21.933019638061523,100.8246078491211,3.640000104904175,239.27059936523438,7.920000076293945,135.5631866455078,16.8700008392334,8.729999542236328,77.25,5.449999809265137,13.207884788513184,56.140411376953125,13.0,39.86579513549805,55.0,29.290000915527344,0.3540000021457672,17.315223693847656,28.450002670288086,158.95867919921875,28.399999618530273,118.0,4.889999866485596,0.9300000071525574,35.342830657958984,41.60648727416992,44.0,239.0570831298828,6.400000095367432,162.18177795410156,16.0,25.119319915771484,6.0,0.3499999940395355,10.529999732971191
2025-08-12,191.73825073242188,47.70000076293945,7.685999870300293,570.8928833007812,340.76788330078125,3.3499999046325684,77.28009033203125,8.75,13.5,50.689998626708984,14.302650451660156,0.4699999988079071,43.42847442626953,110.46300506591797,51.709999084472656,12.300000190734863,28.200000762939453,2.5999999046325684,0.008999999612569809,6.579999923706055,15.180000305175781,52.99981689453125,22.5,2.5199999809265137,17.50092124938965,6.769999980926514,25.0,16.125648498535156,1.5,0.7149999737739563,21.5,534.2068481445312,129.1558380126953,7.5,8.539999961853027,42.0,0.2590000033378601,170.0,152.76205444335938,1.6305999755859375,3.7200000286102295,38.0,14.199999809265137,0.18000000715255737,0.800000011920929,0.2930000126361847,354.2136535644531,29.13599967956543,1090.6251220703125,2.128749370574951,54.5,152.86203002929688,7.800000190734863,23.010000228881836,364.7947998046875,175.6699981689453,162.8349151611328,125.79167938232422,124.0,0.0010000000474974513,35.603694915771484,43.0,3.1600000858306885,10.390000343322754,583.489990234375,5.0,4.0,176.49000549316406,0.6489999890327454,12.0,790.0,0.05900000035762787,8.6899995803833,3.180000066757202,39.560001373291016,35.89368438720703,1.5499999523162842,11.130000114440918,373.8999938964844,456.3999938964844,41.21023178100586,2.4000000953674316,319.1954650878906,3.5999999046325684,90.0,22.387739181518555,100.8246078491211,3.7899999618530273,240.8507080078125,7.920000076293945,137.77439880371094,17.280000686645508,8.609999656677246,77.25,5.349999904632568,13.100976943969727,55.714656829833984,13.0,40.427146911621094,55.0,29.290000915527344,0.3540000021457672,17.218490600585938,28.450002670288086,158.95867919921875,28.399999618530273,118.0,4.949999809265137,0.9300000071525574,35.07377243041992,42.35491180419922,44.0,243.87240600585938,6.400000095367432,166.66574096679688,16.0,25.119319915771484,6.0,0.3709999918937683,11.109999656677246
2025-08-13,192.54664611816406,47.40999984741211,7.6898698806762695,571.8236694335938,346.3148193359375,3.369999885559082,77.28009033203125,8.75,13.5,50.2400016784668,13.973509788513184,0.4699999988079071,44.55085372924805,110.35547637939453,52.25,12.510000228881836,28.200000762939453,2.5999999046325684,0.008999999612569809,6.5,15.399999618530273,53.838863372802734,22.5,2.5199999809265137,17.451539993286133,6.929999828338623,25.0,16.075969696044922,1.4900000095367432,0.699999988079071,21.5,524.2997436523438,128.87767028808594,7.5,8.539999961853027,42.0,0.2590000033378601,170.0,153.6414031982422,1.6305999755859375,3.700000047683716,38.0,14.199999809265137,0.18000000715255737,0.800000011920929,0.2630000114440918,354.2136535644531,29.13599967956543,1090.6251220703125,2.099454879760742,55.59000015258789,153.8918914794922,7.800000190734863,23.520000457763672,369.7919921875,174.9600067138672,161.93251037597656,124.23400115966797,124.0,0.0010000000474974513,35.603694915771484,43.0,3.1500000953674316,10.390000343322754,563.780029296875,5.0,4.0,176.47000122070312,0.6489999890327454,12.0,806.2999877929688,0.05900000035762787,9.020000457763672,3.190000057220459,39.2400016784668,35.89368438720703,1.6299999952316284,11.130000114440918,371.0,455.57000732421875,41.35432434082031,2.359999895095825,324.77825927734375,3.5,90.0,21.749195098876953,100.8246078491211,3.759999990463257,237.98863220214844,7.920000076293945,137.8405303955078,16.700000762939453,8.819999694824219,77.25,5.420000076293945,13.120414733886719,55.34830856323242,13.0,39.94999694824219,55.0,29.290000915527344,0.3540000021457672,17.12175750732422,28.450002670288086,158.95867919921875,28.399999618530273,118.0,4.820000171661377,0.9300000071525574,34.843143463134766,41.66556930541992,44.0,238.60777282714844,6.400000095367432,166.3642120361328,16.0,24.399654388427734,6.0,0.3700000047683716,11.050000190734863
2025-08-14,190.335693359375,48.09000015258789,7.695240020751953,571.7286987304688,374.1193542480469,3.369999885559082,77.0873794555664,9.010000228881836,13.1899995803833,49.79999923706055,14.16301441192627,0.4699999988079071,44.19857406616211,110.35547637939453,51.599998474121094,12.279999732971191,28.200000762939453,2.5999999046325684,0.008999999612569809,6.550000190734863,15.199999809265137,53.6590690612793,22.5,2.5199999809265137,17.461416244506836,6.900000095367432,25.0,15.897127151489258,1.4900000095367432,0.6899999976158142,21.5,525.4652709960938,127.6059799194336,7.5,8.5,42.0,0.2590000033378601,170.0,151.73779296875,1.6305999755859375,3.700000047683716,38.0,14.199999809265137,0.18000000715255737,0.800000011920929,0.2879999876022339,354.2136535644531,29.13599967956543,1090.6251220703125,2.040865182876587,56.060001373291016,152.4010467529297,7.800000190734863,22.75,370.0,175.11000061035156,162.13412475585938,124.6331558227539,124.0,0.0010000000474974513,35.603694915771484,43.0,3.200000047683716,10.390000343322754,547.5,5.0,4.0,176.33999633789062,0.6489999890327454,12.0,771.8300170898438,0.05900000035762787,8.800000190734863,3.200000047683716,38.5,35.89368438720703,1.6799999475479126,11.130000114440918,369.260009765625,459.510009765625,40.787559509277344,2.4100000858306885,322.5195007324219,3.630000114440918,90.0,20.76235580444336,100.8246078491211,3.819999933242798,240.51283264160156,7.920000076293945,137.2641143798828,16.899999618530273,8.90999984741211,77.25,5.349999904632568,13.499449729919434,55.10077667236328,13.0,39.9312858581543,55.0,29.290000915527344,0.3540000021457672,17.12175750732422,28.450002670288086,158.95867919921875,28.399999618530273,118.0,4.849999904632568,0.9300000071525574,34.68939971923828,39.88313674926758,44.0,239.46731567382812,6.400000095367432,163.9617462158203,16.0,24.922151565551758,6.0,0.37700000405311584,11.039999961853027
2025-08-15,193.57907104492188,47.34000015258789,7.696020126342773,580.6478271484375,389.0841369628906,3.369999885559082,77.0873794555664,8.75,13.1899995803833,49.56999969482422,14.27272891998291,0.4699999988079071,44.23953628540039,110.35547637939453,51.75,12.489999771118164,28.200000762939453,2.5999999046325684,0.008999999612569809,6.5,15.199999809265137,53.389373779296875,22.5,2.5199999809265137,17.65894317626953,7.0,25.0,15.857385635375977,1.4800000190734863,0.6790000200271606,21.5,524.0083618164062,130.5368194580078,7.5,8.5,42.0,0.2590000033378601,164.91000366210938,152.68475341796875,1.6305999755859375,3.7300000190734863,38.0,14.199999809265137,0.18000000715255737,0.800000011920929,0.24199999868869781,354.2136535644531,29.13599967956543,1090.6251220703125,2.0896899700164795,56.709999084472656,152.50894165039062,7.800000190734863,22.290000915527344,370.0,175.64999389648438,160.31973266601562,123.86405944824219,124.0,0.0010000000474974513,35.603694915771484,43.0,3.1700000762939453,10.390000343322754,531.0,5.0,4.0,173.57000732421875,0.6489999890327454,12.0,777.3099975585938,0.05900000035762787,8.84000015258789,3.1500000953674316,38.970001220703125,38.349693298339844,1.7899999618530273,11.130000114440918,369.75,467.0,41.748172760009766,2.359999895095825,323.4664001464844,3.640000104904175,90.0,20.39470863342285,100.8246078491211,3.799999952316284,234.7091827392578,7.920000076293945,136.65933227539062,16.899999618530273,9.1899995803833,77.25,5.349999904632568,13.431417465209961,54.991859436035156,13.0,39.94999694824219,55.0,29.290000915527344,0.3540000021457672,17.12175750732422,28.450002670288086,158.95867919921875,28.399999618530273,118.0,4.800000190734863,0.9300000071525574,34.25698471069336,41.26181411743164,45.0,244.9565887451172,6.400000095367432,164.16600036621094,16.0,24.912294387817383,5.820000171661377,0.37299999594688416,10.9399995803833
2025-08-18,193.05313110351562,47.220001220703125,7.698750019073486,583.9913330078125,371.625244140625,3.369999885559082,75.18910217285156,8.75,13.1899995803833,48.540000915527344,14.262754440307617,0.4699999988079071,44.59181213378906,110.35547637939453,52.099998474121094,12.550000190734863,28.200000762939453,2.5999999046325684,0.008999999612569809,6.5,15.149999618530273,53.39936447143555,22.5,2.5199999809265137,17.70832633972168,6.809999942779541,25.0,16.085906982421875,1.5,0.6610000133514404,21.5,520.5408325195312,127.75499725341797,7.5,8.5,42.0,0.2590000033378601,169.0,152.4528350830078,1.6305999755859375,3.6600000858306885,38.0,14.199999809265137,0.18000000715255737,0.800000011920929,0.25999999046325684,354.2136535644531,29.98094367980957,1090.6251220703125,2.031100273132324,56.54999923706055,155.4612274169922,7.800000190734863,21.969999313354492,370.0,176.9600067138672,159.2637176513672,124.60394287109375,124.0,0.0010000000474974513,35.603694915771484,43.0,3.3499999046325684,10.390000343322754,529.75,5.0,4.0,176.10000610351562,0.6489999890327454,12.0,786.77001953125,0.05900000035762787,8.670000076293945,3.1600000858306885,38.349998474121094,39.165645599365234,1.7899999618530273,11.0,369.8999938964844,472.45001220703125,41.498416900634766,2.359999895095825,323.2691345214844,3.5799999237060547,90.0,20.472108840942383,100.8246078491211,3.75,232.5427703857422,7.920000076293945,136.59320068359375,16.739999771118164,9.34000015258789,77.25,5.349999904632568,13.499449729919434,55.645347595214844,13.0,40.08098220825195,55.0,29.290000915527344,0.3540000021457672,16.879924774169922,28.450002670288086,158.95867919921875,28.399999618530273,118.0,4.849999904632568,0.9300000071525574,34.487606048583984,41.75419998168945,42.0,243.6868438720703,6.400000095367432,162.48329162597656,16.0,24.912294387817383,5.75,0.37299999594688416,11.449999809265137
2025-08-19,195.54652404785156,47.209999084472656,7.701240062713623,585.9290771484375,354.16632080078125,3.369999885559082,75.18910217285156,8.75,13.100000381469727,48.54999923706055,14.153039932250977,0.4699999988079071,45.05059814453125,110.35547637939453,52.36000061035156,12.609999656677246,28.200000762939453,2.5999999046325684,0.008999999612569809,6.5,15.09000015258789,53.459293365478516,22.5,2.5199999809265137,17.728078842163086,6.829999923706055,25.0,16.135581970214844,1.590000033378601,0.6589999794960022,21.5,514.7811279296875,127.81460571289062,7.5,8.5,42.0,0.2590000033378601,169.97000122070312,150.45262145996094,1.6305999755859375,3.700000047683716,38.0,14.199999809265137,0.18000000715255737,0.800000011920929,0.2630000114440918,354.2136535644531,29.9129581451416,1090.6251220703125,2.0213353633880615,57.66999816894531,156.32437133789062,7.800000190734863,21.600000381469727,370.0,175.5,160.41574096679688,124.14637756347656,124.0,0.0010000000474974513,35.603694915771484,43.0,3.1500000953674316,10.390000343322754,527.989990234375,5.0,4.0,176.08999633789062,0.6489999890327454,12.0,757.3800048828125,0.05900000035762787,8.569999694824219,3.180000066757202,38.56999969482422,39.165645599365234,1.7899999618530273,11.0,370.3699951171875,473.3999938964844,40.5570182800293,2.4000000953674316,325.3898010253906,3.640000104904175,90.0,20.35601043701172,100.8246078491211,3.799999952316284,232.086669921875,7.920000076293945,134.24024963378906,16.8799991607666,9.220000267028809,77.25,5.349999904632568,13.431417465209961,55.33840560913086,13.0,39.35121536254883,55.0,29.290000915527344,0.3540000021457672,16.87025260925293,28.450002670288086,158.95867919921875,28.399999618530273,118.0,4.880000114440918,0.9300000071525574,35.1506462097168,41.547401428222656,42.0,246.13845825195312,6.400000095367432,165.58609008789062,16.0,25.1390380859375,5.75,0.38100001215934753,11.369999885559082
2025-08-20,192.45899963378906,47.41999816894531,7.704259872436523,572.8115234375,352.1810302734375,3.369999885559082,77.56917572021484,8.75,13.100000381469727,48.52000045776367,14.143067359924316,0.4699999988079071,45.21444320678711,110.35547637939453,52.15999984741211,12.579999923706055,28.0,2.5999999046325684,0.008999999612569809,6.5,15.109999656677246,52.770076751708984,22.5,2.5199999809265137,17.678695678710938,6.900000095367432,25.0,16.095842361450195,1.6200000047683716,0.6629999876022339,21.489999771118164,514.7811279296875,125.05266571044922,7.5,8.5,42.0,0.2590000033378601,166.02000427246094,151.29330444335938,1.6305999755859375,3.680000066757202,38.0,14.199999809265137,0.18000000715255737,0.800000011920929,0.2630000114440918,354.2136535644531,29.9129581451416,1090.6251220703125,2.040865182876587,57.900001525878906,155.6181640625,7.800000190734863,21.0,370.0,173.02000427246094,158.7933349609375,121.196533203125,124.0,0.0010000000474974513,35.603694915771484,43.0,3.1500000953674316,10.390000343322754,534.6900024414062,5.0,4.0,176.0399932861328,0.6489999890327454,12.0,754.0700073242188,0.05900000035762787,8.619999885559082,3.1700000762939453,38.209999084472656,39.165645599365234,1.7899999618530273,11.0,371.29998779296875,469.5299987792969,41.01810836791992,2.4100000858306885,325.8139343261719,3.5,90.0,20.62690544128418,100.8246078491211,3.8299999237060547,233.49591064453125,7.920000076293945,135.02456665039062,16.899999618530273,8.890000343322754,73.5,5.349999904632568,13.579885482788086,54.95225524902344,13.0,39.257652282714844,55.0,29.290000915527344,0.3540000021457672,17.12175750732422,28.450002670288086,158.95867919921875,28.399999618530273,118.0,4.849999904632568,0.9300000071525574,34.891197204589844,41.11410140991211,42.0,247.1054229736328,6.400000095367432,169.14602661132812,16.0,24.547531127929688,5.75,0.38199999928474426,11.180000305175781
2025-08-21,197.12437438964844,47.209999084472656,7.7257399559021,587.0593872070312,355.78253173828125,3.299999952316284,77.15483093261719,8.75,13.100000381469727,48.22999954223633,14.0233793258667,0.4699999988079071,59.39567184448242,110.35547637939453,52.70000076293945,12.600000381469727,28.200000762939453,2.5999999046325684,0.008999999612569809,6.519999980926514,14.960000038146973,52.62024688720703,22.5,2.5199999809265137,17.994739532470703,6.860000133514404,25.0,16.354169845581055,1.649999976158142,0.6790000200271606,21.489999771118164,516.7236938476562,124.2181167602539,7.5,8.5,42.0,0.2590000033378601,170.0,154.8975830078125,1.6305999755859375,3.6700000762939453,38.0,14.199999809265137,0.18000000715255737,0.800000011920929,0.2669999897480011,354.2136535644531,29.9129581451416,1090.6251220703125,2.079925060272217,58.279998779296875,154.49020385742188,7.800000190734863,20.5,370.0,171.9600067138672,159.48452758789062,121.49834442138672,124.0,0.0010000000474974513,35.603694915771484,47.0,3.1600000858306885,10.390000343322754,548.1900024414062,5.0,4.0,176.0399932861328,0.6489999890327454,12.0,759.2000122070312,0.05900000035762787,8.75,3.1700000762939453,38.099998474121094,38.18650436401367,1.7899999618530273,11.0,371.4100036621094,463.8999938964844,41.57526397705078,2.5999999046325684,325.3898010253906,3.640000104904175,90.0,20.897804260253906,100.8246078491211,3.75,232.68634033203125,7.920000076293945,136.0451202392578,16.799999237060547,8.829999923706055,73.5,5.349999904632568,13.500702857971191,54.95225524902344,13.0,39.323143005371094,55.0,29.290000915527344,0.3540000021457672,17.12175750732422,28.450002670288086,158.95867919921875,28.950000762939453,118.0,4.889999866485596,0.9300000071525574,34.60291290283203,40.92699432373047,42.0,245.91380310058594,6.400000095367432,168.75697326660156,16.0,25.1390380859375,5.75,0.38499999046325684,11.0600004196167
2025-08-22,195.9848175048828,47.029998779296875,7.727180004119873,581.9016723632812,353.2684631347656,3.299999952316284,77.28009033203125,8.75,13.100000381469727,48.7599983215332,14.0233793258667,0.4699999988079071,55.70904541015625,110.35547637939453,53.15999984741211,13.25,28.200000762939453,2.5999999046325684,0.008999999612569809,6.510000228881836,15.15999984741211,52.97983932495117,22.5,2.5199999809265137,18.49843406677246,6.880000114440918,25.0,16.423721313476562,1.5,0.6779999732971191,21.489999771118164,520.6088256835938,126.02629852294922,7.5,8.5,42.0,0.2590000033378601,170.0,156.72389221191406,1.6305999755859375,3.7300000190734863,38.0,14.199999809265137,0.18000000715255737,0.800000011920929,0.26499998569488525,354.2136535644531,29.9129581451416,1090.6251220703125,2.0506300926208496,58.38999938964844,155.44161987304688,7.800000190734863,20.100000381469727,370.0,174.5,162.37413024902344,124.12691497802734,124.0,0.0010000000474974513,35.603694915771484,50.0,3.1500000953674316,10.390000343322754,566.1400146484375,5.0,4.0,176.0399932861328,0.6489999890327454,12.0,750.0,0.05900000035762787,9.050000190734863,3.190000057220459,38.34000015258789,36.71779251098633,1.7899999618530273,11.0,370.989990234375,458.2900085449219,41.200626373291016,2.609999895095825,325.8632507324219,3.549999952316284,90.0,21.487974166870117,100.8246078491211,3.7200000286102295,235.43487548828125,7.920000076293945,137.82164001464844,17.170000076293945,9.180000305175781,73.5,5.349999904632568,13.649170875549316,54.7047233581543,13.0,39.41670608520508,55.0,29.290000915527344,0.3540000021457672,17.12175750732422,28.450002670288086,158.95867919921875,28.950000762939453,118.0,4.900000095367432,0.9300000071525574,34.59330749511719,41.33074951171875,42.0,243.09103393554688,6.400000095367432,166.66574096679688,16.0,25.04045295715332,5.75,0.38199999928474426,11.050000190734863
2025-08-25,195.09848022460938,46.93000030517578,7.739029884338379,572.5170288085938,349.66693115234375,3.369999885559082,77.28009033203125,8.75,13.399999618530273,48.810001373291016,14.113144874572754,0.4699999988079071,53.59537887573242,110.35547637939453,53.59000015258789,13.319999694824219,28.200000762939453,2.5999999046325684,0.008999999612569809,6.449999809265137,15.0,52.320587158203125,22.5,2.5199999809265137,18.5181884765625,6.800000190734863,25.0,16.40384864807129,1.399999976158142,0.6660000085830688,21.489999771118164,518.44287109375,125.2513656616211,7.5,8.5,42.0,0.2590000033378601,169.0,155.7285919189453,1.6305999755859375,3.8299999237060547,38.0,14.199999809265137,0.18000000715255737,0.800000011920929,0.26499998569488525,354.2136535644531,29.903247833251953,1090.6251220703125,2.031100273132324,58.81999969482422,153.48977661132812,7.800000190734863,19.799999237060547,370.0,173.11000061035156,159.3981170654297,121.69304656982422,124.0,0.0010000000474974513,35.603694915771484,50.0,3.25,10.390000343322754,531.9000244140625,5.0,4.0,176.0399932861328,0.6489999890327454,12.0,727.0,0.05900000035762787,8.880000114440918,3.190000057220459,37.970001220703125,36.71779251098633,1.7899999618530273,11.0,370.1099853515625,456.25,40.576229095458984,2.8299999237060547,321.48382568359375,3.549999952316284,90.0,21.207401275634766,100.8246078491211,3.700000047683716,233.9956512451172,7.920000076293945,134.80723571777344,16.760000228881836,9.25,73.5,5.349999904632568,13.649170875549316,54.090843200683594,13.0,39.10795593261719,55.0,29.290000915527344,0.3540000021457672,16.541358947753906,28.450002670288086,158.95867919921875,28.950000762939453,118.0,4.849999904632568,0.9300000071525574,34.56447982788086,41.035316467285156,42.0,238.05104064941406,6.400000095367432,164.03955078125,16.0,25.109460830688477,5.75,0.3799999952316284,11.199999809265137
2025-08-26,189.7610626220703,47.279998779296875,7.7411699295043945,578.691162109375,338.2138977050781,3.369999885559082,77.28009033203125,8.75,13.399999618530273,49.04999923706055,14.103171348571777,0.4699999988079071,54.078739166259766,110.35547637939453,53.79999923706055,14.0,28.200000762939453,2.5999999046325684,0.008999999612569809,6.550000190734863,14.890000343322754,50.992095947265625,22.5,2.5199999809265137,18.439176559448242,6.829999923706055,25.0,16.612497329711914,1.4800000190734863,0.652999997138977,21.489999771118164,531.302734375,121.52571105957031,7.5,8.5,42.0,0.2590000033378601,169.91000366210938,156.13442993164062,1.6305999755859375,3.700000047683716,38.0,14.199999809265137,0.18000000715255737,0.800000011920929,0.2639999985694885,354.2136535644531,29.903247833251953,1090.6251220703125,1.9822758436203003,58.11000061035156,148.8896942138672,7.800000190734863,20.15999984741211,370.0,177.6300048828125,159.35012817382812,121.10892486572266,124.0,0.0010000000474974513,35.603694915771484,50.0,3.3299999237060547,10.390000343322754,534.510009765625,5.0,4.0,176.0399932861328,0.6489999890327454,12.0,741.0,0.05900000035762787,8.930000305175781,3.2300000190734863,38.0,33.78036880493164,1.7899999618530273,11.0,376.8800048828125,450.80999755859375,40.825984954833984,3.0,316.2265319824219,3.509999990463257,90.0,21.391225814819336,100.8246078491211,3.680000066757202,234.45541381835938,7.920000076293945,132.48265075683594,16.40999984741211,9.229999542236328,73.5,5.349999904632568,13.500702857971191,53.387847900390625,13.0,39.5102653503418,55.0,29.290000915527344,0.3540000021457672,16.541358947753906,28.450002670288086,158.95867919921875,28.950000762939453,118.0,4.869999885559082,0.9300000071525574,33.05582809448242,41.704959869384766,45.0,237.86546325683594,6.400000095367432,162.48329162597656,16.0,25.1390380859375,5.75,0.38999998569488525,11.369999885559082
2025-08-27,191.7577362060547,47.470001220703125,7.743199825286865,581.5311889648438,334.6722106933594,3.369999885559082,77.28009033203125,8.75,13.399999618530273,48.90999984741211,13.863795280456543,0.4699999988079071,54.06235122680664,110.35547637939453,55.040000915527344,13.739999771118164,28.200000762939453,2.5999999046325684,0.008999999612569809,6.5,15.140000343322754,51.69129943847656,22.5,2.5199999809265137,18.389795303344727,6.860000133514404,25.0,16.54294776916504,1.5399999618530273,0.6660000085830688,21.489999771118164,527.4078369140625,123.12525939941406,7.5,8.5,42.0,0.2590000033378601,169.99000549316406,156.58860778808594,1.6305999755859375,3.7200000286102295,38.0,14.199999809265137,0.18000000715255737,0.800000011920929,0.2709999978542328,354.2136535644531,29.903247833251953,1090.6251220703125,1.9529811143875122,58.349998474121094,147.9088592529297,7.800000190734863,21.0,370.0,176.3000030517578,161.75013732910156,121.51780700683594,124.0,0.0010000000474974513,35.603694915771484,50.0,3.5999999046325684,10.390000343322754,566.9299926757812,5.0,4.0,176.0399932861328,0.6489999890327454,12.0,723.3900146484375,0.05900000035762787,8.960000038146973,3.2100000381469727,37.93000030517578,35.90184020996094,1.7899999618530273,11.010000228881836,376.7900085449219,453.55999755859375,41.53683853149414,2.9700000286102295,319.58013916015625,3.509999990463257,90.0,21.342849731445312,100.8246078491211,3.680000066757202,233.6658172607422,7.920000076293945,137.5570526123047,16.600000381469727,9.979999542236328,70.0,5.349999904632568,13.500702857971191,55.318603515625,13.0,40.7452507019043,55.0,29.290000915527344,0.3540000021457672,16.92829132080078,28.450002670288086,158.95867919921875,28.950000762939453,118.0,4.909999847412109,0.9300000071525574,34.29541778564453,40.769432067871094,43.900001525878906,239.35987854003906,6.400000095367432,162.73617553710938,16.0,25.336206436157227,5.75,0.37700000405311584,11.390000343322754
2025-08-28,192.16680908203125,48.0,7.745140075683594,582.2435913085938,339.3612060546875,3.359999895095825,77.28009033203125,8.75,13.399999618530273,49.939998626708984,13.983484268188477,0.4699999988079071,54.037776947021484,110.35547637939453,54.470001220703125,14.220000267028809,28.200000762939453,2.5999999046325684,0.008999999612569809,6.5,15.050000190734863,52.04090118408203,22.5,2.5199999809265137,18.587322235107422,6.980000019073486,25.0,16.751598358154297,1.6100000143051147,0.6710000038146973,21.489999771118164,524.4940185546875,124.18830871582031,7.5,8.5,42.0,0.2590000033378601,168.39999389648438,155.1198272705078,1.6305999755859375,3.690000057220459,38.0,14.199999809265137,0.18000000715255737,0.800000011920929,0.26600000262260437,354.2136535644531,29.903247833251953,1090.6251220703125,2.079925060272217,58.040000915527344,149.07603454589844,7.800000190734863,21.530000686645508,370.0,174.91000366210938,165.02371215820312,120.38850402832031,124.0,0.0010000000474974513,38.33049774169922,50.0,3.619999885559082,10.390000343322754,614.02001953125,5.0,4.0,176.0399932861328,0.6489999890327454,12.0,738.2000122070312,0.05900000035762787,8.859999656677246,3.2300000190734863,38.0,38.349693298339844,1.7899999618530273,11.010000228881836,372.0199890136719,458.9200134277344,43.29475402832031,2.940000057220459,319.99444580078125,3.5,90.0,21.700820922851562,100.8246078491211,3.7699999809265137,235.87464904785156,7.920000076293945,137.19796752929688,16.860000610351562,10.210000038146973,70.0,5.349999904632568,13.47100830078125,54.75422668457031,13.0,41.97088623046875,55.0,29.290000915527344,0.3540000021457672,17.411956787109375,28.450002670288086,158.95867919921875,28.950000762939453,123.0,4.940000057220459,0.9300000071525574,33.920658111572266,41.06486129760742,43.900001525878906,236.44918823242188,6.400000095367432,165.4888153076172,16.0,24.577106475830078,5.980000019073486,0.39800000190734863,11.489999771118164
2025-08-29,185.74826049804688,48.04999923706055,7.747660160064697,576.58251953125,337.21624755859375,3.180000066757202,77.28009033203125,8.75,13.600000381469727,49.08000183105469,15.948351860046387,0.4699999988079071,55.905662536621094,110.35547637939453,54.0,14.680000305175781,28.200000762939453,2.5999999046325684,0.008999999612569809,6.5,15.100000381469727,51.281768798828125,22.5,2.5199999809265137,18.409547805786133,6.900000095367432,25.0,16.81121253967285,1.6200000047683716,0.6779999732971191,21.489999771118164,528.379150390625,123.29415130615234,7.5,8.5,42.0,0.2590000033378601,170.0,152.87803649902344,1.6305999755859375,3.7100000381469727,38.0,14.199999809265137,0.18000000715255737,0.800000011920929,0.26499998569488525,354.2136535644531,29.9129581451416,1090.6251220703125,2.109219789505005,58.08000183105469,147.41844177246094,7.800000190734863,21.75,370.0,174.77999877929688,163.20932006835938,119.19103240966797,124.0,0.0010000000474974513,38.815696716308594,49.0,3.640000104904175,10.390000343322754,605.719970703125,5.0,4.0,174.99000549316406,0.6489999890327454,12.0,725.0,0.05900000035762787,8.800000190734863,3.240000009536743,38.119998931884766,38.349693298339844,1.7899999618530273,11.199999809265137,372.2099914550781,447.1600036621094,43.957576751708984,3.0,316.4830017089844,3.549999952316284,90.0,21.594396591186523,100.8246078491211,3.8299999237060547,234.12557983398438,7.920000076293945,137.01841735839844,17.0,10.34000015258789,70.0,5.349999904632568,13.47100830078125,53.348243713378906,13.0,41.60600662231445,55.0,29.290000915527344,0.3540000021457672,17.411956787109375,28.450002670288086,158.95867919921875,28.950000762939453,123.0,4.849999904632568,0.9300000071525574,33.766910552978516,41.62617874145508,45.0,232.2687530517578,6.400000095367432,163.61158752441406,16.0,25.434789657592773,5.980000019073486,0.39899998903274536,11.470000267028809
2025-09-01,189.82923889160156,47.880001068115234,7.753819942474365,579.0140991210938,337.21624755859375,3.180000066757202,77.9546127319336,8.75,13.539999961853027,50.7400016784668,15.359889030456543,0.4699999988079071,56.77407455444336,110.35547637939453,56.279998779296875,14.539999961853027,28.200000762939453,2.5999999046325684,0.008999999612569809,6.550000190734863,15.199999809265137,51.601402282714844,22.5,2.5199999809265137,18.083627700805664,6.909999847412109,25.0,16.592628479003906,1.6100000143051147,0.6869999766349792,21.489999771118164,529.3018798828125,123.84058380126953,7.5,8.5,42.0,0.2590000033378601,170.0,154.22117614746094,1.6305999755859375,3.75,38.0,14.199999809265137,0.18000000715255737,0.800000011920929,0.26600000262260437,354.2136535644531,29.9129581451416,1147.8575439453125,2.138514280319214,57.83000183105469,147.5361328125,7.800000190734863,21.6299991607666,370.0,176.0,161.99972534179688,120.03801727294922,124.0,0.0010000000474974513,38.815696716308594,49.0,3.559999942779541,10.390000343322754,610.0,5.0,4.0,174.99000549316406,0.6489999890327454,12.0,730.0,0.05900000035762787,8.699999809265137,3.2300000190734863,38.29999923706055,38.349693298339844,1.840000033378601,11.199999809265137,372.1000061035156,452.5899963378906,43.707820892333984,3.009999990463257,322.1841735839844,3.549999952316284,90.0,21.720172882080078,100.8246078491211,3.9200000762939453,233.9456787109375,7.920000076293945,138.42640686035156,17.100000381469727,10.3100004196167,70.0,5.5,13.461111068725586,53.41755294799805,13.0,40.91366195678711,55.0,29.290000915527344,0.3540000021457672,16.589725494384766,28.450002670288086,158.95867919921875,28.950000762939453,123.0,4.869999885559082,0.9300000071525574,33.82456970214844,41.36029052734375,45.0,235.79478454589844,6.400000095367432,165.35264587402344,16.0,25.119319915771484,5.690000057220459,0.39899998903274536,11.470000267028809
2025-09-02,187.5014190673828,47.599998474121094,7.756629943847656,587.1163940429688,337.20623779296875,3.369999885559082,77.8582534790039,8.75,13.5,50.9900016784668,14.89111328125,0.4699999988079071,56.528297424316406,110.35547637939453,55.16999816894531,14.90999984741211,28.200000762939453,2.5999999046325684,0.008999999612569809,6.610000133514404,15.199999809265137,51.76122283935547,22.5,2.5199999809265137,18.419424057006836,7.099999904632568,25.0,17.039731979370117,1.6100000143051147,0.6949999928474426,21.489999771118164,527.8934936523438,127.03968048095703,7.5,8.5,42.0,0.2590000033378601,170.0,152.04701232910156,1.6305999755859375,3.9800000190734863,38.0,14.199999809265137,0.18000000715255737,0.800000011920929,0.2680000066757202,354.2136535644531,29.9129581451416,1152.8668212890625,2.1482791900634766,59.41999816894531,147.143798828125,7.800000190734863,21.139999389648438,429.0,176.60000610351562,166.79971313476562,121.27442169189453,124.0,0.0010000000474974513,38.815696716308594,49.0,3.5,10.390000343322754,655.0700073242188,5.0,4.0,175.88999938964844,0.6489999890327454,12.0,737.4099731445312,0.05900000035762787,8.720000267028809,3.240000009536743,37.9900016784668,38.349693298339844,1.840000033378601,11.199999809265137,372.0,455.4100036621094,43.92876052856445,3.009999990463257,322.52935791015625,3.450000047683716,90.0,22.300662994384766,100.8246078491211,3.950000047683716,244.869873046875,7.920000076293945,141.77154541015625,17.31999969482422,10.529999732971191,70.0,5.5,13.708558082580566,54.15024948120117,13.0,43.04682159423828,55.0,29.0,0.3540000021457672,17.411956787109375,28.450002670288086,158.95867919921875,28.950000762939453,123.0,4.849999904632568,0.9300000071525574,34.21854782104492,41.26181411743164,45.0,236.97662353515625,6.400000095367432,165.82925415039062,16.0,25.07988739013672,5.5,0.39100000262260437,11.449999809265137
2025-09-03,185.91383361816406,47.65999984741211,7.758959770202637,587.3348999023438,335.1111755371094,3.359999895095825,77.81007385253906,8.75,13.5,50.720001220703125,14.87116527557373,0.4699999988079071,58.1422233581543,110.35547637939453,55.13999938964844,15.289999961853027,28.200000762939453,2.5999999046325684,0.008999999612569809,6.599999904632568,15.029999732971191,51.66133499145508,22.5,2.5199999809265137,18.004615783691406,7.010000228881836,25.0,17.059602737426758,1.7400000095367432,0.7260000109672546,21.489999771118164,528.33056640625,123.7412338256836,7.5,8.5,42.0,0.2590000033378601,166.39999389648438,146.6743927001953,1.6305999755859375,4.0,38.0,14.199999809265137,0.18000000715255737,0.800000011920929,0.2639999985694885,354.2136535644531,29.9129581451416,1134.6292724609375,2.2459282875061035,60.13999938964844,147.39881896972656,7.800000190734863,20.989999771118164,520.0,177.99000549316406,165.3021240234375,123.64012908935547,124.0,0.0010000000474974513,38.815696716308594,49.0,3.5399999618530273,10.390000343322754,718.2000122070312,5.25,4.0,175.85000610351562,0.6489999890327454,12.0,714.1099853515625,0.05900000035762787,8.569999694824219,3.1700000762939453,37.880001068115234,38.349693298339844,1.840000033378601,11.199999809265137,373.510009765625,452.5,45.014251708984375,2.990000009536743,323.2000732421875,3.440000057220459,90.0,21.66212272644043,100.8246078491211,4.039999961853027,248.917724609375,7.920000076293945,142.0266876220703,16.969999313354492,10.510000228881836,70.0,5.5,13.649170875549316,55.15028381347656,13.0,44.384727478027344,55.0,29.0,0.3540000021457672,16.638092041015625,28.450002670288086,166.71560668945312,28.950000762939453,123.0,4.869999885559082,0.9300000071525574,34.88158416748047,41.26181411743164,45.0,232.7864227294922,6.400000095367432,165.35264587402344,16.0,25.119319915771484,5.349999904632568,0.38999998569488525,11.510000228881836
2025-09-04,187.7936248779297,48.189998626708984,7.7619099617004395,597.4603271484375,344.9181213378906,3.369999885559082,77.81007385253906,8.75,13.5,50.84000015258789,14.960930824279785,0.4699999988079071,58.61738967895508,110.35547637939453,56.04999923706055,14.779999732971191,28.200000762939453,2.5999999046325684,0.008999999612569809,6.650000095367432,15.0,51.83114242553711,22.5,2.5199999809265137,18.053998947143555,6.980000019073486,25.0,17.228511810302734,1.7400000095367432,0.7590000033378601,21.489999771118164,524.9990844726562,127.51656341552734,7.5,8.329999923706055,42.0,0.2590000033378601,169.8000030517578,151.02272033691406,1.6305999755859375,4.050000190734863,38.0,14.199999809265137,0.18000000715255737,0.800000011920929,0.26499998569488525,354.2136535644531,29.9129581451416,1111.0523681640625,2.3435773849487305,61.279998779296875,147.9088592529297,7.800000190734863,21.18000030517578,515.0,176.7100067138672,165.75332641601562,124.72211456298828,124.0,0.0010000000474974513,38.815696716308594,49.0,3.5399999618530273,10.390000343322754,692.739990234375,5.25,4.0,175.85000610351562,0.6489999890327454,12.0,729.8400268554688,0.05900000035762787,8.529999732971191,3.1700000762939453,37.970001220703125,38.349693298339844,1.840000033378601,11.199999809265137,376.29998779296875,462.6199951171875,44.12088394165039,2.9800000190734863,325.399658203125,3.440000057220459,90.0,21.691144943237305,100.8246078491211,4.150000095367432,245.04977416992188,7.920000076293945,137.88778686523438,17.399999618530273,10.649999618530273,70.0,5.5,13.708558082580566,54.75422668457031,13.0,44.54378128051758,55.0,29.0,0.3540000021457672,16.734825134277344,28.450002670288086,166.71560668945312,28.950000762939453,123.0,4.909999847412109,0.9300000071525574,34.85275650024414,41.36029052734375,45.0,235.60919189453125,6.400000095367432,166.4420166015625,16.0,24.843284606933594,5.480000019073486,0.3970000147819519,11.420000076293945
2025-09-05,184.258056640625,47.93000030517578,7.765230178833008,604.7362060546875,341.6956787109375,3.299999952316284,77.47281646728516,8.75,13.5,51.599998474121094,15.270123481750488,0.4699999988079071,58.02752685546875,110.35547637939453,56.599998474121094,14.979999542236328,28.200000762939453,2.5999999046325684,0.008999999612569809,6.599999904632568,15.0,52.64022445678711,22.5,2.5199999809265137,18.04412269592285,7.119999885559082,25.0,17.486839294433594,1.7300000190734863,0.7509999871253967,21.489999771118164,514.76171875,131.14285278320312,7.5,8.300000190734863,42.0,0.2590000033378601,170.0,150.7425079345703,1.6305999755859375,3.990000009536743,38.0,14.199999809265137,0.18000000715255737,0.800000011920929,0.2619999945163727,336.7372741699219,29.9129581451416,1147.8575439453125,2.353342294692993,63.380001068115234,147.1241912841797,7.800000190734863,21.260000228881836,555.0,175.8800048828125,168.33572387695312,125.41063690185547,124.0,0.0010000000474974513,38.815696716308594,49.0,3.5799999237060547,10.390000343322754,720.010009765625,5.25,4.0,175.85000610351562,0.6489999890327454,12.0,715.3400268554688,0.05900000035762787,8.550000190734863,3.200000047683716,37.880001068115234,38.349693298339844,1.840000033378601,11.199999809265137,373.1000061035156,466.79998779296875,43.89994430541992,2.819999933242798,326.6129150390625,3.4000000953674316,90.0,21.923343658447266,100.8246078491211,4.179999828338623,246.54896545410156,7.920000076293945,138.5492401123047,18.059999465942383,10.989999771118164,70.0,5.5,13.58978271484375,54.95225524902344,13.0,45.2174072265625,55.0,29.0,0.3540000021457672,16.734825134277344,28.450002670288086,166.71560668945312,28.950000762939453,123.0,4.980000019073486,0.9300000071525574,35.4581413269043,41.655723571777344,45.0,241.0008087158203,6.400000095367432,168.86395263671875,16.0,24.843284606933594,5.480000019073486,0.3919999897480011,11.510000228881836
2025-09-08,184.35545349121094,47.90999984741211,7.773519992828369,599.7114868164062,344.6886291503906,3.299999952316284,77.81007385253906,8.75,13.5,50.91999816894531,14.851218223571777,0.4699999988079071,56.56925964355469,109.94490814208984,57.52000045776367,15.329999923706055,28.200000762939453,2.5999999046325684,0.008999999612569809,6.889999866485596,14.699999809265137,52.7900505065918,22.5,2.5199999809265137,18.16263771057129,6.940000057220459,25.0,17.56632423400879,1.6299999952316284,0.7749999761581421,21.489999771118164,514.7811279296875,127.3178482055664,7.5,8.300000190734863,42.0,0.2590000033378601,170.0,152.5688018798828,1.6305999755859375,4.059999942779541,38.0,14.199999809265137,0.18000000715255737,0.800000011920929,0.25999999046325684,336.7372741699219,29.9129581451416,1147.8575439453125,2.392401933670044,62.81999969482422,146.02566528320312,7.800000190734863,20.6200008392334,580.0,174.75999450683594,166.89572143554688,126.32538604736328,124.0,0.0010000000474974513,38.815696716308594,49.0,3.549999952316284,10.390000343322754,737.6199951171875,5.25,4.0,173.0,0.6489999890327454,12.0,656.5,0.05900000035762787,8.239999771118164,3.190000057220459,37.81999969482422,38.349693298339844,1.840000033378601,11.199999809265137,373.1000061035156,467.55999755859375,43.85191345214844,2.7899999618530273,327.1553955078125,3.4200000762939453,90.0,21.894319534301758,100.8246078491211,4.139999866485596,242.87094116210938,7.920000076293945,139.03118896484375,17.489999771118164,10.510000228881836,73.48999786376953,5.5,13.560090065002441,54.7047233581543,13.0,45.039642333984375,55.0,28.989999771118164,0.3540000021457672,16.638092041015625,28.450002670288086,166.71560668945312,29.799999237060547,123.0,4.900000095367432,0.9300000071525574,35.53501510620117,42.00039291381836,45.0,241.7138214111328,6.199999809265137,174.74856567382812,16.0,24.843284606933594,5.480000019073486,0.4000000059604645,11.1899995803833
2025-09-09,178.31675720214844,48.380001068115234,7.775199890136719,603.9193725585938,346.6839294433594,3.299999952316284,77.71371459960938,8.75,13.5,51.04999923706055,14.492155075073242,0.4699999988079071,55.73362350463867,107.53035736083984,57.58000183105469,15.75,28.200000762939453,2.5999999046325684,0.008999999612569809,6.909999847412109,14.789999961853027,52.090850830078125,22.5,2.5199999809265137,18.172513961791992,7.090000152587891,25.0,17.337804794311523,1.559999942779541,0.7770000100135803,21.489999771118164,514.5868530273438,125.5593490600586,7.5,8.300000190734863,42.0,0.2590000033378601,166.58999633789062,151.44789123535156,1.6305999755859375,4.0,38.0,14.199999809265137,0.18000000715255737,0.800000011920929,0.25,336.7372741699219,29.9129581451416,1104.9031982421875,2.363107204437256,63.04999923706055,147.04571533203125,7.800000190734863,20.6200008392334,580.0,172.8000030517578,167.9805145263672,128.96148681640625,124.0,0.0010000000474974513,38.815696716308594,46.79999923706055,3.700000047683716,10.390000343322754,737.0399780273438,5.25,4.0,173.0,0.6489999890327454,12.0,664.25,0.05900000035762787,8.239999771118164,3.2799999713897705,38.060001373291016,38.349693298339844,1.840000033378601,11.199999809265137,373.4100036621094,468.989990234375,44.072853088378906,2.8499999046325684,326.5438537597656,3.440000057220459,90.0,20.820404052734375,100.8246078491211,4.150000095367432,243.76046752929688,7.920000076293945,138.42640686035156,16.920000076293945,10.369999885559082,73.48999786376953,5.5,13.500702857971191,55.27899932861328,13.0,45.840065002441406,55.0,28.989999771118164,0.3540000021457672,17.411956787109375,29.39833641052246,166.71560668945312,29.799999237060547,123.0,4.920000076293945,0.9300000071525574,35.60227966308594,42.04962921142578,45.0,244.48776245117188,6.199999809265137,170.83847045898438,16.0,24.498239517211914,5.300000190734863,0.3799999952316284,11.149999618530273
2025-09-10,177.2648468017578,48.7599983215332,7.7766499519348145,594.686767578125,345.38702392578125,3.299999952316284,77.9546127319336,8.75,13.5,50.5,14.761451721191406,0.4699999988079071,56.036746978759766,107.53035736083984,59.04999923706055,15.75,28.200000762939453,2.5999999046325684,0.008999999612569809,6.909999847412109,14.229999542236328,52.150779724121094,22.5,2.5199999809265137,18.16263771057129,7.070000171661377,25.0,16.890697479248047,1.6299999952316284,0.7789999842643738,21.489999771118164,515.75244140625,122.2311019897461,7.5,8.300000190734863,42.0,0.2590000033378601,166.58999633789062,152.21128845214844,1.6305999755859375,4.039999961853027,38.0,14.199999809265137,0.18000000715255737,0.800000011920929,0.25200000405311584,336.7372741699219,29.9129581451416,1104.9031982421875,2.4021668434143066,62.439998626708984,146.61416625976562,7.800000190734863,20.459999084472656,580.0,173.67999267578125,169.39170837402344,129.47296142578125,120.0,0.0010000000474974513,38.815696716308594,46.79999923706055,3.640000104904175,10.390000343322754,778.6599731445312,5.25,4.0,173.1999969482422,0.6489999890327454,12.0,707.0,0.05900000035762787,8.220000267028809,3.180000066757202,38.130001068115234,38.349693298339844,1.840000033378601,11.020000457763672,373.3999938964844,458.70001220703125,44.457096099853516,2.8499999046325684,329.3944091796875,3.4800000190734863,90.0,20.433408737182617,100.8246078491211,4.099999904632568,245.62945556640625,7.920000076293945,139.28631591796875,17.1200008392334,10.210000038146973,73.48999786376953,5.5,13.550191879272461,55.83346939086914,13.0,46.13447570800781,55.0,28.989999771118164,0.3540000021457672,17.295875549316406,29.39833641052246,166.71560668945312,29.799999237060547,120.0,4.949999809265137,0.9300000071525574,35.85211944580078,42.0397834777832,45.0,242.44638061523438,6.380000114440918,163.40731811523438,16.0,24.498239517211914,5.480000019073486,0.3799999952316284,11.479999542236328
2025-09-11,180.28421020507812,48.599998474121094,7.7817702293396,607.9087524414062,353.168701171875,3.2799999713897705,77.47281646728516,8.75,13.449999809265137,51.7400016784668,14.741503715515137,0.4699999988079071,56.56925964355469,107.53035736083984,59.310001373291016,15.6899995803833,28.200000762939453,2.5999999046325684,0.008999999612569809,7.21999979019165,14.449999809265137,51.801177978515625,22.5,2.5199999809265137,18.39967155456543,7.039999961853027,25.0,17.377546310424805,1.399999976158142,0.7509999871253967,21.489999771118164,516.238037109375,126.91051483154297,7.5,8.300000190734863,42.0,0.2590000033378601,170.0,155.8445587158203,1.6305999755859375,4.289999961853027,38.0,14.199999809265137,0.18000000715255737,0.800000011920929,0.25200000405311584,336.7372741699219,29.9129581451416,1104.9031982421875,2.353342294692993,63.470001220703125,146.09432983398438,7.800000190734863,20.649999618530273,580.0,176.72999572753906,173.1453094482422,131.4106903076172,120.0,0.0010000000474974513,38.815696716308594,48.5,3.9000000953674316,10.390000343322754,794.1099853515625,5.25,4.0,174.0,0.6489999890327454,12.0,688.75,0.05900000035762787,8.279999732971191,3.180000066757202,38.2599983215332,38.349693298339844,1.840000033378601,11.25,374.989990234375,475.0,43.8134880065918,2.8399999141693115,331.2685241699219,3.5,90.0,20.5301570892334,100.8246078491211,4.210000038146973,250.26699829101562,7.920000076293945,142.21566772460938,17.59000015258789,10.149999618530273,73.48999786376953,5.5,13.59968090057373,56.89291000366211,13.0,46.752742767333984,55.0,28.989999771118164,0.3540000021457672,17.295875549316406,29.39833641052246,166.71560668945312,29.799999237060547,120.0,4.929999828338623,0.9300000071525574,35.89055633544922,42.12841033935547,45.0,247.96495056152344,6.380000114440918,168.2803497314453,16.0,24.25177764892578,5.480000019073486,0.37700000405311584,11.510000228881836
2025-09-12,182.09580993652344,50.349998474121094,7.786880016326904,606.5504760742188,352.14111328125,3.2799999713897705,77.9546127319336,8.75,13.449999809265137,52.29999923706055,14.741503715515137,0.4699999988079071,58.16679763793945,107.53035736083984,59.130001068115234,15.850000381469727,28.200000762939453,2.5999999046325684,0.008999999612569809,6.949999809265137,14.1899995803833,51.49152755737305,22.5,2.5199999809265137,18.488557815551758,7.099999904632568,25.0,17.15896224975586,1.4900000095367432,0.7540000081062317,22.0,524.4940185546875,126.1951904296875,7.5,8.25,42.0,0.2590000033378601,171.0,152.8297119140625,1.6305999755859375,4.46999979019165,38.0,14.199999809265137,0.18000000715255737,0.800000011920929,0.25099998712539673,336.7372741699219,29.9129581451416,1084.94580078125,2.3338124752044678,65.1500015258789,147.51651000976562,7.800000190734863,21.260000228881836,580.0,176.99000549316406,174.71969604492188,132.8369140625,120.0,0.0010000000474974513,38.815696716308594,46.79999923706055,3.990000009536743,10.390000343322754,783.6400146484375,5.25,4.0,175.8699951171875,0.6489999890327454,12.0,660.219970703125,0.05900000035762787,8.130000114440918,3.200000047683716,38.20000076293945,38.349693298339844,1.840000033378601,11.25,370.0,469.5299987792969,43.477272033691406,2.890000104904175,333.0636901855469,3.5,90.0,19.775516510009766,100.8246078491211,4.21999979019165,251.4263916015625,7.920000076293945,144.1150360107422,18.1299991607666,10.449999809265137,70.0,5.5,13.550191879272461,56.59587097167969,13.0,47.145294189453125,55.0,28.139999389648438,0.3540000021457672,17.295875549316406,29.39833641052246,166.71560668945312,29.799999237060547,120.0,4.880000114440918,0.9300000071525574,36.37101745605469,42.38445281982422,45.0,251.12957763671875,6.380000114440918,166.8116455078125,16.0,24.547531127929688,5.480000019073486,0.3790000081062317,11.300000190734863
2025-09-15,184.56973266601562,51.150001525878906,7.790989875793457,595.0286865234375,353.72735595703125,3.2799999713897705,77.9546127319336,8.75,13.449999809265137,53.220001220703125,14.7714262008667,0.4699999988079071,58.16679763793945,107.53035736083984,58.63999938964844,15.880000114440918,28.200000762939453,2.5999999046325684,0.008999999612569809,6.900000095367432,14.59000015258789,49.97325134277344,22.5,2.5199999809265137,18.488557815551758,7.099999904632568,25.0,17.35767364501953,1.5099999904632568,0.753000020980835,22.0,521.6093139648438,129.85128784179688,7.5,8.25,42.0,0.2590000033378601,171.0,154.9362335205078,1.6305999755859375,4.789999961853027,38.0,14.199999809265137,0.18000000715255737,0.800000011920929,0.25200000405311584,336.7372741699219,29.9129581451416,1084.94580078125,2.3435773849487305,65.01000213623047,147.1143798828125,7.800000190734863,21.020000457763672,600.0,177.88999938964844,178.0413055419922,134.7549591064453,120.0,0.0010000000474974513,38.815696716308594,46.20000076293945,3.930000066757202,10.390000343322754,771.1599731445312,5.25,4.0,175.8699951171875,0.6489999890327454,12.0,650.1199951171875,0.05900000035762787,8.09000015258789,3.25,38.4900016784668,38.349693298339844,1.840000033378601,11.5,370.0,461.0,44.08245849609375,2.890000104904175,335.8945617675781,3.5,90.0,19.640066146850586,100.8246078491211,4.199999809265137,250.02713012695312,7.920000076293945,147.02549743652344,18.06999969482422,10.369999885559082,70.0,5.5,13.48090648651123,56.87310791015625,13.0,47.429893493652344,55.0,28.0,0.3540000021457672,17.295875549316406,29.39833641052246,166.71560668945312,29.799999237060547,120.0,4.920000076293945,0.9300000071525574,36.47671890258789,42.38445281982422,45.0,244.2142791748047,6.380000114440918,162.99880981445312,16.0,24.1531925201416,5.480000019073486,0.3790000081062317,11.399999618530273
2025-09-17,181.85232543945312,51.09000015258789,7.793489933013916,585.777099609375,352.16107177734375,3.2799999713897705,77.76188659667969,8.75,13.449999809265137,52.09000015258789,14.73153018951416,0.4699999988079071,57.3475456237793,107.53035736083984,59.20000076293945,15.800000190734863,28.200000762939453,2.5999999046325684,0.008999999612569809,7.090000152587891,14.449999809265137,49.37393569946289,22.5,2.5199999809265137,18.478681564331055,7.130000114440918,25.0,17.209383010864258,1.5099999904632568,0.7770000100135803,22.0,530.224609375,130.95408630371094,7.5,8.25,42.0,0.2590000033378601,166.89999389648438,148.72296142578125,1.6305999755859375,5.019999980926514,38.0,14.199999809265137,0.18000000715255737,0.800000011920929,0.2540000081062317,341.7333984375,30.107200622558594,1084.94580078125,2.392401933670044,65.01000213623047,147.0751495361328,7.800000190734863,21.0,600.0,175.4199981689453,179.0012969970703,132.84674072265625,120.0,0.0010000000474974513,38.815696716308594,46.20000076293945,3.869999885559082,10.390000343322754,732.0,5.25,4.0,175.8699951171875,0.6489999890327454,12.0,669.989990234375,0.05900000035762787,8.149999618530273,3.2300000190734863,38.70000076293945,38.349693298339844,1.840000033378601,11.5,367.0,456.5899963378906,47.24287414550781,2.9000000953674316,332.7875061035156,3.4800000190734863,90.0,19.34981918334961,100.8246078491211,4.25,247.84828186035156,7.920000076293945,143.576416015625,18.219999313354492,10.25,68.0,5.5,13.59968090057373,57.764225006103516,13.0,46.99808883666992,55.0,28.0,0.3540000021457672,17.295875549316406,29.39833641052246,166.71560668945312,29.799999237060547,120.0,4.880000114440918,0.9300000071525574,35.90016555786133,42.433692932128906,44.9900016784668,238.94964599609375,6.380000114440918,156.793212890625,16.0,24.35036277770996,5.480000019073486,0.375,12.09000015258789
2025-09-18,181.6964874267578,51.540000915527344,7.796080112457275,588.5316162109375,350.62469482421875,3.299999952316284,78.02206420898438,8.75,13.449999809265137,52.529998779296875,14.761451721191406,0.4699999988079071,52.423851013183594,107.51081085205078,58.75,16.209999084472656,28.200000762939453,2.5999999046325684,0.008999999612569809,7.0,14.430000305175781,48.58483123779297,22.5,2.5199999809265137,18.5181884765625,7.019999980926514,25.0,17.040077209472656,1.5499999523162842,0.7990000247955322,22.0,534.2068481445312,131.14285278320312,7.5,8.25,42.0,0.2590000033378601,167.1199951171875,147.3604736328125,1.6305999755859375,5.210000038146973,38.0,14.199999809265137,0.18000000715255737,0.800000011920929,0.2540000081062317,341.7333984375,30.107200622558594,1084.94580078125,2.490050792694092,65.05000305175781,147.1143798828125,7.800000190734863,21.010000228881836,600.0,174.39999389648438,177.12928771972656,130.99754333496094,120.0,0.0010000000474974513,38.815696716308594,46.79999923706055,3.9000000953674316,10.390000343322754,711.010009765625,5.25,4.0,175.8699951171875,0.6489999890327454,12.0,636.010009765625,0.05900000035762787,8.270000457763672,3.200000047683716,38.470001220703125,38.349693298339844,1.840000033378601,11.25,367.0,463.44000244140625,47.0699577331543,2.9100000858306885,330.04541015625,3.5,90.0,19.32050132751465,101.22000122070312,4.199999809265137,249.8072509765625,7.920000076293945,144.1055908203125,18.200000762939453,9.979999542236328,73.0,5.5,13.609579086303711,57.8929443359375,13.0,47.380821228027344,55.0,28.0,0.3540000021457672,17.295875549316406,29.39833641052246,166.71560668945312,29.799999237060547,120.0,4.900000095367432,0.9300000071525574,36.255706787109375,42.24658203125,44.9900016784668,241.93846130371094,6.380000114440918,156.6083984375,16.0,24.458805084228516,5.480000019073486,0.375,12.300000190734863
2025-09-19,185.3391571044922,51.40999984741211,7.803679943084717,588.8641357421875,355.16400146484375,3.299999952316284,77.76188659667969,8.75,13.449999809265137,50.79999923706055,14.741503715515137,0.4699999988079071,51.6209831237793,107.51081085205078,59.970001220703125,16.200000762939453,28.200000762939453,2.5999999046325684,0.008999999612569809,7.099999904632568,14.829999923706055,49.633636474609375,22.5,2.5199999809265137,18.22189712524414,7.079999923706055,25.0,16.562036514282227,1.6799999475479126,0.8330000042915344,22.0,539.0632934570312,135.3950653076172,7.5,8.25,42.0,0.2590000033378601,170.99000549316406,150.1144256591797,1.6305999755859375,5.230000019073486,38.0,14.199999809265137,0.18000000715255737,0.800000011920929,0.25699999928474426,341.7333984375,30.350000381469727,1084.94580078125,2.6072299480438232,64.7699966430664,146.20220947265625,7.800000190734863,20.799999237060547,600.0,174.75,173.9709014892578,131.3221435546875,120.0,0.0010000000474974513,38.815696716308594,46.79999923706055,4.21999979019165,10.390000343322754,728.0599975585938,5.25,4.0,173.00999450683594,0.6489999890327454,12.0,619.0,0.05900000035762787,8.920000076293945,3.200000047683716,38.880001068115234,38.349693298339844,1.840000033378601,11.25,367.0,461.1199951171875,46.53201675415039,2.819999933242798,325.88299560546875,3.5,90.0,20.033903121948242,101.22000122070312,4.300000190734863,244.9498291015625,7.920000076293945,145.64585876464844,16.100000381469727,9.890000343322754,70.0,5.5,13.045400619506836,55.86317443847656,13.0,46.50740051269531,55.0,28.0,0.3540000021457672,16.454299926757812,29.39833641052246,166.71560668945312,29.799999237060547,120.0,4.900000095367432,0.9300000071525574,35.07377243041992,39.75511932373047,45.0,241.5868377685547,6.380000114440918,157.60052490234375,16.0,24.46866226196289,5.480000019073486,0.38499999046325684,12.430000305175781
2025-09-22,184.2872772216797,51.25,7.808420181274414,594.6202392578125,347.6416931152344,3.25,77.76188659667969,8.75,13.5,51.52000045776367,14.7714262008667,0.4699999988079071,53.37417984008789,107.51081085205078,62.88999938964844,16.34000015258789,28.200000762939453,2.5999999046325684,0.008999999612569809,7.0,14.420000076293945,50.48267364501953,22.5,2.5199999809265137,18.607074737548828,7.070000171661377,25.0,16.840892791748047,1.5499999523162842,0.9190000295639038,22.0,531.2832641601562,132.12643432617188,7.5,8.0,42.0,0.2590000033378601,170.0,150.5009307861328,1.6305999755859375,5.690000057220459,38.0,14.199999809265137,0.18000000715255737,0.800000011920929,0.2590000033378601,341.7333984375,30.301441192626953,1084.94580078125,2.8122928142547607,64.72000122070312,145.38812255859375,7.800000190734863,20.75,600.0999755859375,174.60000610351562,177.4748992919922,134.5680694580078,120.0,0.0010000000474974513,38.815696716308594,46.79999923706055,4.159999847412109,10.390000343322754,783.0,5.25,4.0,175.8699951171875,0.6489999890327454,12.0,670.0,0.05900000035762787,9.300000190734863,3.2100000381469727,38.400001525878906,38.349693298339844,1.840000033378601,11.25,374.3399963378906,466.2200012207031,47.559871673583984,2.8499999046325684,331.9293518066406,3.5,90.0,19.164138793945312,101.22000122070312,4.25,248.56790161132812,7.920000076293945,146.77980041503906,16.81999969482422,10.09000015258789,70.0,5.5,13.550191879272461,57.20975112915039,13.0,46.036338806152344,55.0,28.0,0.3540000021457672,16.454299926757812,29.39833641052246,166.71560668945312,29.799999237060547,120.0,4.849999904632568,0.9300000071525574,35.71759033203125,40.513389587402344,45.0,239.10592651367188,6.380000114440918,160.98538208007812,16.0,24.448945999145508,5.480000019073486,0.375,12.720000267028809
2025-09-23,185.64111328125,50.29999923706055,7.811960220336914,599.2650756835938,347.1927490234375,3.2200000286102295,78.05097198486328,8.75,13.5,52.34000015258789,14.75147819519043,0.4699999988079071,55.70085144042969,105.57526397705078,62.619998931884766,16.3700008392334,28.200000762939453,2.5999999046325684,0.008999999612569809,7.0,14.300000190734863,51.54146957397461,22.5,2.5199999809265137,19.23916244506836,7.099999904632568,25.0,16.681547164916992,1.4800000190734863,0.8899999856948853,22.0,541.1611938476562,132.93116760253906,7.5,8.0,42.0,0.2590000033378601,170.0,151.5348663330078,1.6305999755859375,6.159999847412109,38.0,14.199999809265137,0.18000000715255737,0.800000011920929,0.25699999928474426,341.7333984375,30.301441192626953,1084.94580078125,2.714643716812134,64.19999694824219,145.5548553466797,7.800000190734863,20.25,600.0,175.52000427246094,175.39169311523438,134.29266357421875,120.0,0.0010000000474974513,38.815696716308594,46.79999923706055,4.099999904632568,10.390000343322754,774.4000244140625,5.25,4.0,175.86000061035156,0.6489999890327454,12.0,683.2000122070312,0.05900000035762787,9.800000190734863,3.240000009536743,38.77000045776367,36.8809814453125,1.840000033378601,11.25,374.3399963378906,466.0299987792969,48.62614822387695,2.8499999046325684,331.5151062011719,3.5,90.0,19.105501174926758,101.22000122070312,4.269999980926514,252.78565979003906,7.920000076293945,148.73585510253906,17.0,10.119999885559082,70.0,5.599999904632568,13.36213207244873,58.28899383544922,13.0,46.04615020751953,55.0,28.0,0.3540000021457672,16.541358947753906,29.39833641052246,166.71560668945312,29.799999237060547,120.0,4.849999904632568,0.9300000071525574,35.83290100097656,41.24211883544922,45.0,242.56358337402344,6.380000114440918,159.6236572265625,16.0,24.439088821411133,5.480000019073486,0.36899998784065247,12.699999809265137
2025-09-24,185.55345153808594,51.0,7.814330101013184,582.4050903320312,347.3124694824219,3.2200000286102295,78.05097198486328,8.760000228881836,13.5,51.31999969482422,14.462233543395996,0.4699999988079071,55.053646087646484,105.57526397705078,58.38999938964844,16.1200008392334,28.200000762939453,2.5999999046325684,0.008999999612569809,7.0,14.300000190734863,51.281768798828125,22.5,2.5199999809265137,18.63670539855957,7.099999904632568,25.0,16.49232292175293,1.5800000429153442,0.8809999823570251,19.030000686645508,544.9395141601562,126.69194793701172,7.5,7.0,42.0,0.2590000033378601,168.89999389648438,149.80519104003906,1.6305999755859375,6.75,38.0,14.199999809265137,0.18000000715255737,0.800000011920929,0.257999986410141,341.7333984375,30.301441192626953,1084.955810546875,2.7244086265563965,63.61000061035156,142.96546936035156,7.800000190734863,20.479999542236328,600.0,176.50999450683594,172.8957061767578,140.5287628173828,120.0,0.0010000000474974513,38.815696716308594,46.79999923706055,4.170000076293945,10.390000343322754,784.969970703125,5.25,4.0,171.0,0.6489999890327454,12.0,700.0,0.05900000035762787,9.649999618530273,3.200000047683716,38.11000061035156,36.8809814453125,1.840000033378601,11.25,374.3399963378906,452.6600036621094,47.83844757080078,2.859999895095825,329.4437255859375,3.490000009536743,90.0,18.353010177612305,101.22000122070312,4.309999942779541,250.6468048095703,7.920000076293945,152.1471405029297,17.06999969482422,9.899999618530273,70.0,5.429999828338623,13.490804672241211,58.38800811767578,13.0,46.026527404785156,55.0,28.0,0.3540000021457672,16.454299926757812,29.39833641052246,166.71560668945312,29.799999237060547,120.0,4.949999809265137,0.9300000071525574,35.26595687866211,39.6960334777832,46.0,234.69105529785156,6.380000114440918,161.179931640625,16.0,24.547531127929688,5.480000019073486,0.37700000405311584,12.4399995803833
2025-09-25,183.00161743164062,52.369998931884766,7.817659854888916,591.2672729492188,347.17279052734375,3.259999990463257,79.01456451416016,8.760000228881836,13.5,51.83000183105469,14.462233543395996,0.4699999988079071,54.48017120361328,105.57526397705078,58.189998626708984,16.219999313354492,28.200000762939453,2.5999999046325684,0.008999999612569809,7.0,14.300000190734863,51.24181365966797,22.5,2.5199999809265137,18.686086654663086,7.0,25.0,16.57199478149414,1.559999942779541,0.8989999890327454,19.030000686645508,581.7026977539062,130.40765380859375,7.5,7.0,42.0,0.2590000033378601,168.89999389648438,149.47665405273438,1.6305999755859375,7.980000019073486,38.0,14.199999809265137,0.18000000715255737,0.800000011920929,0.2549999952316284,341.7333984375,30.350000381469727,1084.955810546875,2.714643716812134,64.25,143.12240600585938,7.800000190734863,19.889999389648438,605.0,175.10000610351562,168.00930786132812,144.59107971191406,120.0,0.0010000000474974513,38.815696716308594,46.79999923706055,4.119999885559082,10.390000343322754,802.7999877929688,5.25,4.0,170.02000427246094,0.6489999890327454,12.0,683.010009765625,0.05900000035762787,9.350000381469727,3.200000047683716,38.15999984741211,36.8809814453125,1.840000033378601,10.800000190734863,373.0,458.0,45.2544059753418,2.859999895095825,329.31549072265625,3.5,90.0,17.60051727294922,101.22000122070312,4.329999923706055,245.9492950439453,7.920000076293945,150.10604858398438,17.0,10.09000015258789,70.0,5.429999828338623,13.659069061279297,60.180145263671875,13.0,44.99607849121094,55.0,28.0,0.3540000021457672,16.454299926757812,29.39833641052246,166.71560668945312,29.799999237060547,120.0,5.0,0.9300000071525574,34.948848724365234,41.301204681396484,46.0,237.14266967773438,6.389999866485596,163.2322540283203,16.0,24.53767204284668,5.480000019073486,0.37700000405311584,12.430000305175781
2025-09-26,184.42364501953125,53.189998626708984,7.818840026855469,592.0271606445312,349.2878112792969,3.259999990463257,79.01456451416016,8.760000228881836,13.5,50.939998626708984,14.212883949279785,0.4699999988079071,56.51191711425781,105.57526397705078,59.0099983215332,16.56999969482422,28.200000762939453,2.5999999046325684,0.008999999612569809,7.25,14.369999885559082,51.20185089111328,22.5,2.5199999809265137,18.873737335205078,7.070000171661377,25.0,16.45248794555664,1.559999942779541,0.8949999809265137,19.030000686645508,582.7711181640625,132.63311767578125,7.5,7.0,42.0,0.2590000033378601,169.9499969482422,149.34136962890625,1.6305999755859375,8.899999618530273,38.0,14.199999809265137,0.18000000715255737,0.800000011920929,0.25999999046325684,341.7333984375,30.350000381469727,1084.955810546875,2.734173536300659,65.13999938964844,143.68148803710938,7.800000190734863,19.950000762939453,600.0,174.61000061035156,173.34690856933594,145.59437561035156,120.0,0.0010000000474974513,38.815696716308594,46.5,4.139999866485596,10.390000343322754,804.010009765625,5.25,4.0,171.0,0.6489999890327454,12.0,660.030029296875,0.05900000035762787,9.430000305175781,3.2100000381469727,38.130001068115234,36.8809814453125,1.840000033378601,10.800000190734863,373.010009765625,456.010009765625,44.61079406738281,2.859999895095825,336.9006042480469,3.450000047683716,90.0,18.411645889282227,101.22000122070312,4.329999923706055,244.13026428222656,7.920000076293945,147.59246826171875,17.389999389648438,9.84000015258789,73.0,5.429999828338623,13.510600090026855,61.0118522644043,13.0,44.72129440307617,55.0,28.0,0.3540000021457672,16.454299926757812,29.39833641052246,166.71560668945312,30.200000762939453,120.0,4.989999771118164,0.9300000071525574,35.59267044067383,41.271663665771484,46.0,233.4994354248047,6.389999866485596,166.22804260253906,16.0,24.646114349365234,5.480000019073486,0.3779999911785126,12.449999809265137
2025-09-29,184.43336486816406,54.099998474121094,7.819779872894287,580.376953125,346.2549743652344,3.259999990463257,79.01456451416016,8.760000228881836,14.0,50.5099983215332,14.55199909210205,0.4699999988079071,54.660404205322266,105.57526397705078,58.0,16.860000610351562,28.200000762939453,2.5999999046325684,0.008999999612569809,7.25,14.479999542236328,51.611392974853516,22.5,2.5199999809265137,18.91324234008789,6.929999828338623,25.0,16.552078247070312,1.559999942779541,0.8820000290870667,20.299999237060547,558.4889526367188,127.71526336669922,7.5,7.0,42.0,0.2590000033378601,170.0,147.84361267089844,1.6305999755859375,10.229999542236328,38.0,14.199999809265137,0.18000000715255737,0.800000011920929,0.2529999911785126,341.7333984375,30.350000381469727,1084.955810546875,2.734173536300659,64.9000015258789,144.672119140625,7.800000190734863,19.399999618530273,600.0,172.2899932861328,173.3852996826172,154.63377380371094,118.48999786376953,0.0010000000474974513,39.43181610107422,46.5099983215332,4.179999828338623,10.390000343322754,803.510009765625,5.25,4.0,171.0,0.6489999890327454,12.0,650.0,0.05900000035762787,9.289999961853027,3.2200000286102295,37.02000045776367,36.71779251098633,1.840000033378601,10.390000343322754,373.1000061035156,447.9599914550781,45.49455642700195,2.799999952316284,330.2328186035156,3.5,90.0,18.616870880126953,101.22000122070312,4.320000171661377,244.9998016357422,7.920000076293945,147.7908935546875,17.149999618530273,9.710000038146973,73.0,5.429999828338623,13.372030258178711,59.34843444824219,13.0,44.87831497192383,55.0,28.0,0.3540000021457672,15.960960388183594,29.39833641052246,166.71560668945312,30.200000762939453,120.0,5.03000020980835,0.9300000071525574,36.207664489746094,40.67095184326172,46.0,231.77059936523438,6.389999866485596,161.4522705078125,16.0,24.63625717163086,5.480000019073486,0.3779999911785126,12.579999923706055
2025-09-30,187.3455810546875,54.900001525878906,7.821420192718506,575.6857299804688,346.9134216308594,3.259999990463257,79.01456451416016,8.760000228881836,14.600000381469727,50.54999923706055,14.741503715515137,0.4699999988079071,55.29942321777344,105.57526397705078,59.52000045776367,17.790000915527344,28.200000762939453,2.5999999046325684,0.008999999612569809,7.5,14.5600004196167,51.901065826416016,22.5,2.5199999809265137,18.982376098632812,6.949999809265137,25.0,16.392730712890625,1.6399999856948853,0.9200000166893005,21.489999771118164,568.2018432617188,131.23226928710938,7.5,7.0,42.0,0.2590000033378601,171.0,146.82899475097656,1.6305999755859375,9.710000038146973,38.0,14.199999809265137,0.18000000715255737,0.800000011920929,0.25200000405311584,341.7333984375,31.25,1084.955810546875,2.8806471824645996,65.05999755859375,142.76931762695312,7.800000190734863,19.420000076293945,600.0,173.32000732421875,176.57249450683594,156.74853515625,118.48999786376953,0.0010000000474974513,39.43181610107422,46.5099983215332,4.079999923706055,10.390000343322754,818.22998046875,5.25,4.0,167.0,0.6489999890327454,12.0,631.0,0.05900000035762787,9.9399995803833,3.2300000190734863,38.29999923706055,38.47208786010742,1.840000033378601,10.390000343322754,373.1000061035156,431.32000732421875,45.79234313964844,2.819999933242798,336.33837890625,3.5,90.0,18.783004760742188,101.22000122070312,4.28000020980835,250.54684448242188,7.920000076293945,155.3883514404297,17.209999084472656,9.850000381469727,73.0,5.429999828338623,13.609579086303711,60.27915954589844,13.0,45.31011962890625,55.0,28.100000381469727,0.3540000021457672,15.960960388183594,29.39833641052246,166.71560668945312,30.200000762939453,120.0,5.03000020980835,0.9300000071525574,37.05327606201172,41.6458740234375,46.0,230.8719940185547,6.389999866485596,162.4152069091797,16.0,24.646114349365234,5.699999809265137,0.38499999046325684,13.140000343322754
2025-10-01,186.34239196777344,58.40999984741211,7.824210166931152,561.1060180664062,358.1170349121094,3.25,79.01456451416016,8.760000228881836,14.600000381469727,49.02000045776367,14.542024612426758,0.4699999988079071,55.0864143371582,105.57526397705078,57.599998474121094,18.700000762939453,28.200000762939453,2.5999999046325684,0.008999999612569809,7.690000057220459,14.3100004196167,50.872230529785156,22.5,2.5199999809265137,18.76509666442871,6.949999809265137,25.0,16.22342872619629,1.590000033378601,0.925000011920929,22.0,558.4889526367188,127.81460571289062,7.5,7.0,42.0,0.2590000033378601,171.0,145.67910766601562,1.6305999755859375,9.109999656677246,38.0,14.199999809265137,0.18000000715255737,0.800000011920929,0.25099998712539673,341.7333984375,31.25,1084.955810546875,2.870882272720337,64.19000244140625,139.89549255371094,7.800000190734863,19.5,600.0,168.99000549316406,174.5373077392578,153.93540954589844,118.48999786376953,0.0010000000474974513,39.43181610107422,47.0,4.099999904632568,10.390000343322754,798.3099975585938,5.25,4.0,171.0,0.6489999890327454,12.0,622.719970703125,0.05900000035762787,10.029999732971191,3.2200000286102295,37.439998626708984,38.47208786010742,1.840000033378601,10.699999809265137,373.1000061035156,427.2200012207031,45.52337646484375,2.8499999046325684,331.4164733886719,3.5,90.0,18.90027618408203,101.22000122070312,4.21999979019165,248.16812133789062,7.920000076293945,151.0699005126953,17.049999237060547,9.569999694824219,73.0,5.429999828338623,13.639272689819336,58.962284088134766,13.0,43.72029113769531,55.0,28.0,0.3540000021457672,15.960960388183594,29.39833641052246,166.71560668945312,30.200000762939453,120.0,5.0,0.9300000071525574,36.14763641357422,42.79805374145508,46.0,228.40084838867188,6.389999866485596,157.9895782470703,16.0,24.596824645996094,5.699999809265137,0.38499999046325684,12.65999984741211
2025-10-02,185.20281982421875,58.400001525878906,7.828330039978027,571.344970703125,351.6921691894531,3.2300000190734863,79.01456451416016,8.760000228881836,14.600000381469727,49.310001373291016,14.412363052368164,0.4699999988079071,55.54520034790039,105.57526397705078,54.959999084472656,18.399999618530273,28.200000762939453,2.5999999046325684,0.008999999612569809,7.5,14.300000190734863,50.19300079345703,22.5,2.5199999809265137,19.170028686523438,7.0,25.0,16.60187530517578,1.590000033378601,0.9100000262260437,22.0,568.2018432617188,126.016357421875,7.5,7.0,42.0,0.2590000033378601,171.0,146.5584259033203,1.6305999755859375,8.5,38.0,14.199999809265137,0.18000000715255737,0.800000011920929,0.257999986410141,341.7333984375,31.25,1084.955810546875,2.841587543487549,65.12000274658203,138.29673767089844,7.800000190734863,19.350000381469727,590.0,171.38999938964844,174.24929809570312,155.42066955566406,118.48999786376953,0.0010000000474974513,39.43181610107422,47.0,4.139999866485596,10.390000343322754,799.5999755859375,5.25,4.0,175.0,0.6489999890327454,12.0,635.9500122070312,0.05900000035762787,9.960000038146973,3.2200000286102295,37.720001220703125,38.47208786010742,1.840000033378601,10.699999809265137,373.1000061035156,427.9599914550781,44.14970016479492,2.8499999046325684,331.82086181640625,3.5,90.0,18.685279846191406,101.22000122070312,4.119999885559082,244.9798126220703,7.920000076293945,153.06375122070312,17.1299991607666,9.430000305175781,73.0,5.429999828338623,13.421520233154297,58.93258285522461,13.0,44.2993049621582,55.0,27.100000381469727,0.3540000021457672,15.593375205993652,29.39833641052246,166.71560668945312,30.200000762939453,120.0,5.050000190734863,0.9300000071525574,36.576114654541016,41.16333770751953,46.0,229.57293701171875,6.389999866485596,161.4619903564453,16.0,24.577106475830078,5.699999809265137,0.39500001072883606,12.869999885559082
2025-10-03,185.80670166015625,57.4900016784668,7.827779769897461,564.8628540039062,351.1733703613281,3.2799999713897705,78.87002563476562,8.760000228881836,14.600000381469727,48.58000183105469,14.661711692810059,0.4699999988079071,54.84883117675781,105.57526397705078,55.099998474121094,17.489999771118164,28.200000762939453,2.5999999046325684,0.008999999612569809,7.5,14.699999809265137,49.74351501464844,22.5,2.5199999809265137,19.03175926208496,7.0,25.0,16.611833572387695,1.6100000143051147,0.9070000052452087,22.0,569.6490478515625,127.48676300048828,7.5,7.0,42.0,0.2590000033378601,171.0,144.2489776611328,1.6305999755859375,7.630000114440918,38.0,14.199999809265137,0.18000000715255737,0.800000011920929,0.25699999928474426,341.7333984375,31.25,1084.955810546875,2.8122928142547607,64.47000122070312,139.69932556152344,7.800000190734863,19.299999237060547,600.0,167.3699951171875,172.80929565429688,157.8206787109375,118.48999786376953,0.0010000000474974513,39.43181610107422,47.0,4.179999828338623,10.390000343322754,795.5,5.25,4.0,174.88999938964844,0.6489999890327454,12.0,637.989990234375,0.05900000035762787,10.09000015258789,3.299999952316284,36.91999816894531,38.47208786010742,1.840000033378601,10.6899995803833,373.1000061035156,421.6199951171875,43.46767044067383,2.799999952316284,329.0491943359375,3.6500000953674316,90.0,18.53868865966797,101.22000122070312,4.050000190734863,237.92356872558594,7.920000076293945,149.30284118652344,16.959999084472656,9.380000114440918,73.0,5.429999828338623,13.47100830078125,57.8137321472168,13.0,43.6319694519043,55.0,27.100000381469727,0.3540000021457672,15.960960388183594,29.39833641052246,166.71560668945312,30.200000762939453,120.0,4.900000095367432,0.9300000071525574,36.985107421875,40.572479248046875,46.0,227.01388549804688,6.349999904632568,164.37998962402344,16.0,24.577106475830078,5.699999809265137,0.38999998569488525,12.739999771118164
2025-10-06,184.16065979003906,58.4900016784668,7.833360195159912,566.5563354492188,345.37701416015625,3.299999952316284,78.87002563476562,8.760000228881836,14.600000381469727,49.11000061035156,14.661711692810059,0.4699999988079071,55.18024444580078,105.57526397705078,53.689998626708984,17.25,28.200000762939453,2.5999999046325684,0.008999999612569809,7.840000152587891,14.5,48.96440124511719,22.5,2.5199999809265137,18.88361358642578,6.840000152587891,25.0,16.422609329223633,1.5800000429153442,0.9070000052452087,22.0,548.776123046875,130.21890258789062,7.5,6.900000095367432,42.0,0.2590000033378601,171.0,147.21551513671875,1.6305999755859375,8.220000267028809,38.0,14.199999809265137,0.18000000715255737,0.800000011920929,0.257999986410141,341.7333984375,31.25,1084.955810546875,2.77323317527771,65.2300033569336,137.34532165527344,7.800000190734863,19.290000915527344,600.0,167.3000030517578,168.7581024169922,134.16477966308594,118.48999786376953,0.0010000000474974513,39.43181610107422,47.0,4.380000114440918,10.390000343322754,777.3599853515625,5.25,4.0,174.88999938964844,0.6489999890327454,12.0,652.75,0.05900000035762787,10.5600004196167,3.2300000190734863,36.970001220703125,38.47208786010742,1.840000033378601,10.680000305175781,373.1000061035156,417.0299987792969,43.88072967529297,2.690000057220459,327.9444885253906,3.75,90.0,18.343236923217773,101.22000122070312,3.9700000286102295,240.3722686767578,7.920000076293945,153.7724609375,17.06999969482422,9.369999885559082,73.0,5.429999828338623,13.36213207244873,57.180049896240234,13.0,44.36800003051758,55.0,27.100000381469727,0.3540000021457672,15.960960388183594,29.39833641052246,166.71560668945312,30.200000762939453,120.0,4.929999828338623,0.9300000071525574,37.17013168334961,39.9914665222168,46.0,227.83433532714844,6.349999904632568,163.91311645507812,16.0,24.557388305664062,5.699999809265137,0.39500001072883606,12.65999984741211
2025-10-07,179.4173583984375,59.540000915527344,7.836460113525391,563.4224243164062,341.20684814453125,3.2899999618530273,78.87002563476562,8.760000228881836,14.600000381469727,48.66999816894531,14.661711692810059,0.4699999988079071,55.18024444580078,105.57526397705078,52.9900016784668,17.059999465942383,28.200000762939453,2.5999999046325684,0.008999999612569809,7.78000020980835,14.59000015258789,48.34510040283203,22.5,2.5199999809265137,18.794727325439453,6.949999809265137,25.0,16.64171028137207,1.590000033378601,0.8949999809265137,22.0,539.0632934570312,129.98045349121094,7.5,6.900000095367432,42.0,0.2590000033378601,171.0,145.8240509033203,1.6305999755859375,9.59000015258789,38.0,14.199999809265137,0.18000000715255737,0.800000011920929,0.25,341.7333984375,31.25,1084.955810546875,2.7927629947662354,63.13999938964844,136.52145385742188,7.800000190734863,19.25,600.0,166.85000610351562,167.6253204345703,135.57135009765625,118.48999786376953,0.0010000000474974513,39.43181610107422,47.0,4.130000114440918,10.390000343322754,756.2000122070312,5.25,4.0,174.88999938964844,0.6489999890327454,12.0,634.760009765625,0.05900000035762787,10.3100004196167,3.25,37.2599983215332,38.47208786010742,1.840000033378601,10.369999885559082,373.1000061035156,423.25,43.669395446777344,2.75,328.1417541503906,3.75,90.0,18.020740509033203,101.22000122070312,3.890000104904175,236.0745391845703,7.920000076293945,146.44906616210938,17.0,9.270000457763672,73.0,5.429999828338623,13.560090065002441,55.140377044677734,13.0,44.564273834228516,55.0,27.100000381469727,0.3540000021457672,15.960960388183594,29.39833641052246,166.71560668945312,30.200000762939453,120.0,4.940000057220459,0.9300000071525574,36.478729248046875,39.19379806518555,49.0,228.8110809326172,6.300000190734863,165.40127563476562,16.0,24.557388305664062,5.699999809265137,0.38499999046325684,12.399999618530273
2025-10-08,178.1901397705078,62.290000915527344,7.839859962463379,570.52734375,346.3846435546875,3.4000000953674316,77.9546127319336,8.760000228881836,14.600000381469727,48.15999984741211,14.71158218383789,0.4699999988079071,53.86288070678711,105.57526397705078,53.04999923706055,16.540000915527344,28.200000762939453,2.5999999046325684,0.008999999612569809,7.519999980926514,14.9399995803833,48.59482192993164,22.5,2.5199999809265137,19.130523681640625,6.900000095367432,25.0,16.890687942504883,1.5299999713897705,0.890999972820282,22.0,534.2068481445312,126.72175598144531,7.5,6.900000095367432,42.0,0.2590000033378601,171.1999969482422,149.03213500976562,1.6305999755859375,9.59000015258789,38.04999923706055,14.199999809265137,0.18000000715255737,0.800000011920929,0.257999986410141,341.7333984375,31.25,1084.955810546875,2.7537033557891846,60.9900016784668,136.590087890625,7.800000190734863,19.06999969482422,600.0,165.5500030517578,169.67971801757812,138.69923400878906,118.48999786376953,0.0010000000474974513,39.43181610107422,50.0,4.210000038146973,10.390000343322754,795.760009765625,5.25,4.0,174.88999938964844,0.6489999890327454,12.0,623.0,0.05900000035762787,10.050000190734863,3.3499999046325684,36.709999084472656,38.47208786010742,1.840000033378601,10.369999885559082,373.1000061035156,422.2699890136719,44.3802490234375,2.7799999713897705,317.607421875,3.740000009536743,90.0,17.708017349243164,101.22000122070312,3.819999933242798,234.185546875,7.920000076293945,142.79209899902344,16.59000015258789,9.039999961853027,69.9000015258789,5.429999828338623,13.48090648651123,55.853275299072266,13.0,44.60353088378906,55.0,27.100000381469727,0.3540000021457672,15.960960388183594,29.39833641052246,166.71560668945312,30.200000762939453,120.0,5.150000095367432,0.9300000071525574,36.03078079223633,40.05055236816406,49.0,233.60687255859375,6.300000190734863,171.0913543701172,16.0,24.557388305664062,5.699999809265137,0.3930000066757202,12.539999961853027
2025-10-09,175.41429138183594,62.52000045776367,7.841549873352051,560.9697265625,339.70037841796875,3.359999895095825,79.97815704345703,8.760000228881836,14.699999809265137,48.400001525878906,14.651738166809082,0.4699999988079071,53.68888854980469,105.57526397705078,51.68000030517578,16.229999542236328,28.200000762939453,2.5999999046325684,0.008999999612569809,7.739999771118164,15.100000381469727,47.98550796508789,22.5,2.5199999809265137,19.229286193847656,7.0,25.0,16.701465606689453,1.5499999523162842,0.8849999904632568,22.0,516.3157958984375,130.13941955566406,7.5,6.900000095367432,42.0,0.2590000033378601,171.1999969482422,147.6310272216797,1.6305999755859375,9.649999618530273,38.04999923706055,14.199999809265137,0.18000000715255737,0.800000011920929,0.2549999952316284,341.7333984375,31.25,1084.955810546875,2.743938446044922,62.13999938964844,136.48220825195312,7.800000190734863,19.139999389648438,600.0,164.4600067138672,169.54531860351562,142.33860778808594,119.69999694824219,0.0010000000474974513,39.43181610107422,50.5,4.380000114440918,10.390000343322754,796.989990234375,5.25,4.0,174.88999938964844,0.6489999890327454,12.0,687.3400268554688,0.05900000035762787,9.710000038146973,3.3299999237060547,36.349998474121094,38.47208786010742,1.840000033378601,10.369999885559082,373.1000061035156,415.9800109863281,42.929725646972656,2.690000057220459,316.6265869140625,3.740000009536743,90.0,17.551652908325195,102.4000015258789,3.7799999713897705,233.1660919189453,7.920000076293945,138.3224639892578,16.610000610351562,9.039999961853027,69.9000015258789,5.429999828338623,13.391825675964355,54.85324478149414,13.0,44.86850357055664,55.0,27.100000381469727,0.3540000021457672,15.960960388183594,29.39833641052246,166.71560668945312,30.200000762939453,120.0,5.099999904632568,0.9300000071525574,36.089210510253906,39.64679718017578,50.0,231.77059936523438,6.300000190734863,170.06033325195312,16.0,24.429229736328125,5.699999809265137,0.39500001072883606,12.380000114440918
2025-10-10,173.75851440429688,62.119998931884766,7.846360206604004,564.5027465820312,335.360595703125,3.2799999713897705,78.05097198486328,8.789999961853027,14.800000190734863,47.7599983215332,13.96353530883789,0.4699999988079071,52.13953399658203,105.57526397705078,50.5099983215332,15.84000015258789,28.200000762939453,2.5999999046325684,0.008999999612569809,7.980000019073486,15.039999961853027,47.66587448120117,22.5,2.5199999809265137,19.35767936706543,7.0,25.0,16.90064811706543,1.5199999809265137,0.8730000257492065,22.0,546.1536254882812,122.380126953125,7.5,6.900000095367432,42.0,0.2590000033378601,173.0,147.40878295898438,1.6305999755859375,8.899999618530273,38.04999923706055,14.199999809265137,0.18000000715255737,0.800000011920929,0.25600001215934753,341.7333984375,31.25,1084.955810546875,2.7244086265563965,60.970001220703125,136.3350830078125,7.800000190734863,19.149999618530273,600.0,163.66000366210938,167.26051330566406,142.86976623535156,120.0,0.0010000000474974513,39.43181610107422,50.5,4.099999904632568,10.390000343322754,786.989990234375,5.25,4.0,174.88999938964844,0.6489999890327454,12.0,690.2899780273438,0.05900000035762787,9.75,3.440000057220459,36.08000183105469,38.47208786010742,1.840000033378601,10.369999885559082,373.1000061035156,419.54998779296875,41.35432434082031,2.6600000858306885,313.8028259277344,3.5799999237060547,90.0,17.317110061645508,102.4000015258789,3.5999999046325684,230.40756225585938,7.920000076293945,134.22134399414062,16.670000076293945,8.770000457763672,69.9000015258789,5.429999828338623,13.35223388671875,53.59577560424805,13.0,43.98526382446289,55.0,27.100000381469727,0.3540000021457672,15.796514511108398,31.0,166.71560668945312,30.209999084472656,120.0,5.050000190734863,0.9300000071525574,35.884708404541016,39.79450988769531,50.0,237.71896362304688,6.300000190734863,169.46701049804688,17.0,24.429229736328125,5.5,0.39500001072883606,12.260000228881836
2025-10-13,175.19027709960938,62.66999816894531,7.855030059814453,559.5000610351562,339.2015686035156,3.3299999237060547,79.01456451416016,8.789999961853027,14.899999618530273,49.75,14.16301441192627,0.4699999988079071,52.620079040527344,104.57816314697266,51.59000015258789,15.960000038146973,27.5,2.5999999046325684,0.008999999612569809,7.96999979019165,14.789999961853027,48.045440673828125,22.5,2.5199999809265137,19.41693687438965,7.0,25.0,17.099830627441406,1.399999976158142,0.8790000081062317,22.0,548.7664184570312,126.30447387695312,7.5,6.900000095367432,42.0,0.2590000033378601,173.0,146.35552978515625,1.6305999755859375,8.920000076293945,38.04999923706055,14.199999809265137,0.18000000715255737,0.800000011920929,0.25200000405311584,341.7333984375,31.25,1084.955810546875,2.734173536300659,61.18000030517578,133.01988220214844,7.800000190734863,19.989999771118164,600.0,165.69000244140625,170.06370544433594,145.85011291503906,120.0,0.0010000000474974513,39.43181610107422,50.0,4.210000038146973,10.390000343322754,822.2999877929688,5.25,4.0,172.0,0.6489999890327454,12.0,697.010009765625,0.05900000035762787,10.010000228881836,3.549999952316284,35.52000045776367,38.47208786010742,1.840000033378601,10.470000267028809,373.1000061035156,411.489990234375,43.52530288696289,2.6600000858306885,319.0341796875,3.569999933242798,90.0,16.896886825561523,102.4000015258789,3.7899999618530273,234.87518310546875,7.920000076293945,135.13796997070312,16.899999618530273,8.770000457763672,70.0,5.420000076293945,13.411622047424316,55.22999954223633,13.0,44.78017807006836,55.0,27.100000381469727,0.3540000021457672,15.806187629699707,31.0,166.71560668945312,30.209999084472656,120.0,5.099999904632568,0.9300000071525574,35.5633544921875,40.68080139160156,50.0,232.8059539794922,6.300000190734863,165.33319091796875,17.0,24.577106475830078,5.5,0.39500001072883606,12.619999885559082
2025-10-14,172.3072967529297,62.209999084472656,7.857140064239502,551.5970458984375,344.1798095703125,3.4000000953674316,79.01456451416016,8.789999961853027,15.0,48.290000915527344,13.863795280456543,0.4699999988079071,52.19752883911133,104.57816314697266,52.40999984741211,15.829999923706055,27.5,2.5999999046325684,0.008999999612569809,7.880000114440918,14.9399995803833,47.91587829589844,22.5,2.5199999809265137,19.120647430419922,7.079999923706055,25.0,17.597787857055664,1.4500000476837158,0.8679999709129333,22.0,543.4534912109375,124.32740020751953,7.5,6.900000095367432,42.0,0.2590000033378601,173.0,145.58274841308594,1.6305999755859375,8.920000076293945,38.04999923706055,14.199999809265137,0.18000000715255737,0.800000011920929,0.2529999911785126,341.7333984375,31.25,1084.955810546875,2.714643716812134,61.54999923706055,127.63514709472656,7.800000190734863,20.520000457763672,600.0,164.1199951171875,166.16610717773438,146.63699340820312,120.0,0.0010000000474974513,39.43181610107422,50.0,4.760000228881836,10.390000343322754,804.989990234375,5.25,4.0,170.6999969482422,0.6489999890327454,12.0,651.239990234375,0.05900000035762787,9.859999656677246,3.5899999141693115,35.5,37.94171905517578,1.840000033378601,10.539999961853027,373.1000061035156,413.6499938964844,43.602149963378906,2.700000047683716,314.0604248046875,3.4700000286102295,90.0,16.652570724487305,102.4000015258789,3.7100000381469727,232.60638427734375,7.920000076293945,131.79283142089844,16.700000762939453,8.920000076293945,70.0,5.420000076293945,13.560090065002441,54.15999984741211,13.0,44.80961990356445,55.0,26.5,0.3540000021457672,15.815860748291016,31.0,166.71560668945312,30.209999084472656,120.0,5.199999809265137,0.9300000071525574,35.45623779296875,39.67633819580078,50.0,231.6240997314453,6.300000190734863,160.01272583007812,17.0,23.66027069091797,5.5,0.3880000114440918,12.880000114440918
2025-10-15,173.63189697265625,62.31999969482422,7.858920097351074,551.0909423828125,336.2086181640625,3.359999895095825,79.01456451416016,8.789999961853027,15.25,47.79999923706055,13.80395221710205,0.4699999988079071,50.706172943115234,104.57816314697266,53.7400016784668,19.219999313354492,27.5,2.5999999046325684,0.008999999612569809,7.800000190734863,15.34000015258789,48.38554000854492,22.5,2.5199999809265137,19.594711303710938,7.079999923706055,25.0,18.085784912109375,1.5099999904632568,0.8920000195503235,22.0,553.632568359375,122.37019348144531,7.5,6.900000095367432,42.0,0.2590000033378601,173.0,147.36302185058594,1.6305999755859375,8.970000267028809,38.04999923706055,14.199999809265137,0.18000000715255737,0.800000011920929,0.2529999911785126,341.7333984375,31.25,1084.955810546875,2.704878807067871,60.810001373291016,129.94989013671875,7.800000190734863,21.93000030517578,600.0,163.24000549316406,168.5469207763672,146.30258178710938,120.0,0.0010000000474974513,39.43181610107422,50.0,4.5,10.390000343322754,804.2100219726562,5.25,4.0,172.0,0.6489999890327454,12.0,665.0,0.05900000035762787,10.0,3.549999952316284,35.88999938964844,37.94171905517578,1.840000033378601,10.550000190734863,373.1000061035156,417.3299865722656,43.89033508300781,2.7100000381469727,313.0894470214844,3.450000047683716,90.0,16.662342071533203,102.4000015258789,3.700000047683716,232.87625122070312,7.920000076293945,131.16915893554688,17.799999237060547,9.050000190734863,70.0,5.420000076293945,13.510600090026855,54.849998474121094,13.0,44.95682907104492,55.0,26.0,0.3540000021457672,15.815860748291016,31.0,166.71560668945312,30.209999084472656,120.0,5.199999809265137,0.9300000071525574,35.31016540527344,40.316436767578125,50.0,233.4603729248047,6.300000190734863,166.73382568359375,17.0,24.488380432128906,5.5,0.37700000405311584,12.970000267028809
2025-10-16,177.53756713867188,62.650001525878906,7.86269998550415,544.248779296875,358.1569519042969,3.640000104904175,79.01456451416016,8.789999961853027,15.449999809265137,49.13999938964844,13.784004211425781,0.4699999988079071,53.27462387084961,104.57816314697266,53.779998779296875,19.530000686645508,27.5,2.5999999046325684,0.008999999612569809,7.889999866485596,15.460000038146973,48.445499420166016,22.5,2.5199999809265137,20.453954696655273,7.449999809265137,25.0,17.81688690185547,1.5299999713897705,0.8730000257492065,22.0,541.9771118164062,127.15889739990234,7.5,7.0,42.0,0.2590000033378601,173.0,154.54290771484375,1.6305999755859375,8.789999961853027,38.04999923706055,14.199999809265137,0.18000000715255737,0.800000011920929,0.25699999928474426,341.7333984375,31.200000762939453,1084.955810546875,2.704878807067871,62.689998626708984,129.96949768066406,7.800000190734863,21.399999618530273,600.0,163.0,170.72610473632812,148.3780059814453,120.0,0.0010000000474974513,39.43181610107422,50.0,4.5,10.390000343322754,830.0,5.25,4.0,171.0,0.6489999890327454,12.0,653.260009765625,0.05900000035762787,10.449999809265137,3.509999990463257,35.459999084472656,37.94171905517578,1.840000033378601,10.300000190734863,373.1000061035156,409.0,43.669395446777344,2.759999990463257,316.2500915527344,3.4600000381469727,90.0,17.004384994506836,102.4000015258789,3.619999885559082,242.34121704101562,7.920000076293945,128.43824768066406,17.450000762939453,9.050000190734863,70.0,5.449999809265137,13.560090065002441,54.599998474121094,13.0,45.13347625732422,55.0,26.0,0.3540000021457672,15.815860748291016,31.0,166.71560668945312,30.209999084472656,120.0,5.079999923706055,0.9300000071525574,35.884708404541016,40.986080169677734,50.0,231.32130432128906,6.300000190734863,164.7593231201172,17.0,24.488380432128906,5.5,0.37700000405311584,13.199999809265137
2025-10-17,174.69354248046875,62.18000030517578,7.865560054779053,544.5797119140625,359.15460205078125,3.7200000286102295,79.01456451416016,8.529999732971191,16.0,48.099998474121094,13.514707565307617,0.4699999988079071,55.337669372558594,104.57816314697266,53.279998779296875,18.1299991607666,27.5,2.5999999046325684,0.008999999612569809,7.860000133514404,15.5,48.645355224609375,22.5,2.5199999809265137,20.34531593322754,7.599999904632568,25.0,17.627666473388672,1.6399999856948853,0.8999999761581421,22.0,529.3504028320312,122.94642639160156,7.5,7.25,42.0,0.2590000033378601,173.0,154.2494354248047,1.6305999755859375,8.859999656677246,38.04999923706055,14.199999809265137,0.18000000715255737,0.800000011920929,0.2529999911785126,341.7333984375,31.200000762939453,1084.955810546875,2.7634682655334473,62.150001525878906,130.2637481689453,7.800000190734863,21.600000381469727,600.0,161.0,165.8493194580078,146.13536071777344,120.0,0.0010000000474974513,39.43181610107422,50.0,4.539999961853027,10.390000343322754,793.7000122070312,5.25,4.0,171.88999938964844,0.6489999890327454,12.0,655.739990234375,0.05900000035762787,10.0600004196167,3.5799999237060547,34.36000061035156,37.94171905517578,1.840000033378601,10.0,373.1000061035156,407.3699951171875,43.150665283203125,2.759999990463257,313.67401123046875,3.490000009536743,90.0,16.877342224121094,102.4000015258789,3.700000047683716,232.46646118164062,7.920000076293945,123.27879333496094,16.719999313354492,8.819999694824219,70.0,5.449999809265137,13.36213207244873,54.209999084472656,13.0,43.73992156982422,55.0,26.0,0.3540000021457672,15.815860748291016,31.0,166.71560668945312,30.209999084472656,120.0,5.090000152587891,0.9300000071525574,34.98881149291992,40.316436767578125,50.0,234.6129150390625,6.289999961853027,157.9117889404297,17.0,24.695405960083008,5.5,0.4000000059604645,12.850000381469727
2025-10-20,174.12863159179688,61.5,7.869870185852051,542.4384765625,370.1287841796875,3.7200000286102295,79.01456451416016,8.529999732971191,15.600000381469727,47.599998474121094,13.514707565307617,0.4699999988079071,55.12224578857422,104.57816314697266,54.0,18.219999313354492,27.5,2.5999999046325684,0.008999999612569809,7.650000095367432,15.319999694824219,49.3548469543457,22.5,2.5199999809265137,20.246551513671875,7.989999771118164,25.0,17.53803253173828,1.5399999618530273,0.9049999713897705,22.0,529.3504028320312,123.31402587890625,7.5,7.349999904632568,42.0,0.2590000033378601,173.0,151.21707153320312,1.6305999755859375,9.100000381469727,38.04999923706055,14.199999809265137,0.18000000715255737,0.800000011920929,0.2529999911785126,341.7333984375,31.200000762939453,1084.955810546875,2.802527904510498,62.5,129.95970153808594,7.800000190734863,21.979999542236328,598.0,159.27999877929688,163.88133239746094,150.3157196044922,120.0,0.0010000000474974513,39.43181610107422,50.0,4.380000114440918,10.390000343322754,792.989990234375,5.25,4.0,171.88999938964844,0.6489999890327454,12.0,647.0,0.05900000035762787,10.300000190734863,3.5,34.29999923706055,37.94171905517578,1.840000033378601,10.550000190734863,373.1000061035156,403.6199951171875,42.689571380615234,2.759999990463257,311.6924133300781,3.490000009536743,90.0,16.935976028442383,102.4000015258789,3.6500000953674316,230.88729858398438,7.920000076293945,126.12309265136719,16.799999237060547,9.0600004196167,67.98999786376953,5.650000095367432,13.401723861694336,54.5,13.0,43.81843185424805,55.0,26.0,0.3540000021457672,15.815860748291016,31.0,166.71560668945312,30.209999084472656,120.0,5.300000190734863,0.9300000071525574,34.51164245605469,40.58232498168945,50.0,231.31155395507812,6.289999961853027,152.70803833007812,17.0,24.82356834411621,5.5,0.4000000059604645,12.600000381469727
2025-10-21,172.7066192626953,60.65999984741211,7.871230125427246,539.1974487304688,360.6510925292969,3.7200000286102295,79.01456451416016,8.529999732971191,15.399999618530273,46.83000183105469,13.424942016601562,0.4699999988079071,53.85459518432617,104.57816314697266,53.0,18.09000015258789,27.5,2.5999999046325684,0.008999999612569809,7.960000038146973,15.260000228881836,49.32487106323242,22.5,2.5199999809265137,20.22679901123047,7.800000190734863,25.0,16.75126075744629,1.559999942779541,0.925000011920929,22.0,526.4365844726562,121.64493560791016,7.5,7.349999904632568,42.0,0.2590000033378601,167.82000732421875,152.09744262695312,1.6305999755859375,8.760000228881836,38.04999923706055,14.199999809265137,0.18000000715255737,0.800000011920929,0.25200000405311584,309.7583312988281,31.200000762939453,1128.7099609375,2.929471731185913,60.959999084472656,126.69354248046875,7.800000190734863,20.940000534057617,590.0,156.55999755859375,166.26211547851562,147.36488342285156,120.0,0.0010000000474974513,39.43181610107422,50.0,4.539999961853027,10.390000343322754,757.6500244140625,5.25,4.0,168.44000244140625,0.6489999890327454,12.0,649.5900268554688,0.05900000035762787,9.890000343322754,3.549999952316284,34.310001373291016,37.94171905517578,1.840000033378601,10.25,373.1000061035156,387.0400085449219,42.824058532714844,2.700000047683716,311.603271484375,3.5,90.0,16.750295639038086,102.4000015258789,3.6700000762939453,227.71897888183594,7.920000076293945,125.31987762451172,16.709999084472656,8.829999923706055,69.98999786376953,5.699999809265137,13.569987297058105,53.4900016784668,13.0,44.41706848144531,55.0,26.0,0.3540000021457672,15.815860748291016,31.0,166.71560668945312,30.209999084472656,120.0,5.460000038146973,0.9300000071525574,34.13186264038086,39.48923110961914,50.0,227.6096954345703,6.300000190734863,152.70803833007812,16.75,24.82356834411621,5.5,0.39500001072883606,12.479999542236328
2025-10-22,174.34291076660156,62.97999954223633,7.875080108642578,547.6844482421875,364.13287353515625,3.8299999237060547,79.01456451416016,8.529999732971191,15.399999618530273,45.45000076293945,13.424942016601562,0.4699999988079071,54.51742172241211,104.57816314697266,54.63999938964844,17.829999923706055,27.5,2.5999999046325684,0.008999999612569809,7.909999847412109,15.829999923706055,50.31416702270508,22.5,2.5199999809265137,20.444080352783203,7.739999771118164,25.0,16.8807315826416,1.5700000524520874,0.9359999895095825,22.0,536.6350708007812,121.60519409179688,7.5,7.349999904632568,42.0,0.2590000033378601,174.5,153.79946899414062,1.6305999755859375,8.760000228881836,38.04999923706055,14.199999809265137,0.18000000715255737,0.800000011920929,0.2529999911785126,309.7583312988281,31.200000762939453,1128.7099609375,2.9099419116973877,61.7400016784668,128.25306701660156,7.800000190734863,21.239999771118164,590.0,162.74000549316406,165.91651916503906,147.02061462402344,120.0,0.0010000000474974513,39.43181610107422,50.0,4.380000114440918,10.390000343322754,761.5,5.25,4.0,168.44000244140625,0.6489999890327454,12.0,650.9500122070312,0.05900000035762787,9.420000076293945,3.569999933242798,33.900001525878906,37.94171905517578,1.840000033378601,10.25,373.1000061035156,398.07000732421875,42.99696731567383,2.700000047683716,313.8622741699219,3.5,90.0,16.77961540222168,102.4000015258789,3.6500000953674316,229.08827209472656,7.920000076293945,125.85850524902344,16.799999237060547,8.869999885559082,69.98999786376953,5.699999809265137,13.550191879272461,54.0099983215332,13.0,44.28948974609375,55.0,26.0,0.3540000021457672,15.815860748291016,31.0,166.71560668945312,30.209999084472656,120.0,5.400000095367432,0.9300000071525574,34.268192291259766,39.4498405456543,50.0,229.6510772705078,6.300000190734863,160.66439819335938,16.75,24.82356834411621,5.5,0.39399999380111694,12.869999885559082
2025-10-23,177.2648468017578,62.54999923706055,7.878570079803467,546.0299072265625,359.9028625488281,3.9700000286102295,79.01456451416016,8.529999732971191,15.399999618530273,45.099998474121094,13.56457805633545,0.4699999988079071,55.08082580566406,104.57816314697266,55.25,17.100000381469727,27.5,2.5999999046325684,0.008999999612569809,7.900000095367432,15.270000457763672,50.25421142578125,22.5,2.5199999809265137,20.631729125976562,7.78000020980835,25.0,17.119749069213867,1.4500000476837158,0.9129999876022339,21.5,534.9547729492188,122.54902648925781,7.5,7.349999904632568,42.0,0.2590000033378601,174.8000030517578,151.9800567626953,1.6305999755859375,8.890000343322754,38.04999923706055,14.199999809265137,0.18000000715255737,0.800000011920929,0.25099998712539673,309.7583312988281,31.200000762939453,1128.7099609375,2.7829980850219727,62.84000015258789,127.51744842529297,7.800000190734863,23.899999618530273,580.0,168.7899932861328,165.3981170654297,148.5944061279297,120.0,0.0010000000474974513,39.43181610107422,50.0,4.590000152587891,10.390000343322754,759.9500122070312,5.25,4.0,168.44000244140625,0.6489999890327454,12.0,729.0,0.05900000035762787,9.449999809265137,3.5799999237060547,34.650001525878906,37.94171905517578,1.840000033378601,10.25,373.1000061035156,398.2200012207031,44.428279876708984,2.7300000190734863,317.2606506347656,3.4700000286102295,90.0,17.004384994506836,92.0,3.690000057220459,234.6253204345703,7.920000076293945,126.23649597167969,16.950000762939453,8.899999618530273,69.98999786376953,5.599999904632568,13.48090648651123,52.060001373291016,13.0,43.35718536376953,55.0,26.0,0.3540000021457672,15.815860748291016,31.0,166.71560668945312,30.209999084472656,120.0,5.389999866485596,0.9300000071525574,34.46295166015625,38.28781509399414,50.0,229.72921752929688,6.300000190734863,160.63522338867188,16.75,24.596824645996094,5.5,0.39399999380111694,13.199999809265137
2025-10-24,172.89166259765625,62.22999954223633,7.880410194396973,548.3268432617188,357.1592712402344,3.9700000286102295,79.01456451416016,8.529999732971191,15.399999618530273,44.619998931884766,13.614446640014648,0.4699999988079071,54.67483901977539,104.57816314697266,52.75,16.670000076293945,27.5,2.5999999046325684,0.008999999612569809,8.0,14.899999618530273,53.052215576171875,22.5,2.5199999809265137,20.582347869873047,7.730000019073486,25.0,17.19942283630371,1.5299999713897705,0.9089999794960022,21.5,529.3504028320312,121.20779418945312,7.5,7.349999904632568,42.0,0.2590000033378601,175.0,157.25245666503906,1.6305999755859375,8.84000015258789,38.04999923706055,14.199999809265137,0.18000000715255737,0.800000011920929,0.25200000405311584,309.7583312988281,31.200000762939453,1128.7099609375,2.8122928142547607,61.650001525878906,127.1643295288086,7.800000190734863,23.670000076293945,580.0,165.35000610351562,164.3037109375,147.4042205810547,120.0,0.0010000000474974513,39.43181610107422,51.0,4.699999809265137,10.390000343322754,730.5,5.25,4.0,169.97999572753906,0.6489999890327454,12.0,737.0,0.05900000035762787,9.470000267028809,3.5899999141693115,34.31999969482422,39.97343826293945,1.840000033378601,10.25,373.1000061035156,399.3900146484375,45.725101470947266,3.0,312.8615417480469,3.490000009536743,90.0,17.28779411315918,94.0,3.75,228.3286590576172,7.920000076293945,126.2553939819336,16.489999771118164,8.899999618530273,69.98999786376953,5.550000190734863,13.550191879272461,51.70000076293945,13.0,43.435691833496094,55.0,25.219999313354492,0.3540000021457672,16.135080337524414,31.0,166.71560668945312,30.209999084472656,120.0,5.650000095367432,0.9300000071525574,33.97605514526367,38.386287689208984,50.0,231.57525634765625,6.300000190734863,162.1331329345703,16.75,24.527812957763672,5.5,0.4300000071525574,12.569999694824219
2025-10-27,172.3949432373047,63.63999938964844,7.885250091552734,545.9520263671875,367.6346435546875,3.9700000286102295,79.01456451416016,8.529999732971191,15.399999618530273,45.060001373291016,13.704212188720703,0.4699999988079071,53.92915725708008,104.57816314697266,52.68000030517578,16.649999618530273,27.5,2.5999999046325684,0.008999999612569809,8.300000190734863,14.680000305175781,54.92088317871094,22.5,2.5199999809265137,20.631729125976562,7.599999904632568,25.0,17.059993743896484,1.5,0.8859999775886536,21.5,532.1671752929688,125.47987365722656,7.5,7.349999904632568,42.0,0.2590000033378601,175.0,158.58277893066406,1.6305999755859375,8.699999809265137,38.04999923706055,14.199999809265137,0.18000000715255737,0.800000011920929,0.2540000081062317,309.7583312988281,31.200000762939453,1128.7099609375,2.7829980850219727,62.189998626708984,129.48890686035156,7.800000190734863,24.350000381469727,580.0,166.33999633789062,165.59971618652344,152.45999145507812,120.0,0.0010000000474974513,39.43181610107422,51.0,4.550000190734863,10.390000343322754,754.6300048828125,5.25,4.0,169.97999572753906,0.6489999890327454,12.0,875.0,0.05900000035762787,9.670000076293945,3.549999952316284,34.52000045776367,39.900001525878906,1.840000033378601,10.25,373.1000061035156,397.6000061035156,44.985435485839844,2.940000057220459,315.0710144042969,3.740000009536743,90.0,18.079376220703125,94.0,3.6600000858306885,234.73526000976562,7.920000076293945,127.84291076660156,17.079999923706055,9.170000076293945,69.98999786376953,5.75,13.411622047424316,52.0,13.0,44.89794158935547,55.0,25.950000762939453,0.3540000021457672,16.135080337524414,31.0,166.71560668945312,30.209999084472656,120.0,5.550000190734863,0.9300000071525574,34.161075592041016,39.57786178588867,50.0,231.4482879638672,6.300000190734863,165.35264587402344,16.75,23.670129776000977,5.5,0.49900001287460327,12.899999618530273
2025-10-28,175.0734100341797,62.90999984741211,7.887599945068359,552.72607421875,369.1211242675781,3.9600000381469727,79.01456451416016,8.529999732971191,15.399999618530273,45.900001525878906,13.714186668395996,0.4699999988079071,55.925926208496094,104.57816314697266,53.029998779296875,16.700000762939453,27.5,2.5999999046325684,0.008999999612569809,8.489999771118164,14.5,55.070777893066406,22.5,2.5199999809265137,21.02678680419922,7.559999942779541,25.0,18.88251495361328,1.5299999713897705,0.8999999761581421,21.5,531.2735595703125,130.44740295410156,7.5,7.349999904632568,42.0,0.2590000033378601,170.0,156.5775146484375,1.6305999755859375,8.819999694824219,38.04999923706055,14.199999809265137,0.18000000715255737,0.800000011920929,0.25999999046325684,309.7583312988281,31.200000762939453,1128.7099609375,2.734173536300659,65.93000030517578,133.49069213867188,7.800000190734863,23.600000381469727,580.0,173.02000427246094,165.90692138671875,153.40426635742188,120.0,0.0010000000474974513,39.43181610107422,51.0,4.489999771118164,10.390000343322754,743.1300048828125,5.25,4.0,170.0,0.6489999890327454,12.0,870.0,0.05900000035762787,9.539999961853027,3.619999885559082,34.900001525878906,48.900001525878906,1.840000033378601,10.289999961853027,373.1000061035156,396.010009765625,43.21791076660156,3.0,314.2784118652344,3.75,90.0,18.401872634887695,94.0,3.630000114440918,240.4622039794922,7.920000076293945,133.65438842773438,16.780000686645508,10.079999923706055,69.98999786376953,5.78000020980835,13.461111068725586,51.95000076293945,13.0,46.350379943847656,55.0,25.950000762939453,0.3540000021457672,16.25115966796875,31.0,166.71560668945312,30.209999084472656,120.0,5.849999904632568,0.9300000071525574,35.19330978393555,39.528621673583984,52.52000045776367,231.6826934814453,6.300000190734863,168.727783203125,16.75,24.448945999145508,5.5,0.49900001287460327,12.520000457763672
2025-10-29,175.2876739501953,62.97999954223633,7.890550136566162,558.3224487304688,375.3664245605469,3.9800000190734863,81.90534210205078,8.529999732971191,15.5,46.43000030517578,14.12311840057373,0.4699999988079071,57.168724060058594,104.57816314697266,52.83000183105469,17.81999969482422,27.5,2.5999999046325684,0.008999999612569809,9.0,14.34000015258789,56.15000915527344,22.5,2.5199999809265137,20.95764923095703,7.679999828338623,26.0,18.892475128173828,1.5299999713897705,0.8899999856948853,21.5,524.46484375,132.57350158691406,7.5,7.349999904632568,42.0,0.2590000033378601,170.0,155.16893005371094,1.6305999755859375,8.850000381469727,38.099998474121094,14.199999809265137,0.18000000715255737,0.800000011920929,0.2590000033378601,309.7583312988281,31.200000762939453,1128.7099609375,2.7537033557891846,65.86000061035156,132.93161010742188,7.800000190734863,23.06999969482422,580.0,175.5800018310547,167.8941192626953,160.9879150390625,120.0,0.0010000000474974513,39.43181610107422,51.0,4.690000057220459,10.390000343322754,748.6699829101562,5.25,4.0,170.0,0.6489999890327454,12.0,896.0,0.05900000035762787,9.369999885559082,3.5999999046325684,34.75,46.0,1.8600000143051147,10.289999961853027,373.1000061035156,398.6300048828125,42.689571380615234,3.0,313.9613342285156,3.75,90.0,18.353010177612305,94.0,3.7799999713897705,249.9971466064453,7.920000076293945,130.25254821777344,16.719999313354492,10.039999961853027,69.98999786376953,5.699999809265137,13.372030258178711,52.04999923706055,13.0,46.69386291503906,55.0,25.950000762939453,0.3540000021457672,16.444625854492188,31.0,166.71560668945312,30.450000762939453,120.0,6.360000133514404,0.9300000071525574,34.82326126098633,39.873291015625,52.52000045776367,233.11849975585938,6.300000190734863,168.14418029785156,16.75,24.892576217651367,5.5,0.5139999985694885,11.970000267028809
2025-10-30,174.0019989013672,63.0,7.888559818267822,553.728515625,374.1094055175781,3.859999895095825,79.97815704345703,8.529999732971191,15.5,44.869998931884766,13.833873748779297,0.4699999988079071,57.98896789550781,104.57816314697266,52.25,16.8700008392334,27.5,2.5999999046325684,0.008999999612569809,9.1899995803833,13.949999809265137,56.160003662109375,22.5,2.5199999809265137,20.85888671875,7.650000095367432,26.0,18.703250885009766,1.4500000476837158,0.9089999794960022,21.5,519.6375732421875,132.10655212402344,7.5,7.0,42.0,0.2590000033378601,170.88999938964844,157.62416076660156,1.6305999755859375,8.890000343322754,38.099998474121094,14.199999809265137,0.18000000715255737,0.800000011920929,0.25,359.7193603515625,31.200000762939453,1128.7099609375,2.8122928142547607,65.41999816894531,132.35292053222656,7.800000190734863,22.479999542236328,579.7999877929688,176.89999389648438,166.82852172851562,162.8371124267578,120.0,0.0010000000474974513,39.43181610107422,51.0,4.650000095367432,10.390000343322754,759.6799926757812,5.25,4.0,173.99000549316406,0.6489999890327454,12.0,876.010009765625,0.05900000035762787,9.329999923706055,3.609999895095825,34.86000061035156,46.0,1.8600000143051147,10.289999961853027,373.1000061035156,385.010009765625,41.978721618652344,3.059999942779541,310.12701416015625,3.75,90.0,17.893695831298828,94.0,3.819999933242798,245.00979614257812,7.920000076293945,128.3531951904297,16.90999984741211,9.869999885559082,69.98999786376953,5.760000228881836,13.401723861694336,50.900001525878906,13.0,46.99808883666992,55.0,25.950000762939453,0.3540000021457672,16.541358947753906,31.0,166.71560668945312,30.450000762939453,120.0,6.730000019073486,0.9300000071525574,34.62850570678711,39.873291015625,52.52000045776367,224.16180419921875,6.300000190734863,171.3345184326172,16.75,25.129179000854492,5.5,0.5899999737739563,11.989999771118164
2025-10-31,175.1026153564453,61.75,7.889699935913086,547.1199951171875,374.1193542480469,3.9200000762939453,79.97815704345703,8.520000457763672,15.5,45.0099983215332,13.82390022277832,0.4699999988079071,57.99725341796875,101.65528869628906,53.16999816894531,16.81999969482422,27.5,2.5999999046325684,0.008999999612569809,9.890000343322754,13.680000305175781,56.35986328125,22.170000076293945,2.5199999809265137,20.878639221191406,7.699999809265137,26.0,18.76300621032715,1.5299999713897705,0.9100000262260437,21.5,524.4842529296875,131.11305236816406,7.5,7.0,42.0,0.2590000033378601,170.0,156.06886291503906,1.6305999755859375,8.829999923706055,38.099998474121094,14.199999809265137,0.18000000715255737,0.800000011920929,0.25,370.890625,31.200000762939453,1128.7099609375,2.8122928142547607,64.16000366210938,132.35292053222656,7.800000190734863,22.81999969482422,580.0,178.32000732421875,167.43331909179688,157.68296813964844,120.0,0.0010000000474974513,39.43181610107422,51.0,4.670000076293945,10.390000343322754,784.8900146484375,5.25,4.0,173.99000549316406,0.6489999890327454,12.0,900.0,0.05900000035762787,9.399999618530273,3.5299999713897705,35.41999816894531,45.599998474121094,1.7999999523162842,10.5,373.1000061035156,385.8599853515625,42.334144592285156,3.059999942779541,311.7518615722656,3.75,95.0,17.72756004333496,94.0,3.869999885559082,239.8825225830078,7.920000076293945,130.0635528564453,16.700000762939453,9.699999809265137,69.98999786376953,5.760000228881836,13.273051261901855,51.40999984741211,13.0,46.52702713012695,55.0,25.950000762939453,0.3540000021457672,16.879924774169922,31.0,166.71560668945312,30.450000762939453,120.0,6.71999979019165,0.9300000071525574,35.06671142578125,39.627098083496094,52.52000045776367,223.63436889648438,6.25,163.95201110839844,16.75,26.124881744384766,5.5,0.6800000071525574,12.380000114440918
2025-11-03,174.68380737304688,62.5,7.894229888916016,545.698974609375,366.5272521972656,3.799999952316284,79.97815704345703,8.520000457763672,15.5,44.02000045776367,14.143067359924316,0.4699999988079071,57.99725341796875,101.65528869628906,52.040000915527344,16.760000228881836,27.5,2.5999999046325684,0.008999999612569809,9.0,13.170000076293945,55.110755920410156,22.170000076293945,2.5199999809265137,20.582347869873047,7.599999904632568,26.0,18.713212966918945,1.4800000190734863,0.871999979019165,21.5,524.4940185546875,132.5039520263672,7.5,7.0,42.0,0.2590000033378601,169.97999572753906,156.5383758544922,1.6305999755859375,8.579999923706055,38.86000061035156,14.199999809265137,0.18000000715255737,0.800000011920929,0.24899999797344208,371.7099914550781,31.200000762939453,1128.7099609375,2.6365244388580322,63.72999954223633,131.76441955566406,7.800000190734863,23.0,580.0,177.3000030517578,167.0589141845703,153.35508728027344,120.0,0.0010000000474974513,39.43181610107422,50.0,4.639999866485596,10.390000343322754,738.1500244140625,5.25,4.0,173.99000549316406,0.6489999890327454,12.0,902.1699829101562,0.05900000035762787,9.479999542236328,3.4100000858306885,35.540000915527344,45.9900016784668,1.7999999523162842,10.5,373.1000061035156,394.489990234375,43.08342361450195,3.059999942779541,310.5332336425781,3.75,95.0,17.317110061645508,94.0,4.010000228881836,241.46168518066406,7.920000076293945,126.6239242553711,16.989999771118164,9.529999732971191,69.98999786376953,5.760000228881836,13.391825675964355,50.86000061035156,13.0,46.13447570800781,55.0,25.950000762939453,0.3540000021457672,16.97665786743164,31.0,166.71560668945312,30.450000762939453,120.0,6.619999885559082,0.9300000071525574,33.30412673950195,39.16426086425781,55.0,223.64413452148438,6.25,167.998291015625,16.75,26.124881744384766,5.5,0.7799999713897705,12.170000076293945
2025-11-04,178.72891235351562,62.5,7.895150184631348,549.7770385742188,374.1193542480469,4.0,79.97815704345703,8.520000457763672,15.5,44.41999816894531,14.143067359924316,0.4699999988079071,56.84559631347656,101.62596130371094,51.91999816894531,16.920000076293945,27.5,2.5999999046325684,0.008999999612569809,9.210000038146973,13.699999809265137,55.54044723510742,22.170000076293945,2.5199999809265137,20.878639221191406,7.650000095367432,26.0,18.643495559692383,1.559999942779541,0.9160000085830688,21.5,532.7596435546875,133.22923278808594,7.5,7.0,42.0,0.2590000033378601,169.8800048828125,156.74380493164062,1.6305999755859375,8.949999809265137,38.86000061035156,14.199999809265137,0.18000000715255737,0.800000011920929,0.24899999797344208,371.7099914550781,31.0,1128.7099609375,2.802527904510498,65.7300033569336,132.63735961914062,7.800000190734863,23.739999771118164,580.0,177.99000549316406,169.8621063232422,149.48947143554688,120.0,0.0010000000474974513,39.43181610107422,50.0,4.800000190734863,10.539999961853027,714.8499755859375,5.25,4.0,173.99000549316406,0.6489999890327454,12.0,907.8400268554688,0.05900000035762787,9.289999961853027,3.4100000858306885,35.15999984741211,45.9900016784668,1.7999999523162842,10.5,373.1000061035156,396.70001220703125,43.39081954956055,3.059999942779541,315.0412902832031,3.75,95.0,17.3464298248291,94.0,4.090000152587891,245.36959838867188,7.920000076293945,126.4538345336914,16.649999618530273,9.800000190734863,69.98999786376953,5.760000228881836,13.292847633361816,49.810001373291016,13.0,46.18354797363281,55.0,25.950000762939453,0.3540000021457672,16.97665786743164,31.0,166.71560668945312,30.450000762939453,120.0,6.880000114440918,0.9300000071525574,33.71312713623047,39.528621673583984,55.900001525878906,225.4706268310547,6.28000020980835,170.27432250976562,16.75,26.124881744384766,5.5,1.309999942779541,12.010000228881836
2025-11-05,180.01197814941406,61.79999923706055,7.896420001983643,561.6802368164062,379.10760498046875,3.700000047683716,79.97815704345703,8.520000457763672,15.5,44.0,14.143067359924316,0.4699999988079071,55.51165771484375,101.62596130371094,53.2400016784668,16.770000457763672,27.5,2.5999999046325684,0.008999999612569809,9.289999961853027,14.050000190734863,56.38983917236328,22.170000076293945,2.5199999809265137,21.086044311523438,7.690000057220459,26.0,19.021944046020508,1.649999976158142,0.9160000085830688,21.5,534.2068481445312,136.08058166503906,7.5,7.0,42.0,0.2590000033378601,167.49000549316406,161.1553955078125,1.6305999755859375,9.039999961853027,38.86000061035156,14.199999809265137,0.18000000715255737,0.800000011920929,0.24699999392032623,371.7099914550781,31.190000534057617,1128.7099609375,2.831822633743286,65.6500015258789,134.36363220214844,7.800000190734863,24.469999313354492,577.0,178.89999389648438,169.8909149169922,156.2665557861328,120.0,0.0010000000474974513,39.43181610107422,51.0,4.739999771118164,10.539999961853027,729.7899780273438,5.25,4.0,173.99000549316406,0.6489999890327454,12.0,904.9400024414062,0.05900000035762787,9.300000190734863,3.4800000190734863,35.68000030517578,45.9900016784668,1.7999999523162842,10.5,373.1000061035156,405.0,44.207340240478516,3.059999942779541,319.6187438964844,3.75,95.0,17.483245849609375,94.0,4.119999885559082,253.76513671875,7.920000076293945,131.33926391601562,16.649999618530273,10.4399995803833,69.98999786376953,5.760000228881836,13.30274486541748,51.0,13.0,46.47795867919922,55.0,25.0,0.3540000021457672,16.97665786743164,31.0,166.71560668945312,30.450000762939453,120.0,7.0,0.9300000071525574,34.122127532958984,40.8974494934082,55.900001525878906,242.50497436523438,6.28000020980835,177.89999389648438,16.75,26.223466873168945,5.5,0.9900000095367432,12.619999885559082
2025-11-06,178.7778778076172,62.939998626708984,7.897290229797363,558.6630859375,382.0531921386719,3.75,79.97815704345703,8.520000457763672,15.5,44.150001525878906,13.764056205749512,0.4699999988079071,57.41728591918945,101.62596130371094,54.0,17.030000686645508,27.5,2.5999999046325684,0.008999999612569809,9.75,14.130000114440918,56.91946029663086,22.610000610351562,2.5199999809265137,20.770000457763672,7.53000020980835,26.0,18.87255859375,1.600000023841858,0.8949999809265137,21.5,539.0632934570312,133.12986755371094,7.5,7.0,42.0,0.2590000033378601,169.9499969482422,160.87171936035156,1.6305999755859375,9.0,38.86000061035156,14.199999809265137,0.18000000715255737,0.800000011920929,0.25,371.7099914550781,31.190000534057617,1128.7099609375,2.7829980850219727,64.9000015258789,134.05953979492188,7.800000190734863,23.81999969482422,577.0,179.58999633789062,169.91970825195312,155.65673828125,120.0,0.0010000000474974513,39.43181610107422,51.0,4.670000076293945,10.539999961853027,724.3599853515625,5.25,4.0,180.0,0.6489999890327454,12.0,905.8099975585938,0.05900000035762787,9.149999618530273,3.4800000190734863,35.66999816894531,45.900001525878906,1.7999999523162842,10.5,373.1000061035156,402.239990234375,43.72703552246094,3.1500000953674316,317.7164611816406,3.75,95.0,17.698244094848633,94.0,4.079999923706055,247.46849060058594,7.920000076293945,130.40374755859375,16.6299991607666,10.390000343322754,69.98999786376953,5.760000228881836,13.34233570098877,50.689998626708984,13.0,46.64479064941406,55.0,25.0,0.3540000021457672,16.92829132080078,31.0,166.71560668945312,30.450000762939453,120.0,6.900000095367432,0.9300000071525574,34.3168830871582,40.769432067871094,55.900001525878906,238.43197631835938,6.28000020980835,179.10000610351562,16.75,25.336206436157227,5.5,1.309999942779541,12.569999694824219
2025-11-07,181.31463623046875,62.54999923706055,7.896729946136475,553.9134521484375,374.4346923828125,4.099999904632568,79.01456451416016,8.520000457763672,15.5,44.11000061035156,13.96353530883789,0.4699999988079071,57.98068618774414,99.70996856689453,54.400001525878906,17.049999237060547,27.5,2.5999999046325684,0.008999999612569809,9.199999809265137,14.15999984741211,56.8595085144043,22.610000610351562,2.5199999809265137,21.389999389648438,7.53000020980835,26.0,18.76300621032715,1.4700000286102295,0.8999999761581421,21.5,543.919677734375,134.232666015625,7.5,7.0,42.0,0.2590000033378601,169.94000244140625,163.004150390625,1.6305999755859375,9.0,38.86000061035156,14.199999809265137,0.18000000715255737,0.800000011920929,0.24799999594688416,371.7099914550781,31.190000534057617,1128.7099609375,2.8220577239990234,65.43000030517578,133.18661499023438,7.800000190734863,23.579999923706055,577.0,180.1300048828125,171.35011291503906,157.1321563720703,120.0,0.0010000000474974513,39.43181610107422,51.0,4.659999847412109,10.539999961853027,727.989990234375,5.25,4.0,180.0,0.6489999890327454,12.0,875.22998046875,0.05900000035762787,9.199999809265137,3.440000057220459,34.65999984741211,45.0,1.7999999523162842,10.5,373.1000061035156,397.1300048828125,42.90090560913086,3.1500000953674316,318.6279602050781,3.75,95.0,17.395292282104492,94.0,4.130000114440918,251.16653442382812,7.920000076293945,131.71722412109375,16.31999969482422,10.430000305175781,69.98999786376953,5.5,13.24335765838623,50.290000915527344,13.0,46.3896369934082,55.0,25.0,0.3540000021457672,16.92829132080078,31.0,166.71560668945312,30.450000762939453,120.0,7.0,0.9300000071525574,35.14461898803711,40.27704620361328,55.900001525878906,235.83384704589844,6.289999961853027,180.47000122070312,16.75,25.65167808532715,5.650000095367432,1.3899999856948853,12.359999656677246
2025-11-10,180.21766662597656,62.279998779296875,7.898139953613281,540.8909301757812,386.42657470703125,4.199999809265137,78.05097198486328,8.520000457763672,15.5,43.65999984741211,13.96353530883789,0.4699999988079071,58.328670501708984,101.66506958007812,54.0099983215332,17.729999542236328,27.5,2.5999999046325684,0.008999999612569809,9.489999771118164,13.729999542236328,57.5090446472168,22.610000610351562,2.5199999809265137,21.200000762939453,7.46999979019165,26.0,18.93231201171875,1.4800000190734863,0.8999999761581421,21.5,539.0632934570312,128.6690216064453,7.5,7.0,42.0,0.2590000033378601,169.9600067138672,159.44358825683594,1.6305999755859375,8.600000381469727,38.86000061035156,14.199999809265137,0.18000000715255737,0.800000011920929,0.24899999797344208,371.7099914550781,31.190000534057617,1128.7099609375,2.8220577239990234,63.5,132.91200256347656,7.800000190734863,23.110000610351562,578.0,178.41000366210938,172.11810302734375,156.86656188964844,120.0,0.0010000000474974513,39.43181610107422,51.0,4.679999828338623,10.539999961853027,746.010009765625,5.25,4.0,180.0,0.6489999890327454,12.0,907.0,0.05900000035762787,9.170000076293945,3.4200000762939453,34.7400016784668,45.0,1.7999999523162842,10.5,373.1000061035156,393.6000061035156,43.477272033691406,3.1500000953674316,310.62237548828125,3.75,95.0,17.717788696289062,94.0,4.059999942779541,252.8756103515625,7.920000076293945,130.72503662109375,16.010000228881836,10.680000305175781,69.98999786376953,5.75,13.263153076171875,50.09000015258789,13.0,46.99808883666992,55.0,25.0,0.3540000021457672,16.92829132080078,31.0,166.71560668945312,30.450000762939453,120.0,6.960000038146973,0.9300000071525574,34.80378723144531,40.04070281982422,56.25,232.1417694091797,6.28000020980835,180.33999633789062,16.75,26.61780548095703,5.650000095367432,1.2699999809265137,12.069999694824219
2025-11-11,186.3685760498047,62.529998779296875,7.898769855499268,547.1978149414062,391.42901611328125,4.190000057220459,78.05097198486328,8.520000457763672,15.5,44.95000076293945,13.96353530883789,0.4699999988079071,57.99725341796875,101.66506958007812,54.540000915527344,18.100000381469727,27.5,2.5999999046325684,0.008999999612569809,9.59000015258789,14.010000228881836,57.35914993286133,22.610000610351562,2.5199999809265137,21.510000228881836,7.559999942779541,26.0,19.19124984741211,1.5299999713897705,0.8970000147819519,21.5,534.2068481445312,135.41493225097656,7.5,7.0,42.0,0.2590000033378601,170.0,163.20957946777344,1.6305999755859375,8.510000228881836,38.86000061035156,14.199999809265137,0.18000000715255737,0.800000011920929,0.24899999797344208,371.7099914550781,31.190000534057617,1128.7099609375,2.7634682655334473,65.05999755859375,134.8736572265625,7.800000190734863,23.510000228881836,574.7999877929688,177.2100067138672,178.2524871826172,159.8370819091797,120.0,0.0010000000474974513,39.43181610107422,51.0,4.630000114440918,10.539999961853027,758.4000244140625,5.25,4.0,181.0,0.6489999890327454,12.0,932.0,0.05900000035762787,9.239999771118164,3.4000000953674316,34.83000183105469,45.0,1.7999999523162842,11.020000457763672,373.1000061035156,396.44000244140625,42.18044662475586,3.1500000953674316,318.71710205078125,3.75,95.0,17.717788696289062,91.0,4.090000152587891,255.85403442382812,7.920000076293945,137.85943603515625,16.09000015258789,10.729999542236328,69.98999786376953,5.980000019073486,13.312643051147461,50.599998474121094,13.0,47.78318786621094,55.0,25.0,0.3540000021457672,16.92829132080078,31.0,166.71560668945312,30.450000762939453,120.0,6.849999904632568,0.9300000071525574,34.862213134765625,40.099788665771484,56.099998474121094,238.29522705078125,6.28000020980835,179.0,16.75,27.2388858795166,5.650000095367432,1.149999976158142,12.489999771118164
2025-11-12,182.30389404296875,62.5,7.899700164794922,536.725341796875,398.1788330078125,4.300000190734863,78.05097198486328,8.520000457763672,15.59000015258789,44.13999938964844,13.464838027954102,0.4699999988079071,58.295528411865234,101.66506958007812,54.369998931884766,18.25,27.5,2.5999999046325684,0.008999999612569809,9.779999732971191,13.8100004196167,56.45979309082031,22.610000610351562,2.5199999809265137,21.31999969482422,7.639999866485596,26.0,18.84267807006836,1.590000033378601,0.8970000147819519,21.5,538.57763671875,128.1424560546875,7.5,7.0,42.0,0.2590000033378601,170.0,160.28482055664062,1.6305999755859375,8.420000076293945,38.86000061035156,14.199999809265137,0.18000000715255737,0.800000011920929,0.24899999797344208,371.7099914550781,31.18000030517578,1128.7099609375,2.7537033557891846,62.65999984741211,132.90219116210938,7.800000190734863,22.799999237060547,575.0,180.47000122070312,172.0605010986328,156.80755615234375,120.0,0.0010000000474974513,39.43181610107422,51.0,4.670000076293945,10.539999961853027,743.0999755859375,5.25,4.0,181.0,0.6489999890327454,12.0,917.0599975585938,0.05900000035762787,9.199999809265137,3.4000000953674316,34.77000045776367,45.0,1.7999999523162842,11.020000457763672,373.1000061035156,396.010009765625,41.8154182434082,3.1500000953674316,317.8452453613281,3.75,95.0,17.463701248168945,94.0,4.070000171661377,250.92665100097656,7.920000076293945,135.85614013671875,15.75,11.180000305175781,69.98999786376953,5.980000019073486,13.075094223022461,49.880001068115234,13.0,46.654605865478516,55.0,25.0,0.3540000021457672,16.783191680908203,31.0,166.71560668945312,30.450000762939453,120.0,6.539999961853027,0.9300000071525574,34.97907257080078,40.56262969970703,56.29999923706055,234.01710510253906,6.28000020980835,179.5,16.75,27.012142181396484,5.699999809265137,1.2400000095367432,12.399999618530273
2025-11-13,179.46348571777344,62.779998779296875,7.90378999710083,544.90087890625,398.8577880859375,4.25,78.05097198486328,8.520000457763672,15.579999923706055,43.130001068115234,13.464838027954102,0.4699999988079071,59.46375274658203,101.66506958007812,53.650001525878906,18.200000762939453,27.5,2.5999999046325684,0.008999999612569809,9.600000381469727,13.670000076293945,55.950157165527344,22.610000610351562,2.5199999809265137,21.299999237060547,7.449999809265137,26.0,18.533946990966797,1.5499999523162842,0.8769999742507935,21.5,524.4940185546875,125.98655700683594,7.5,7.0,42.0,0.2590000033378601,170.0,158.0056610107422,1.6305999755859375,8.25,38.86000061035156,14.199999809265137,0.18000000715255737,0.800000011920929,0.2460000067949295,371.7099914550781,31.200000762939453,1128.7099609375,2.77323317527771,61.060001373291016,133.39259338378906,7.800000190734863,22.600000381469727,575.0,177.8699951171875,168.57571411132812,154.12229919433594,120.0,0.0010000000474974513,39.43181610107422,51.0,4.630000114440918,10.539999961853027,745.5,5.25,4.0,180.0,0.6489999890327454,12.0,874.0,0.05900000035762787,9.199999809265137,3.369999885559082,34.09000015258789,45.0,1.7999999523162842,11.020000457763672,373.1000061035156,397.0199890136719,41.10456466674805,3.1500000953674316,311.33575439453125,3.75,95.0,17.561426162719727,94.0,3.940000057220459,245.95928955078125,7.920000076293945,134.7788848876953,14.739999771118164,10.970000267028809,69.98999786376953,5.980000019073486,13.18397045135498,49.88999938964844,13.0,45.840065002441406,55.0,25.0,0.3540000021457672,16.783191680908203,31.0,166.71560668945312,30.450000762939453,120.0,6.429999828338623,0.9300000071525574,35.43675994873047,40.316436767578125,56.29999923706055,235.37477111816406,6.28000020980835,172.0,16.75,27.012142181396484,5.699999809265137,1.1299999952316284,12.100000381469727
2025-11-14,180.5408935546875,62.279998779296875,7.905670166015625,534.8176879882812,391.3990478515625,4.340000152587891,78.05097198486328,8.520000457763672,15.579999923706055,42.650001525878906,13.464838027954102,0.4699999988079071,60.383426666259766,101.66506958007812,53.849998474121094,18.360000610351562,27.5,2.5999999046325684,0.008999999612569809,9.899999618530273,13.770000457763672,55.97013854980469,22.610000610351562,2.5199999809265137,21.200000762939453,7.269999980926514,26.0,18.41443634033203,1.5099999904632568,0.8999999761581421,21.0,533.2355346679688,125.758056640625,7.5,7.0,42.0,0.2590000033378601,169.94000244140625,157.5557098388672,1.6305999755859375,8.020000457763672,38.86000061035156,14.199999809265137,0.18000000715255737,0.800000011920929,0.25,371.7099914550781,31.200000762939453,1128.7099609375,2.802527904510498,60.02000045776367,133.64759826660156,7.800000190734863,22.040000915527344,575.0,175.1199951171875,168.2877197265625,151.810791015625,120.0,0.0010000000474974513,39.43181610107422,51.0,4.539999961853027,10.539999961853027,725.0,5.25,4.0,181.0,0.6489999890327454,12.0,915.0,0.05900000035762787,9.300000190734863,3.3399999141693115,34.31999969482422,45.0,1.7999999523162842,10.5,373.1000061035156,406.0,41.86344909667969,3.1500000953674316,309.562255859375,3.630000114440918,95.0,17.190067291259766,95.01000213623047,3.9600000381469727,246.70889282226562,7.920000076293945,133.59768676757812,15.079999923706055,10.609999656677246,69.98999786376953,5.980000019073486,13.075094223022461,49.5099983215332,13.0,45.290496826171875,55.0,24.399999618530273,0.3540000021457672,16.783191680908203,31.0,166.71560668945312,30.450000762939453,120.0,6.300000190734863,0.9300000071525574,36.32292175292969,39.784664154052734,55.5,235.9315185546875,6.28000020980835,174.75999450683594,16.75,27.002283096313477,5.699999809265137,1.1299999952316284,11.989999771118164
2025-11-18,180.01197814941406,62.29999923706055,7.911789894104004,530.3308715820312,375.43316650390625,4.5,78.05097198486328,8.520000457763672,15.579999923706055,42.599998474121094,13.25538444519043,0.4699999988079071,61.485374450683594,101.66506958007812,54.189998626708984,18.25,27.5,2.5999999046325684,0.008999999612569809,9.789999961853027,13.449999809265137,55.91018295288086,22.610000610351562,2.5199999809265137,21.450000762939453,7.099999904632568,26.0,18.59370231628418,1.590000033378601,0.8809999823570251,21.0,523.522705078125,126.92045593261719,7.5,7.0,42.0,0.2590000033378601,166.8000030517578,157.8686981201172,1.6305999755859375,8.479999542236328,37.5,14.199999809265137,0.18000000715255737,0.800000011920929,0.24500000476837158,371.7099914550781,31.25,1128.7099609375,2.7537033557891846,60.04999923706055,132.19598388671875,7.800000190734863,22.209999084472656,575.0,175.77000427246094,165.4269256591797,147.6304473876953,120.0,0.0010000000474974513,39.43181610107422,51.0,4.590000152587891,10.449999809265137,716.4600219726562,5.25,4.0,181.0,0.6489999890327454,12.0,915.0,0.05900000035762787,9.0,3.2899999618530273,34.099998474121094,45.0,1.7999999523162842,10.5,373.1000061035156,401.739990234375,41.26786804199219,3.049999952316284,311.8707580566406,3.740000009536743,95.0,17.493017196655273,95.01000213623047,3.9100000858306885,247.85829162597656,8.5,131.15969848632812,14.300000190734863,10.380000114440918,69.98999786376953,5.980000019073486,13.045400619506836,49.40999984741211,13.0,43.916568756103516,55.0,24.299999237060547,0.3540000021457672,16.783191680908203,31.0,166.71560668945312,30.450000762939453,120.0,6.309999942779541,0.9300000071525574,36.2060661315918,40.27704620361328,55.0,230.11013793945312,6.300000190734863,176.41000366210938,16.75,27.012142181396484,5.699999809265137,0.9980000257492065,11.670000076293945
2025-11-19,177.10304260253906,61.27000045776367,7.914639949798584,534.0390625,377.4700927734375,4.539999961853027,78.05097198486328,8.520000457763672,15.579999923706055,42.63999938964844,13.25538444519043,0.4699999988079071,61.93278503417969,101.66506958007812,51.970001220703125,18.290000915527344,27.5,2.5999999046325684,0.008999999612569809,9.760000228881836,13.479999542236328,55.870208740234375,22.610000610351562,2.5199999809265137,21.239999771118164,7.239999771118164,26.0,18.91239356994629,1.5199999809265137,0.8769999742507935,21.0,531.2832641601562,129.9208526611328,7.5,7.0,42.0,0.2590000033378601,169.49000549316406,157.18397521972656,1.6305999755859375,8.640000343322754,37.5,14.199999809265137,0.18000000715255737,0.800000011920929,0.25,371.7099914550781,31.200000762939453,1128.8599853515625,2.734173536300659,59.06999969482422,132.14694213867188,7.800000190734863,21.850000381469727,575.5,175.72000122070312,166.59811401367188,148.6337432861328,120.0,0.0010000000474974513,39.43181610107422,53.0,4.619999885559082,10.449999809265137,732.969970703125,5.25,4.0,181.0,0.6489999890327454,12.0,932.719970703125,0.05900000035762787,8.960000038146973,3.5199999809265137,34.5,45.0,1.7999999523162842,10.5,373.1000061035156,404.260009765625,41.95283126831055,3.119999885559082,310.68182373046875,3.740000009536743,95.0,17.28779411315918,95.0,3.799999952316284,249.5074005126953,8.5,131.10301208496094,14.0,10.369999885559082,73.5,5.980000019073486,13.0552978515625,48.540000915527344,13.0,43.3081169128418,55.0,25.0,0.3540000021457672,16.783191680908203,31.0,166.71560668945312,30.450000762939453,120.0,6.400000095367432,0.9300000071525574,35.72890090942383,40.23765563964844,55.0,229.77806091308594,6.300000190734863,171.6699981689453,16.75,27.406478881835938,5.699999809265137,0.8799999952316284,11.850000381469727
2025-11-20,178.7778778076172,62.68000030517578,7.915559768676758,531.7518310546875,371.4491882324219,4.409999847412109,78.05097198486328,8.520000457763672,15.579999923706055,42.400001525878906,13.25538444519043,0.4699999988079071,60.25086212158203,101.66506958007812,51.0,17.8700008392334,27.5,2.5999999046325684,0.008999999612569809,9.770000457763672,13.399999618530273,56.10004425048828,22.610000610351562,2.5199999809265137,20.940000534057617,7.300000190734863,26.0,18.663414001464844,1.4199999570846558,0.8700000047683716,21.0,524.0083618164062,126.48330688476562,7.5,7.0,42.0,0.2590000033378601,170.0,157.35028076171875,1.6305999755859375,8.399999618530273,37.5,14.199999809265137,0.18000000715255737,0.800000011920929,0.24899999797344208,371.7099914550781,31.200000762939453,1128.8599853515625,2.704878807067871,58.13999938964844,130.85226440429688,7.800000190734863,21.690000534057617,575.5,175.99000549316406,168.5373077392578,144.11895751953125,120.0,0.0010000000474974513,39.43181610107422,53.0,4.679999828338623,10.449999809265137,720.0,5.25,4.0,181.0,0.6489999890327454,12.0,920.3400268554688,0.05900000035762787,8.9399995803833,3.5,34.310001373291016,45.0,1.7999999523162842,10.5,373.1000061035156,407.0799865722656,41.09225845336914,3.049999952316284,309.2550964355469,3.630000114440918,95.01000213623047,17.190067291259766,95.0,3.819999933242798,249.00767517089844,8.5,128.50437927246094,14.0,9.899999618530273,73.5,5.96999979019165,13.11468505859375,47.65999984741211,13.0,43.36699676513672,55.0,25.0,0.3540000021457672,16.783191680908203,31.0,166.71560668945312,30.450000762939453,120.0,6.300000190734863,0.9300000071525574,36.01130676269531,39.22334289550781,55.0,227.4338836669922,6.289999961853027,173.88999938964844,16.75,27.505064010620117,5.699999809265137,0.902999997138977,11.670000076293945
2025-11-21,178.74850463867188,61.9900016784668,7.916999816894531,537.37744140625,378.91790771484375,4.699999809265137,78.05097198486328,8.520000457763672,15.579999923706055,43.66999816894531,13.065879821777344,0.4699999988079071,61.31138610839844,101.66506958007812,50.90999984741211,17.43000030517578,27.5,2.5999999046325684,0.008999999612569809,9.859999656677246,13.640000343322754,56.489768981933594,22.610000610351562,2.5199999809265137,21.1200008392334,7.0,26.0,18.454275131225586,1.4199999570846558,0.9350000023841858,21.0,514.7811279296875,124.5857162475586,7.5,7.0,42.0,0.2590000033378601,170.0,159.5805206298828,1.6305999755859375,9.399999618530273,37.5,14.199999809265137,0.18000000715255737,0.800000011920929,0.25099998712539673,371.7099914550781,30.989999771118164,1128.8599853515625,2.870882272720337,57.13999938964844,130.2245330810547,7.800000190734863,21.350000381469727,560.0,175.6999969482422,166.15652465820312,146.8533935546875,120.0,0.0010000000474974513,39.43181610107422,53.0,4.510000228881836,10.449999809265137,727.0900268554688,5.25,4.0,181.0,0.6489999890327454,12.0,896.5,0.05900000035762787,9.119999885559082,3.430000066757202,34.560001373291016,45.0,1.7999999523162842,10.5,373.1000061035156,415.80999755859375,41.796363830566406,3.049999952316284,308.23455810546875,3.630000114440918,95.01000213623047,17.36597442626953,98.0,3.819999933242798,244.87986755371094,8.5,130.5927276611328,13.270000457763672,10.319999694824219,73.5,5.96999979019165,12.748464584350586,48.220001220703125,13.0,44.28948974609375,55.0,25.0,0.3540000021457672,16.783191680908203,31.049999237060547,166.71560668945312,30.5,120.0,6.300000190734863,0.9300000071525574,35.28095245361328,40.06039810180664,55.0,230.9794464111328,6.300000190734863,174.52000427246094,16.75,28.589492797851562,5.699999809265137,0.8799999952316284,11.640000343322754
2025-11-24,177.514404296875,61.119998931884766,7.9202799797058105,541.6014404296875,379.4271545410156,4.800000190734863,78.05097198486328,8.520000457763672,15.579999923706055,43.4900016784668,13.065879821777344,0.4699999988079071,61.06282043457031,100.67774200439453,50.84000015258789,16.5,27.5,2.5999999046325684,0.008999999612569809,9.890000343322754,13.75,55.5704231262207,22.610000610351562,2.5199999809265137,21.40999984741211,7.199999809265137,26.0,18.52398681640625,1.4500000476837158,0.9959999918937683,21.0,517.6950073242188,128.5001220703125,7.5,7.0,42.0,0.2590000033378601,169.9499969482422,155.56019592285156,1.6305999755859375,9.149999618530273,37.5,14.199999809265137,0.18000000715255737,0.800000011920929,0.25,371.7099914550781,30.5,1128.8599853515625,2.9197068214416504,59.0,132.0681610107422,7.800000190734863,21.75,560.0,172.69000244140625,165.11972045898438,153.1485137939453,120.0,0.0010000000474974513,39.43181610107422,53.0,4.699999809265137,10.449999809265137,757.0,5.25,4.0,181.0,0.6489999890327454,12.0,891.0,0.05900000035762787,9.25,3.3399999141693115,35.70000076293945,45.0,1.7999999523162842,11.0,373.1000061035156,427.2099914550781,41.991943359375,3.0999999046325684,308.72998046875,3.619999885559082,95.01000213623047,18.079376220703125,98.0,3.9200000762939453,244.2701873779297,8.5,131.08412170410156,14.829999923706055,10.210000038146973,73.5,5.949999809265137,13.084992408752441,48.79999923706055,13.0,46.09522247314453,55.0,25.0,0.3540000021457672,16.783191680908203,31.049999237060547,166.71560668945312,30.5,120.0,6.309999942779541,0.9300000071525574,35.543880462646484,39.0953254699707,55.0,232.50315856933594,6.269999980926514,182.0,16.75,28.047279357910156,5.699999809265137,0.8999999761581421,11.760000228881836
2025-11-25,179.5908203125,61.38999938964844,7.921360015869141,546.3900146484375,386.4365539550781,4.900000095367432,77.0873794555664,8.75,15.579999923706055,43.619998931884766,12.966139793395996,0.4699999988079071,61.31138610839844,100.67774200439453,50.400001525878906,17.110000610351562,27.5,2.5999999046325684,0.008999999612569809,9.899999618530273,13.989999771118164,57.34915542602539,22.610000610351562,2.5199999809265137,21.31999969482422,7.25,26.0,19.111576080322266,1.4500000476837158,1.0099999904632568,21.0,524.4940185546875,127.07942199707031,7.5,7.0,42.0,0.2590000033378601,170.0,155.7460479736328,1.6305999755859375,8.75,37.5,14.199999809265137,0.18000000715255737,0.800000011920929,0.2590000033378601,372.0,30.0,1128.8599853515625,2.9490015506744385,59.13999938964844,130.95484924316406,7.800000190734863,22.0,580.0,179.24000549316406,169.19012451171875,156.1780548095703,120.0,0.0010000000474974513,39.43181610107422,53.0,4.630000114440918,10.449999809265137,752.530029296875,5.25,4.0,177.0500030517578,0.6489999890327454,12.0,864.0499877929688,0.05900000035762787,9.079999923706055,3.309999942779541,36.27000045776367,45.0,1.7999999523162842,11.0,373.1000061035156,434.0199890136719,41.874595642089844,2.990000009536743,313.32720947265625,3.75,95.01000213623047,17.805742263793945,98.0,3.9000000953674316,246.91879272460938,8.5,132.29364013671875,14.920000076293945,9.989999771118164,73.5,5.900000095367432,12.847442626953125,49.439998626708984,13.0,45.55546188354492,55.0,25.0,0.3540000021457672,16.783191680908203,31.049999237060547,166.71560668945312,30.5,120.0,6.599999904632568,0.9300000071525574,35.72890090942383,39.98161697387695,55.0,242.1924285888672,6.28000020980835,186.99000549316406,16.75,28.638784408569336,5.699999809265137,0.8999999761581421,12.850000381469727
2025-11-26,178.6211700439453,61.099998474121094,7.923419952392578,552.530029296875,391.4689636230469,4.900000095367432,77.0873794555664,8.75,15.579999923706055,44.290000915527344,12.966139793395996,0.4699999988079071,61.31138610839844,100.67774200439453,51.400001525878906,16.90999984741211,27.5,2.5999999046325684,0.008999999612569809,9.510000228881836,13.829999923706055,57.499053955078125,22.610000610351562,2.5199999809265137,20.959999084472656,7.159999847412109,26.0,19.27092170715332,1.4900000095367432,0.9670000076293945,21.0,524.4940185546875,124.8837661743164,7.5,7.0,42.0,0.2590000033378601,170.0,157.71218872070312,1.6305999755859375,8.90999984741211,37.5,14.199999809265137,0.18000000715255737,0.800000011920929,0.2529999911785126,372.0,29.989999771118164,1128.8599853515625,2.9490015506744385,57.70000076293945,131.56568908691406,7.800000190734863,21.5,580.0,180.52999877929688,168.98851013183594,156.0895233154297,120.0,0.0010000000474974513,43.375,53.0,4.5,10.449999809265137,776.1300048828125,5.25,4.0,180.0,0.6489999890327454,12.0,888.25,0.05900000035762787,9.079999923706055,3.4100000858306885,35.68000030517578,45.0,1.7999999523162842,11.0,373.1000061035156,435.25,43.07743835449219,2.990000009536743,313.9316101074219,3.75,95.01000213623047,17.776424407958984,98.0,3.9200000762939453,249.7672576904297,8.5,134.81076049804688,15.0600004196167,9.9399995803833,73.5,5.880000114440918,12.768259048461914,49.9900016784668,13.0,46.31112289428711,55.0,25.0,0.3540000021457672,16.783191680908203,31.049999237060547,166.71560668945312,30.5,120.0,6.610000133514404,0.9300000071525574,35.79706573486328,40.30659103393555,54.0,244.8699951171875,6.28000020980835,180.8000030517578,16.75,29.082416534423828,5.699999809265137,0.9079999923706055,13.1899995803833
2025-11-27,176.8287811279297,61.0,7.927889823913574,552.97998046875,395.40301513671875,5.0,77.0873794555664,8.75,15.579999923706055,43.599998474121094,12.95616626739502,0.4699999988079071,60.275718688964844,100.68751525878906,51.0,16.65999984741211,27.5,2.5999999046325684,0.008999999612569809,9.800000190734863,14.039999961853027,56.55971908569336,22.610000610351562,2.5199999809265137,20.75,7.199999809265137,26.0,18.84267807006836,1.5199999809265137,1.0,21.0,532.2642822265625,124.25785827636719,7.5,7.0,42.0,0.2590000033378601,170.0,154.58201599121094,1.6305999755859375,8.680000305175781,37.5,14.199999809265137,0.18000000715255737,0.800000011920929,0.25099998712539673,372.0,30.479999542236328,1120.7099609375,2.939236640930176,57.4900016784668,126.11744689941406,7.800000190734863,21.350000381469727,580.0,177.32000732421875,168.21092224121094,154.8304901123047,120.0,0.0010000000474974513,44.0,53.0,4.510000228881836,10.449999809265137,761.3499755859375,5.25,4.0,180.0,0.6489999890327454,12.0,890.0,0.05900000035762787,9.130000114440918,3.5,35.959999084472656,44.970001220703125,1.7999999523162842,11.0,373.1000061035156,438.0,42.784061431884766,2.9000000953674316,312.4652404785156,3.75,95.01000213623047,17.815515518188477,98.0,3.869999885559082,245.7593994140625,8.5,132.56471252441406,15.170000076293945,9.829999923706055,73.5,5.800000190734863,12.857340812683105,48.720001220703125,13.0,46.13447570800781,55.0,25.0,0.3540000021457672,16.783191680908203,31.049999237060547,166.71560668945312,30.5,120.0,6.710000038146973,0.9300000071525574,35.777591705322266,40.15887451171875,54.0,244.02999877929688,6.289999961853027,181.30999755859375,16.75,29.57533836364746,5.699999809265137,0.7689999938011169,13.109999656677246
2025-11-28,182.9503173828125,60.560001373291016,7.931970119476318,552.8499755859375,392.40753173828125,4.849999904632568,78.0027847290039,8.75,15.699999809265137,43.20000076293945,12.716791152954102,0.4699999988079071,60.275718688964844,100.68751525878906,51.66999816894531,16.959999084472656,27.850000381469727,2.5999999046325684,0.008999999612569809,9.800000190734863,14.09000015258789,56.95943832397461,22.170000076293945,2.5199999809265137,20.940000534057617,7.239999771118164,26.0,19.320716857910156,1.5199999809265137,1.0010000467300415,21.0,524.8630981445312,125.11227416992188,7.5,7.0,42.0,0.2590000033378601,170.0,155.32542419433594,1.6305999755859375,9.020000457763672,38.86000061035156,14.199999809265137,0.18000000715255737,0.800000011920929,0.24500000476837158,372.0,30.489999771118164,1120.7099609375,2.997825860977173,57.93000030517578,129.5262908935547,7.800000190734863,22.0,580.0,180.6999969482422,167.51971435546875,158.79286193847656,120.0,0.0010000000474974513,44.0,54.79999923706055,4.489999771118164,10.699999809265137,770.0,5.25,4.0,181.0,0.6489999890327454,12.0,890.0499877929688,0.05900000035762787,9.09000015258789,3.450000047683716,37.5099983215332,43.0,1.7999999523162842,11.050000190734863,373.1000061035156,450.29998779296875,41.767024993896484,2.9000000953674316,321.0851135253906,3.75,95.01000213623047,18.313919067382812,101.0,3.890000104904175,251.62628173828125,8.5,131.79991149902344,15.0,10.0,73.5,5.800000190734863,12.768259048461914,49.939998626708984,13.0,46.85088348388672,55.0,25.0,0.3540000021457672,16.783191680908203,31.049999237060547,166.71560668945312,30.549999237060547,120.0,6.650000095367432,0.9300000071525574,37.7154655456543,40.17856979370117,56.5,245.0800018310547,6.300000190734863,182.72000122070312,16.75,30.955520629882812,5.699999809265137,0.8790000081062317,13.239999771118164
2025-12-01,182.96011352539062,60.25,7.936260223388672,554.0999755859375,399.3869934082031,4.900000095367432,78.0027847290039,8.75,15.84000015258789,43.79999923706055,13.09580135345459,0.4699999988079071,60.8391227722168,100.68751525878906,52.25,16.8799991607666,27.850000381469727,2.5999999046325684,0.008999999612569809,9.800000190734863,14.0,56.429813385009766,22.170000076293945,2.5199999809265137,20.34000015258789,7.230000019073486,26.0,19.260961532592773,1.5199999809265137,1.0199999809265137,21.0,524.4940185546875,123.71142578125,7.5,7.0,42.0,0.2590000033378601,168.8000030517578,156.33297729492188,1.6305999755859375,9.289999961853027,38.86000061035156,14.199999809265137,0.18000000715255737,0.800000011920929,0.24899999797344208,372.0,30.489999771118164,1120.7099609375,3.066180467605591,57.81999969482422,131.1814422607422,7.800000190734863,22.049999237060547,580.0,184.85000610351562,167.87490844726562,161.3649444580078,120.0,0.0010000000474974513,44.0,54.79999923706055,4.699999809265137,10.699999809265137,822.969970703125,5.25,4.0,181.0,0.6489999890327454,12.0,897.0599975585938,0.05900000035762787,8.920000076293945,3.5,36.54999923706055,42.0,1.7999999523162842,11.0,373.1000061035156,433.7200012207031,42.099517822265625,2.9000000953674316,312.1382751464844,3.75,95.01000213623047,18.079376220703125,101.0,3.930000066757202,246.73887634277344,8.5,130.49293518066406,15.119999885559082,9.960000038146973,73.5,5.800000190734863,12.778157234191895,49.68000030517578,13.0,47.331756591796875,55.0,25.0,0.3540000021457672,16.783191680908203,31.049999237060547,166.71560668945312,30.549999237060547,120.0,6.599999904632568,0.9300000071525574,38.95219421386719,40.483848571777344,57.0,244.11000061035156,6.289999961853027,181.0399932861328,16.75,29.969675064086914,5.699999809265137,0.8610000014305115,13.420000076293945
2025-12-02,184.44886779785156,60.25,7.936820030212402,552.5999755859375,398.15887451171875,4.659999847412109,77.0873794555664,8.75,15.84000015258789,44.060001373291016,13.065879821777344,0.4699999988079071,62.123348236083984,100.68751525878906,51.150001525878906,16.969999313354492,27.850000381469727,2.5999999046325684,0.008999999612569809,9.920000076293945,14.010000228881836,56.95943832397461,22.170000076293945,2.5199999809265137,20.489999771118164,7.159999847412109,26.0,19.579654693603516,1.5499999523162842,0.996999979019165,21.0,534.98388671875,122.608642578125,7.5,7.0,42.0,0.2590000033378601,169.9499969482422,158.6023406982422,1.6305999755859375,9.25,38.86000061035156,14.199999809265137,0.18000000715255737,0.800000011920929,0.24799999594688416,372.0,30.489999771118164,1120.7099609375,3.027120590209961,60.349998474121094,128.560791015625,7.800000190734863,21.489999771118164,620.9500122070312,188.36000061035156,170.48611450195312,161.27554321289062,119.0,0.0010000000474974513,44.0,54.79999923706055,4.579999923706055,10.699999809265137,784.1599731445312,5.25,4.0,181.0,0.6489999890327454,12.0,926.4000244140625,0.05900000035762787,9.050000190734863,3.4600000381469727,35.68000030517578,42.0,1.7999999523162842,11.0,373.1000061035156,425.8399963378906,42.383113861083984,2.9000000953674316,311.058349609375,3.75,95.01000213623047,17.97187614440918,97.97000122070312,3.9700000286102295,250.9966278076172,8.5,133.39730834960938,15.15999984741211,9.850000381469727,73.5,5.929999828338623,12.80785083770752,50.56999969482422,13.0,48.599998474121094,55.0,25.0,0.3540000021457672,16.783191680908203,31.049999237060547,166.71560668945312,30.549999237060547,120.0,6.46999979019165,0.9300000071525574,37.34541702270508,40.92699432373047,56.0,241.5800018310547,6.289999961853027,176.4199981689453,16.75,29.861234664916992,5.699999809265137,0.8209999799728394,13.989999771118164
2025-12-03,181.20689392089844,60.25,7.940410137176514,546.0,399.3869934082031,4.5,77.0873794555664,8.75,15.84000015258789,43.77000045776367,13.065879821777344,0.4699999988079071,61.907928466796875,100.68751525878906,50.880001068115234,17.139999389648438,27.850000381469727,2.5999999046325684,0.008999999612569809,9.949999809265137,14.039999961853027,56.87948989868164,22.170000076293945,2.5199999809265137,19.790000915527344,7.400000095367432,26.0,19.808713912963867,1.5199999809265137,0.9879999756813049,21.0,534.1000366210938,121.5555191040039,7.5,7.0,42.0,0.2590000033378601,170.0,160.24569702148438,1.6305999755859375,9.050000190734863,38.86000061035156,14.199999809265137,0.18000000715255737,0.800000011920929,0.2540000081062317,372.0,31.200000762939453,1120.7099609375,3.0173556804656982,59.709999084472656,128.4721221923828,7.800000190734863,21.489999771118164,620.9500122070312,194.66000366210938,169.01730346679688,163.93699645996094,119.0,0.0010000000474974513,44.0,54.79999923706055,4.590000152587891,10.699999809265137,786.4000244140625,5.25,4.0,182.0,0.6489999890327454,12.0,970.0,0.05900000035762787,9.020000457763672,3.4700000286102295,35.959999084472656,42.0,1.7999999523162842,11.0,373.1000061035156,422.1700134277344,42.44179153442383,2.9000000953674316,310.8205261230469,3.75,95.01000213623047,18.010967254638672,97.97000122070312,4.039999961853027,252.77000427246094,8.5,133.5715789794922,15.640000343322754,9.920000076293945,73.5,5.929999828338623,12.679179191589355,49.9900016784668,13.0,48.790000915527344,55.0,25.0,0.3540000021457672,16.783191680908203,31.049999237060547,166.71560668945312,30.549999237060547,120.0,6.389999866485596,0.9300000071525574,37.28620147705078,41.16333770751953,54.599998474121094,237.6999969482422,6.300000190734863,173.5500030517578,16.75,29.871091842651367,5.699999809265137,0.8259999752044678,14.4399995803833
2025-12-04,183.7240753173828,63.90999984741211,7.943960189819336,552.780029296875,402.3924560546875,4.659999847412109,77.0873794555664,8.75,15.84000015258789,44.27000045776367,12.81653118133545,0.4699999988079071,61.725650787353516,100.68751525878906,51.38999938964844,17.25,27.850000381469727,2.5999999046325684,0.008999999612569809,10.0,14.199999809265137,56.81953430175781,22.170000076293945,2.5199999809265137,19.860000610351562,7.440000057220459,26.0,19.91826629638672,1.4600000381469727,0.9879999756813049,21.0,529.3406982421875,124.82415771484375,7.5,7.0,42.0,0.2590000033378601,170.0,162.38790893554688,1.6305999755859375,8.850000381469727,38.86000061035156,14.199999809265137,0.18000000715255737,0.800000011920929,0.25200000405311584,372.0,30.149999618530273,1120.7099609375,2.968531370162964,58.84000015258789,126.71842956542969,7.800000190734863,20.81999969482422,660.0,193.66000366210938,167.4621124267578,165.12869262695312,118.0,0.0010000000474974513,44.0,54.79999923706055,4.590000152587891,10.300000190734863,793.989990234375,5.25,4.0,182.0,0.6489999890327454,12.0,938.02001953125,0.05900000035762787,9.039999961853027,3.380000114440918,36.029998779296875,40.0,1.7999999523162842,11.0,373.1000061035156,416.82000732421875,43.28280258178711,2.9000000953674316,310.38458251953125,3.6700000762939453,95.01000213623047,18.28460121154785,97.97000122070312,4.099999904632568,260.2300109863281,8.5,133.46507263183594,15.460000038146973,9.899999618530273,73.5,5.929999828338623,12.857340812683105,50.900001525878906,13.0,48.4900016784668,55.0,25.0,0.3540000021457672,16.783191680908203,31.049999237060547,166.71560668945312,30.549999237060547,120.0,6.309999942779541,0.9300000071525574,37.44411087036133,40.602020263671875,55.0,234.19000244140625,6.300000190734863,179.42999267578125,16.75,29.141565322875977,5.699999809265137,0.8140000104904175,14.420000076293945
2025-12-05,183.44003295898438,64.0,7.944369792938232,547.8699951171875,395.40301513671875,4.800000190734863,79.4000015258789,8.75,16.0,44.15999984741211,12.507338523864746,0.4699999988079071,61.31138610839844,100.68751525878906,51.08000183105469,16.829999923706055,28.0,2.5999999046325684,0.008999999612569809,9.960000038146973,14.0600004196167,56.5697135925293,22.170000076293945,2.5199999809265137,19.579999923706055,7.480000019073486,26.0,19.579654693603516,1.4600000381469727,0.9869999885559082,20.5,529.3406982421875,123.94987487792969,7.5,7.0,42.0,0.2590000033378601,170.47999572753906,160.79348754882812,1.6305999755859375,9.050000190734863,38.5,14.199999809265137,0.18000000715255737,0.800000011920929,0.2529999911785126,365.0,31.200000762939453,1120.7099609375,2.98806095123291,60.08000183105469,126.39330291748047,7.800000190734863,20.700000762939453,700.0,192.63999938964844,167.76930236816406,165.53585815429688,118.0,0.0010000000474974513,44.0,54.79999923706055,4.800000190734863,10.300000190734863,788.0999755859375,5.25,4.0,182.0,0.6489999890327454,12.0,933.4500122070312,0.05900000035762787,9.0,3.5199999809265137,35.41999816894531,40.0,1.7999999523162842,11.0,373.1000061035156,414.0,43.938011169433594,2.9000000953674316,313.55511474609375,3.6700000762939453,95.01000213623047,18.069602966308594,101.0,4.070000171661377,253.6999969482422,8.5,133.78456115722656,15.649999618530273,9.84000015258789,73.5,5.929999828338623,12.82764720916748,50.040000915527344,13.0,48.599998474121094,55.0,25.0,0.3540000021457672,16.783191680908203,31.049999237060547,166.71560668945312,30.649999618530273,120.0,6.389999866485596,0.9300000071525574,37.523067474365234,40.217960357666016,57.0,231.41000366210938,6.289999961853027,175.3699951171875,16.75,28.589492797851562,5.699999809265137,0.8149999976158142,13.739999771118164
2025-12-08,184.91900634765625,64.80000305175781,7.947859764099121,554.9099731445312,396.4015197753906,4.5,81.0,8.75,16.0,44.58000183105469,12.31783390045166,0.4699999988079071,60.093441009521484,100.68751525878906,51.5,16.770000457763672,28.0,2.5999999046325684,0.008999999612569809,10.0,13.989999771118164,57.33916473388672,22.170000076293945,2.5199999809265137,19.540000915527344,7.360000133514404,26.0,19.908306121826172,1.4700000286102295,0.9649999737739563,20.5,529.3504028320312,119.91622924804688,7.5,7.0,42.0,0.2590000033378601,169.9499969482422,166.04641723632812,1.6305999755859375,8.899999618530273,38.5,14.199999809265137,0.18000000715255737,0.800000011920929,0.2540000081062317,365.0,31.0,1120.7099609375,2.9782960414886475,59.31999969482422,127.06326293945312,7.800000190734863,20.450000762939453,700.0,192.3000030517578,169.17999267578125,165.20814514160156,118.0,0.0010000000474974513,44.0,54.0,4.889999866485596,10.300000190734863,772.1099853515625,5.25,4.0,182.0,0.6489999890327454,12.0,926.0,0.05900000035762787,8.90999984741211,3.509999990463257,36.31999969482422,42.0,1.7999999523162842,11.0,373.1000061035156,433.8800048828125,43.49794387817383,2.9000000953674316,312.9209899902344,3.6500000953674316,95.01000213623047,17.825286865234375,103.0,3.990000009536743,260.3999938964844,8.5,134.55906677246094,14.90999984741211,9.979999542236328,73.5,5.929999828338623,12.411935806274414,50.58000183105469,13.0,49.66999816894531,55.0,25.0,0.3540000021457672,16.783191680908203,31.049999237060547,166.71560668945312,30.649999618530273,120.0,6.25,0.9300000071525574,37.81914520263672,40.119483947753906,56.70000076293945,230.0800018310547,6.289999961853027,179.77999877929688,16.75,28.589492797851562,5.699999809265137,0.8510000109672546,13.539999961853027
2025-12-09,185.01693725585938,71.5,7.944910049438477,556.1500244140625,395.90228271484375,4.800000190734863,81.0,8.75,16.0,44.08000183105469,12.666921615600586,0.4699999988079071,61.73393630981445,100.68751525878906,51.650001525878906,16.920000076293945,28.5,2.5999999046325684,0.008999999612569809,10.399999618530273,13.800000190734863,57.73887634277344,22.170000076293945,2.5199999809265137,19.350000381469727,7.199999809265137,26.0,19.818674087524414,1.4700000286102295,0.9620000123977661,20.5,519.6860961914062,119.45922088623047,7.5,7.0,42.0,0.2590000033378601,170.0,165.2451171875,1.6305999755859375,8.770000457763672,38.5,14.199999809265137,0.18000000715255737,0.800000011920929,0.257999986410141,365.0,31.200000762939453,1120.7099609375,2.9197068214416504,59.59000015258789,127.59526824951172,7.800000190734863,20.420000076293945,690.0,194.9600067138672,170.4600067138672,166.22108459472656,118.0,0.0010000000474974513,44.0,54.0,4.900000095367432,10.300000190734863,781.3400268554688,5.550000190734863,4.0,182.0,0.6489999890327454,12.0,929.0,0.05900000035762787,9.390000343322754,3.440000057220459,35.72999954223633,42.5,1.809999942779541,11.0,373.1000061035156,438.7099914550781,43.22412872314453,2.9000000953674316,309.6414794921875,3.6700000762939453,95.01000213623047,18.29437255859375,103.0,3.9800000190734863,259.4100036621094,8.5,134.66555786132812,14.930000305175781,10.1899995803833,73.5,5.800000190734863,12.114999771118164,50.959999084472656,13.0,49.900001525878906,55.0,25.0,0.3540000021457672,16.783191680908203,31.049999237060547,166.71560668945312,30.649999618530273,120.0,6.230000019073486,0.9300000071525574,37.700714111328125,39.745269775390625,59.70000076293945,232.1999969482422,6.289999961853027,180.49000549316406,16.75,29.969675064086914,5.699999809265137,0.8600000143051147,13.850000381469727
2025-12-10,183.85140991210938,73.44999694824219,7.934470176696777,558.030029296875,400.25567626953125,4.800000190734863,81.0,8.75,16.0,43.15999984741211,12.866399765014648,0.4699999988079071,62.6038932800293,100.68751525878906,51.54999923706055,16.389999389648438,28.0,2.5999999046325684,0.008999999612569809,10.020000457763672,14.09000015258789,56.2799186706543,22.170000076293945,2.5199999809265137,19.299999237060547,7.199999809265137,26.0,19.67924690246582,1.4700000286102295,0.9599999785423279,20.5,519.6375732421875,118.42597198486328,7.5,7.0,42.0,0.2590000033378601,175.0,165.46275329589844,1.6305999755859375,8.670000076293945,38.5,14.199999809265137,0.18000000715255737,0.800000011920929,0.25,365.0,30.010000228881836,1120.7099609375,2.9197068214416504,60.0,125.8120346069336,7.800000190734863,20.690000534057617,707.25,189.11000061035156,169.3000030517578,164.77117919921875,118.0,0.0010000000474974513,44.0,56.5,5.03000020980835,10.300000190734863,781.3499755859375,5.550000190734863,4.0,182.0,0.6489999890327454,12.0,938.52001953125,0.05900000035762787,9.649999618530273,3.4700000286102295,36.040000915527344,42.5,1.8300000429153442,11.079999923706055,373.1000061035156,439.8999938964844,43.51750183105469,2.9000000953674316,306.97625732421875,3.75,95.01000213623047,18.489826202392578,103.0,3.9700000286102295,258.95001220703125,8.5,132.5260009765625,14.739999771118164,10.829999923706055,73.5,5.800000190734863,12.421833992004395,50.83000183105469,13.0,48.959999084472656,55.0,25.0,0.3540000021457672,16.773517608642578,31.049999237060547,166.71560668945312,30.649999618530273,120.0,6.25,0.9300000071525574,37.36515808105469,39.4202995300293,57.0,232.5800018310547,6.289999961853027,179.24000549316406,16.75,30.955520629882812,5.699999809265137,0.8859999775886536,13.6899995803833
2025-12-11,190.3940887451172,79.13999938964844,7.937389850616455,579.6900024414062,408.2136535644531,5.0,81.0,8.75,16.0,43.86000061035156,12.766661643981934,0.4699999988079071,64.6255111694336,100.68751525878906,52.0,17.18000030517578,28.0,2.5999999046325684,0.008999999612569809,10.1899995803833,14.34000015258789,56.10004425048828,22.170000076293945,2.5199999809265137,19.260000228881836,7.289999961853027,26.0,20.057693481445312,1.4600000381469727,0.9520000219345093,20.5,538.9952392578125,120.65142822265625,7.5,7.0,42.0,0.2590000033378601,175.0,167.30276489257812,1.6305999755859375,9.180000305175781,38.5,14.199999809265137,0.18000000715255737,0.800000011920929,0.23800000548362732,365.0,30.010000228881836,1120.7099609375,2.8806471824645996,59.689998626708984,126.79724884033203,7.800000190734863,20.579999923706055,690.0,190.5,175.0,170.9779052734375,118.0,0.0010000000474974513,44.0,56.5,5.210000038146973,10.300000190734863,800.0,5.550000190734863,4.0,182.0,0.6489999890327454,12.0,897.6699829101562,0.05900000035762787,10.40999984741211,3.5,37.290000915527344,43.0,1.8300000429153442,11.079999923706055,373.1000061035156,467.5899963378906,44.29983901977539,2.9000000953674316,311.0087890625,3.75,95.01000213623047,18.372554779052734,103.0,3.880000114440918,264.57000732421875,8.5,138.3153533935547,14.609999656677246,10.920000076293945,73.5,5.96999979019165,12.174386978149414,50.970001220703125,13.0,50.09000015258789,55.0,25.0,0.3540000021457672,16.773517608642578,31.049999237060547,166.71560668945312,30.649999618530273,120.0,6.300000190734863,0.9300000071525574,38.21391677856445,40.08009338378906,57.0,245.5,6.289999961853027,177.3300018310547,16.75,30.955520629882812,5.699999809265137,0.8600000143051147,14.079999923706055
2025-12-15,188.63108825683594,86.63999938964844,7.943850040435791,564.5800170898438,413.3758850097656,5.0,81.0,8.75,16.0,43.34000015258789,13.065879821777344,0.4699999988079071,65.90145111083984,100.67774200439453,51.029998779296875,16.540000915527344,28.0,2.5999999046325684,0.008999999612569809,10.100000381469727,14.399999618530273,56.44980239868164,22.170000076293945,2.5199999809265137,19.0,7.300000190734863,26.0,20.896347045898438,1.4500000476837158,0.9419999718666077,20.5,520.6185913085938,117.04499816894531,7.5,7.0,42.0,0.2590000033378601,172.67999267578125,166.85760498046875,1.6305999755859375,9.75,38.5,14.199999809265137,0.18000000715255737,0.800000011920929,0.23600000143051147,365.0,30.0,1120.7099609375,2.8513524532318115,58.7599983215332,128.76768493652344,7.800000190734863,20.8700008392334,689.0,190.35000610351562,174.14999389648438,169.01162719726562,118.0,0.0010000000474974513,44.0,56.5,5.25,10.300000190734863,786.489990234375,5.550000190734863,4.0,181.97999572753906,0.6489999890327454,12.0,891.0,0.05900000035762787,9.949999809265137,3.4800000190734863,36.34000015258789,43.0,1.850000023841858,11.0,373.1000061035156,456.80999755859375,43.28280258178711,2.890000104904175,309.12628173828125,3.75,95.01000213623047,18.118467330932617,103.0,3.9000000953674316,267.9599914550781,8.5,133.89105224609375,14.800000190734863,10.800000190734863,73.5,6.0,12.223876953125,51.08000183105469,13.0,49.31999969482422,55.0,25.0,0.3540000021457672,16.72515296936035,31.049999237060547,166.71560668945312,30.649999618530273,120.0,6.260000228881836,0.9300000071525574,37.947444915771484,40.149024963378906,57.0,242.1300048828125,6.289999961853027,174.6199951171875,16.75,32.16810989379883,5.699999809265137,0.8700000047683716,13.970000267028809
2025-12-16,185.810302734375,80.7300033569336,7.943649768829346,557.7999877929688,405.3779602050781,5.0,80.0,8.75,16.0,43.13999938964844,12.766661643981934,0.4699999988079071,66.78797912597656,100.68751525878906,51.09000015258789,16.139999389648438,28.0,2.5999999046325684,0.008999999612569809,10.09000015258789,13.920000076293945,54.90089797973633,22.170000076293945,2.5199999809265137,18.729999542236328,7.349999904632568,26.0,20.596969604492188,1.4500000476837158,0.9300000071525574,20.5,521.5801391601562,116.568115234375,7.5,7.0,42.0,0.2590000033378601,171.89999389648438,165.12640380859375,1.6305999755859375,9.399999618530273,38.5,14.199999809265137,0.18000000715255737,0.800000011920929,0.2150000035762787,365.0,30.0,1120.7099609375,2.802527904510498,58.0,127.50659942626953,7.800000190734863,21.020000457763672,689.0,188.7899932861328,166.82000732421875,165.05918884277344,118.5,0.0010000000474974513,44.0,56.5,5.570000171661377,10.300000190734863,785.0,5.550000190734863,4.0,182.0,0.6489999890327454,12.0,836.010009765625,0.05900000035762787,9.710000038146973,3.4000000953674316,37.02000045776367,44.599998474121094,1.850000023841858,10.930000305175781,373.1000061035156,454.42999267578125,42.119075775146484,2.8499999046325684,306.1440124511719,3.75,95.01000213623047,17.64937973022461,103.0,3.8299999237060547,263.57000732421875,8.5,132.53567504882812,14.649999618530273,11.039999961853027,73.5,6.0,12.28326416015625,50.20000076293945,13.0,47.279998779296875,55.0,24.8799991607666,0.3540000021457672,16.75417137145996,31.049999237060547,166.71560668945312,30.649999618530273,120.0,6.349999904632568,0.9300000071525574,37.49345779418945,39.77481460571289,56.0,236.02000427246094,6.289999961853027,177.44000244140625,16.75,35.43125534057617,5.699999809265137,0.8889999985694885,13.949999809265137
2025-12-17,185.50665283203125,79.68000030517578,7.950079917907715,564.52001953125,406.5262451171875,5.0,80.0,8.75,16.0,42.810001373291016,12.946191787719727,0.4699999988079071,66.28257751464844,100.67774200439453,50.75,15.960000038146973,28.520000457763672,2.5999999046325684,0.008999999612569809,10.109999656677246,14.0600004196167,54.43124008178711,22.170000076293945,2.5199999809265137,18.40999984741211,7.360000133514404,26.0,20.117971420288086,1.4600000381469727,0.8980000019073486,20.5,524.4940185546875,114.75,7.5,7.0,42.0,0.2590000033378601,172.99000549316406,163.60296630859375,1.6305999755859375,9.010000228881836,38.5,14.199999809265137,0.18000000715255737,0.800000011920929,0.1850000023841858,365.0,30.0,1120.7099609375,2.6658191680908203,57.7599983215332,124.00422668457031,7.800000190734863,20.979999542236328,689.0,183.3800048828125,164.82000732421875,161.91111755371094,118.5,0.0010000000474974513,44.0,57.099998474121094,5.510000228881836,10.300000190734863,796.0,5.550000190734863,4.0,182.0,0.6489999890327454,12.0,819.1799926757812,0.05900000035762787,9.850000381469727,3.5799999237060547,36.619998931884766,44.599998474121094,1.9500000476837158,10.930000305175781,373.1000061035156,466.6400146484375,40.40771484375,2.9000000953674316,306.3421630859375,3.9800000190734863,95.01000213623047,17.199840545654297,103.0,3.700000047683716,262.9800109863281,8.5,132.89389038085938,15.15999984741211,11.119999885559082,73.5,6.0,11.887349128723145,51.20000076293945,13.0,46.77000045776367,55.0,24.8799991607666,0.3540000021457672,16.734825134277344,31.049999237060547,166.71560668945312,31.110000610351562,120.0,6.150000095367432,0.9300000071525574,36.02293395996094,38.46507263183594,55.68000030517578,237.4600067138672,6.289999961853027,178.00999450683594,16.75,37.452239990234375,5.699999809265137,0.8889999985694885,14.25
2025-12-18,186.0845489501953,80.0,7.955060005187988,565.8499755859375,410.3804016113281,5.0,82.0,8.75,16.0,44.11000061035156,12.866399765014648,0.4699999988079071,65.45404815673828,100.67774200439453,51.45000076293945,15.890000343322754,29.0,2.5999999046325684,0.008999999612569809,10.279999732971191,14.079999923706055,55.240657806396484,22.170000076293945,2.5199999809265137,18.540000915527344,7.340000152587891,26.0,20.816513061523438,1.4500000476837158,0.8679999709129333,20.5,520.8031005859375,115.0,7.5,7.0,42.0,0.2590000033378601,174.99000549316406,164.56253051757812,1.6305999755859375,9.289999961853027,38.5,14.199999809265137,0.18000000715255737,0.800000011920929,0.16500000655651093,365.0,29.899999618530273,1165.8499755859375,2.6365244388580322,58.81999969482422,126.6468276977539,7.800000190734863,21.489999771118164,689.0,192.3000030517578,169.92999267578125,168.35618591308594,118.5,0.0010000000474974513,44.0,57.099998474121094,5.5,10.300000190734863,803.989990234375,5.550000190734863,4.0,182.0,0.6489999890327454,12.0,827.3699951171875,0.05900000035762787,9.949999809265137,3.440000057220459,36.83000183105469,43.849998474121094,2.059999942779541,10.930000305175781,373.1000061035156,475.4700012207031,42.451568603515625,2.9000000953674316,306.5304260253906,3.9800000190734863,95.01000213623047,18.020740509033203,103.0,3.5399999618530273,265.2900085449219,8.5,133.8135986328125,15.050000190734863,11.489999771118164,73.5,6.0,12.114999771118164,52.380001068115234,13.0,47.40999984741211,55.0,24.899999618530273,0.3540000021457672,16.72515296936035,31.049999237060547,166.71560668945312,31.110000610351562,120.0,6.210000038146973,0.9300000071525574,37.049339294433594,38.81958770751953,55.68000030517578,240.02000427246094,6.289999961853027,176.27000427246094,16.75,38.15218734741211,5.690000057220459,0.8799999952316284,14.899999618530273
2025-12-19,190.99154663085938,80.44000244140625,7.961900234222412,585.3099975585938,418.3583679199219,5.0,82.0,8.75,16.0,43.150001525878906,12.81653118133545,0.4699999988079071,67.74907684326172,100.67774200439453,51.52000045776367,15.890000343322754,29.0,2.5999999046325684,0.008999999612569809,10.1899995803833,14.300000190734863,55.41053771972656,22.170000076293945,2.5199999809265137,18.3700008392334,7.380000114440918,26.0,20.976179122924805,1.4500000476837158,0.8880000114440918,20.5,510.89599609375,115.05000305175781,7.5,7.0,42.0,0.2590000033378601,174.1300048828125,171.1015167236328,1.6305999755859375,9.010000228881836,38.5,14.199999809265137,0.18000000715255737,0.800000011920929,0.14499999582767487,365.0,31.979999542236328,1165.8499755859375,2.734173536300659,59.70000076293945,123.79638671875,7.800000190734863,21.389999389648438,712.0,185.0,169.39999389648438,163.91712951660156,118.5,0.0010000000474974513,44.0,57.099998474121094,5.5,10.300000190734863,867.6400146484375,5.550000190734863,4.0,182.0,0.6489999890327454,12.0,831.1699829101562,0.05900000035762787,9.34000015258789,3.509999990463257,39.720001220703125,43.0,2.059999942779541,10.930000305175781,373.1000061035156,484.5,44.72034454345703,2.9000000953674316,307.38250732421875,3.9800000190734863,95.01000213623047,17.737333297729492,103.0,3.4100000858306885,267.17999267578125,8.5,139.40933227539062,14.930000305175781,10.40999984741211,73.5,5.849999904632568,12.399999618530273,53.18000030517578,13.0,46.279998779296875,55.0,24.899999618530273,0.3540000021457672,16.783191680908203,31.049999237060547,166.71560668945312,31.110000610351562,120.0,6.099999904632568,0.9300000071525574,37.60201644897461,38.04161834716797,55.68000030517578,242.36000061035156,6.25,179.9199981689453,16.5,38.694400787353516,5.690000057220459,0.8899999856948853,17.100000381469727
2025-12-22,191.52044677734375,80.76000213623047,7.967780113220215,587.8599853515625,414.15472412109375,5.0,81.6500015258789,8.75,16.0,44.189998626708984,12.75668716430664,0.4699999988079071,68.26277160644531,100.67774200439453,51.70000076293945,15.949999809265137,29.0,2.5999999046325684,0.008999999612569809,10.0,14.119999885559082,55.9901237487793,22.170000076293945,2.5199999809265137,18.579999923706055,7.400000095367432,26.0,21.105907440185547,1.4900000095367432,0.8960000276565552,20.5,519.6375732421875,116.02999877929688,7.5,7.0,42.0,0.2590000033378601,174.6999969482422,168.19309997558594,1.6305999755859375,9.170000076293945,38.5,14.199999809265137,0.18000000715255737,0.800000011920929,0.12200000137090683,365.0,31.75,1165.8499755859375,2.7634682655334473,58.959999084472656,123.87556457519531,7.800000190734863,21.739999771118164,752.0,183.9600067138672,170.14999389648438,169.81600952148438,118.5,0.0010000000474974513,44.0,57.9900016784668,5.409999847412109,10.300000190734863,932.6199951171875,5.550000190734863,4.0,182.0,0.6489999890327454,12.0,843.1599731445312,0.05900000035762787,9.479999542236328,3.4700000286102295,38.939998626708984,43.0,2.059999942779541,10.899999618530273,373.1000061035156,480.7799987792969,45.2484245300293,2.890000104904175,310.1864318847656,3.9800000190734863,95.01000213623047,17.307336807250977,103.0,3.509999990463257,266.5299987792969,8.5,139.48678588867188,15.199999809265137,10.84000015258789,73.5,5.900000095367432,12.010000228881836,54.189998626708984,13.0,47.04999923706055,55.0,24.899999618530273,0.3540000021457672,16.773517608642578,31.049999237060547,166.71560668945312,31.110000610351562,120.0,6.119999885559082,0.9300000071525574,38.24352264404297,37.81512451171875,55.68000030517578,245.6199951171875,6.289999961853027,184.63999938964844,16.5,40.0,5.690000057220459,0.8870000243186951,16.899999618530273
2025-12-23,193.23446655273438,81.13999938964844,7.9646100997924805,593.969970703125,414.4143371582031,4.860000133514404,81.6500015258789,8.75,16.0,44.400001525878906,12.716791152954102,0.4699999988079071,68.80960083007812,100.67774200439453,52.06999969482422,16.049999237060547,29.0,2.5999999046325684,0.008999999612569809,10.050000190734863,13.930000305175781,56.04009246826172,22.170000076293945,2.5199999809265137,18.68000030517578,7.690000057220459,26.0,21.315471649169922,1.4900000095367432,0.9129999876022339,20.5,522.5513916015625,117.4000015258789,7.5,7.0,42.0,0.2590000033378601,173.42999267578125,170.91354370117188,1.6305999755859375,9.550000190734863,38.5,14.199999809265137,0.18000000715255737,0.800000011920929,0.10300000011920929,365.0,31.739999771118164,1165.8499755859375,2.7927629947662354,59.779998779296875,126.98333740234375,7.800000190734863,21.399999618530273,752.0,184.52999877929688,170.44000244140625,173.39109802246094,120.0,0.0010000000474974513,44.0,57.9900016784668,5.559999942779541,10.300000190734863,956.7999877929688,5.550000190734863,4.0,181.5,0.6489999890327454,12.0,843.1599731445312,0.05900000035762787,9.270000457763672,3.490000009536743,38.7599983215332,40.5,2.059999942779541,11.0,373.1000061035156,488.0899963378906,46.61751174926758,2.890000104904175,314.0207824707031,3.9800000190734863,95.01000213623047,17.959699630737305,103.0,3.559999942779541,274.19000244140625,8.5,142.2362518310547,14.930000305175781,10.710000038146973,73.5,5.900000095367432,12.210000038146973,54.91999816894531,13.0,47.2400016784668,55.0,24.899999618530273,0.3540000021457672,16.773517608642578,31.049999237060547,166.71560668945312,31.110000610351562,120.0,6.139999866485596,0.9300000071525574,38.33234786987305,38.60293960571289,58.5,253.4499969482422,6.289999961853027,189.66000366210938,16.5,40.0,5.789999961853027,0.8799999952316284,16.549999237060547
2025-12-24,193.2638702392578,82.83000183105469,7.966899871826172,591.489990234375,416.1716613769531,5.0,81.6500015258789,8.75,16.5,44.369998931884766,12.866399765014648,0.4699999988079071,68.85102844238281,100.67774200439453,51.369998931884766,16.09000015258789,29.0,2.5999999046325684,0.008999999612569809,10.0,14.34000015258789,56.20996856689453,22.170000076293945,2.5199999809265137,18.739999771118164,7.690000057220459,26.0,21.25559425354004,1.440000057220459,0.906000018119812,20.5,551.6900024414062,119.86000061035156,7.5,7.0,42.0,0.2590000033378601,173.38999938964844,170.05288696289062,1.6305999755859375,9.539999961853027,38.650001525878906,14.199999809265137,0.18000000715255737,0.800000011920929,0.08699999749660492,365.0,31.739999771118164,1165.8499755859375,2.714643716812134,60.09000015258789,126.89427185058594,7.800000190734863,20.979999542236328,752.0,184.44000244140625,172.00999450683594,173.113037109375,120.0,0.0010000000474974513,44.0,57.9900016784668,5.510000228881836,10.300000190734863,958.4500122070312,5.550000190734863,4.0,182.0,0.6489999890327454,12.0,847.72998046875,0.05900000035762787,9.199999809265137,3.509999990463257,38.52000045776367,40.5,2.059999942779541,11.0,373.1000061035156,487.3999938964844,46.54905700683594,2.890000104904175,309.8000183105469,3.9800000190734863,95.01000213623047,17.939929962158203,103.0,3.5299999713897705,272.8299865722656,8.5,141.7715606689453,14.8100004196167,10.510000228881836,73.5,5.889999866485596,12.180000305175781,55.68000030517578,13.0,47.220001220703125,55.0,24.899999618530273,0.3540000021457672,16.773517608642578,31.049999237060547,166.71560668945312,31.25,120.0,6.099999904632568,0.9300000071525574,38.144832611083984,38.346900939941406,58.5,252.5500030517578,6.289999961853027,189.50999450683594,16.5,40.5,5.960000038146973,0.8799999952316284,16.809999465942383
2025-12-26,193.8809051513672,80.5999984741211,7.968900203704834,590.0,413.3758850097656,5.0,81.6500015258789,8.75,16.5,44.16999816894531,12.766661643981934,0.4699999988079071,68.76817321777344,100.67774200439453,52.09000015258789,15.970000267028809,29.0,2.5999999046325684,0.008999999612569809,10.0,14.289999961853027,56.43980407714844,22.170000076293945,2.5199999809265137,18.65999984741211,7.639999866485596,26.0,21.315471649169922,1.4299999475479126,0.906000018119812,20.5,519.6375732421875,119.0,7.5,7.0,42.0,0.2590000033378601,173.92999267578125,170.74537658691406,1.6305999755859375,9.319999694824219,38.650001525878906,14.199999809265137,0.18000000715255737,0.800000011920929,0.07400000095367432,365.0,31.739999771118164,1165.8499755859375,2.7927629947662354,60.220001220703125,125.9441146850586,7.800000190734863,21.010000228881836,753.0,184.02999877929688,171.24000549316406,172.11001586914062,120.0,0.0010000000474974513,44.0,57.9900016784668,5.699999809265137,10.300000190734863,980.989990234375,5.550000190734863,4.0,182.0,0.6489999890327454,12.0,855.530029296875,0.05900000035762787,9.140000343322754,3.5,38.5099983215332,40.0,2.059999942779541,11.0,373.1000061035156,488.0400085449219,46.05031967163086,2.890000104904175,311.10784912109375,3.9800000190734863,95.01000213623047,17.860855102539062,103.0,3.5399999618530273,271.54998779296875,8.5,140.36778259277344,15.0,10.569999694824219,73.5,5.889999866485596,12.069999694824219,56.220001220703125,13.0,46.849998474121094,55.0,24.899999618530273,0.3540000021457672,16.492992401123047,31.049999237060547,166.71560668945312,31.25,120.0,6.239999771118164,0.9300000071525574,37.947444915771484,38.977149963378906,58.5,252.3000030517578,6.28000020980835,187.99000549316406,16.5,38.70000076293945,5.960000038146973,0.8600000143051147,16.530000686645508
2025-12-29,193.24427795410156,78.98999786376953,7.972300052642822,589.0700073242188,417.35986328125,5.0,82.0,8.75,16.510000228881836,44.04999923706055,12.766661643981934,0.4699999988079071,69.5469970703125,100.67774200439453,52.58000183105469,15.9399995803833,29.0,2.5999999046325684,0.008999999612569809,10.0,14.119999885559082,56.120033264160156,22.170000076293945,2.5199999809265137,18.780000686645508,7.25,26.0,21.27555274963379,1.4700000286102295,0.9070000052452087,21.5,527.3107299804688,119.5,7.5,7.0,42.0,0.2590000033378601,172.52000427246094,170.7354736328125,1.6305999755859375,9.0,38.650001525878906,14.199999809265137,0.18000000715255737,0.800000011920929,0.06400000303983688,365.0,31.739999771118164,1165.8499755859375,2.802527904510498,59.84000015258789,125.71646881103516,7.800000190734863,20.59000015258789,753.0,183.82000732421875,171.02000427246094,169.24002075195312,120.0,0.0010000000474974513,44.0,60.0,5.679999828338623,10.300000190734863,979.97998046875,5.550000190734863,4.0,182.0,0.6489999890327454,12.0,861.5499877929688,0.05900000035762787,9.300000190734863,3.5299999713897705,38.41999816894531,40.0,2.059999942779541,11.25,373.1000061035156,483.0,46.265464782714844,2.890000104904175,309.83966064453125,3.9800000190734863,95.01000213623047,17.781782150268555,103.0,3.5299999713897705,269.0799865722656,8.5,140.53236389160156,14.90999984741211,10.479999542236328,73.5,5.889999866485596,11.949999809265137,55.810001373291016,13.0,46.439998626708984,55.0,24.899999618530273,0.3540000021457672,16.783191680908203,31.049999237060547,166.71560668945312,31.25,120.0,6.150000095367432,0.9300000071525574,38.00666046142578,38.642330169677734,58.5,248.42999267578125,6.28000020980835,191.08999633789062,16.5,39.849998474121094,5.960000038146973,0.8199999928474426,16.209999084472656
2025-12-30,190.0316925048828,75.12000274658203,7.973499774932861,582.0,423.2409973144531,5.0,82.0,8.75,16.5,43.380001068115234,13.055906295776367,0.4699999988079071,69.43099975585938,100.67774200439453,52.0,15.600000381469727,29.0,2.5999999046325684,0.008999999612569809,10.199999809265137,14.489999771118164,54.68105697631836,22.170000076293945,2.5199999809265137,18.760000228881836,7.260000228881836,26.0,20.84644889831543,1.5199999809265137,0.9020000100135803,21.5,527.3107299804688,117.20999908447266,7.5,7.0,42.0,0.2590000033378601,174.0,168.60858154296875,1.6305999755859375,8.970000267028809,38.650001525878906,14.199999809265137,0.18000000715255737,0.800000011920929,0.05400000140070915,365.0,31.75,1165.8499755859375,2.743938446044922,58.5,122.56910705566406,7.800000190734863,20.6299991607666,753.0,181.33999633789062,167.0,168.86265563964844,120.0,0.0010000000474974513,44.0,60.0,5.599999904632568,10.300000190734863,950.0,5.550000190734863,4.0,182.0,0.6489999890327454,12.0,871.8300170898438,0.05900000035762787,9.5,3.630000114440918,36.970001220703125,40.0,2.059999942779541,11.5,373.1000061035156,475.3699951171875,45.2484245300293,2.890000104904175,306.2530212402344,3.9800000190734863,95.01000213623047,17.69282341003418,103.0,3.4700000286102295,266.0,8.5,136.5340118408203,15.069999694824219,10.4399995803833,73.5,5.889999866485596,11.9399995803833,54.20000076293945,13.0,45.63999938964844,55.0,24.899999618530273,0.3540000021457672,16.812210083007812,31.049999237060547,166.71560668945312,31.25,120.0,6.150000095367432,0.9300000071525574,37.64149475097656,37.618167877197266,58.5,243.4199981689453,6.28000020980835,187.0,16.5,40.0,5.960000038146973,0.800000011920929,16.059999465942383
2025-12-31,190.5018310546875,73.80999755859375,7.976309776306152,580.9199829101562,420.3653259277344,5.0,82.0,8.75,16.5,43.41999816894531,13.96353530883789,0.4699999988079071,69.59671020507812,100.68751525878906,51.83000183105469,15.579999923706055,29.0,2.5999999046325684,0.008999999612569809,10.0,15.199999809265137,55.040802001953125,22.170000076293945,2.5199999809265137,18.59000015258789,7.210000038146973,26.0,20.63688850402832,1.600000023841858,0.9079999923706055,21.5,539.0632934570312,118.31999969482422,7.5,7.0,42.0,0.2590000033378601,179.9499969482422,169.18235778808594,1.6305999755859375,8.859999656677246,38.650001525878906,14.199999809265137,0.18000000715255737,0.800000011920929,0.05299999937415123,365.0,31.75,1165.8499755859375,2.8122928142547607,59.0,122.01485443115234,7.800000190734863,20.579999923706055,788.0,182.55999755859375,166.83999633789062,169.02154541015625,120.0,0.0010000000474974513,44.0,60.0,5.829999923706055,10.300000190734863,945.97998046875,5.550000190734863,4.0,182.0,0.6489999890327454,12.0,873.0,0.05900000035762787,9.239999771118164,3.759999990463257,36.9900016784668,40.0,2.059999942779541,12.0,373.1000061035156,471.0199890136719,44.94526672363281,2.890000104904175,306.68896484375,3.9800000190734863,95.01000213623047,17.702707290649414,103.0,3.630000114440918,267.2300109863281,8.5,137.65704345703125,15.25,10.529999732971191,73.5,5.889999866485596,11.65999984741211,54.040000915527344,13.0,45.560001373291016,55.0,24.899999618530273,0.3540000021457672,17.605422973632812,31.049999237060547,166.71560668945312,31.25,120.0,6.179999828338623,0.9300000071525574,37.90796661376953,37.539390563964844,60.0,244.4199981689453,6.28000020980835,186.08999633789062,16.5,40.93000030517578,5.960000038146973,0.800000011920929,16.0
2026-01-02,189.59095764160156,75.31999969482422,7.982029914855957,577.8499755859375,429.3517761230469,5.0,82.0,8.75,16.5,43.38999938964844,13.41496753692627,0.4699999988079071,69.59671020507812,100.68751525878906,52.7400016784668,15.569999694824219,29.0,2.5999999046325684,0.008999999612569809,10.1899995803833,14.529999732971191,54.87092208862305,22.170000076293945,2.5199999809265137,18.559999465942383,7.380000114440918,26.0,20.646867752075195,1.600000023841858,0.9139999747276306,21.5,529.3504028320312,116.95999908447266,7.5,7.0,42.0,0.2590000033378601,178.85000610351562,168.21287536621094,1.6305999755859375,9.149999618530273,38.650001525878906,14.199999809265137,0.18000000715255737,0.800000011920929,0.09099999815225601,365.0,32.529998779296875,1165.8499755859375,2.802527904510498,58.83000183105469,122.47013092041016,7.800000190734863,20.889999389648438,788.0,180.30999755859375,171.0399932861328,168.445556640625,120.0,0.0010000000474974513,44.0,60.0,5.679999828338623,10.300000190734863,908.0,5.550000190734863,4.0,182.0,0.6489999890327454,12.0,885.0,0.05900000035762787,9.579999923706055,3.4700000286102295,37.459999084472656,40.0,2.059999942779541,12.0,373.1000061035156,466.510009765625,44.290061950683594,2.890000104904175,307.3428955078125,3.9800000190734863,95.01000213623047,17.71259307861328,103.0,3.5799999237060547,264.07000732421875,8.5,138.07333374023438,14.880000114440918,10.65999984741211,73.5,5.889999866485596,11.670000076293945,53.689998626708984,13.0,45.7599983215332,55.0,24.899999618530273,0.3540000021457672,17.411956787109375,31.049999237060547,166.71560668945312,31.25,120.0,6.110000133514404,0.9300000071525574,37.671104431152344,37.23411178588867,59.0,242.0800018310547,6.269999980926514,187.1699981689453,16.5,41.79999923706055,5.960000038146973,0.8240000009536743,16.399999618530273
2026-01-05,190.9327850341797,76.5,7.989329814910889,580.9400024414062,430.8694763183594,5.0,82.0,8.75,16.600000381469727,43.79999923706055,13.464838027954102,0.4699999988079071,69.51385498046875,100.68751525878906,53.4900016784668,16.010000228881836,29.15999984741211,2.5999999046325684,0.008999999612569809,9.90999984741211,14.0600004196167,54.72102737426758,22.170000076293945,2.5199999809265137,18.639999389648438,7.610000133514404,26.0,21.195720672607422,1.600000023841858,0.9110000133514404,21.649999618530273,538.56787109375,120.5,7.5,7.0,42.0,0.2590000033378601,173.89999389648438,167.0752410888672,1.6305999755859375,9.079999923706055,38.75,14.199999809265137,0.18000000715255737,0.800000011920929,0.1860000044107437,365.0,32.54999923706055,1165.8499755859375,2.8220577239990234,59.11000061035156,121.75752258300781,7.800000190734863,21.229999542236328,788.0,185.32000732421875,174.0,173.78831481933594,120.0,0.0010000000474974513,44.0,60.20000076293945,5.579999923706055,10.300000190734863,947.0399780273438,5.550000190734863,4.0,182.0,0.6489999890327454,12.0,850.0,0.05900000035762787,9.550000190734863,3.559999942779541,37.459999084472656,40.0,2.059999942779541,12.0,373.1000061035156,471.0,45.590694427490234,2.890000104904175,308.7398376464844,3.7899999618530273,95.01000213623047,17.505022048950195,103.1500015258789,3.640000104904175,267.07000732421875,8.5,138.05397033691406,14.84000015258789,10.699999809265137,73.5,5.889999866485596,11.430000305175781,53.20000076293945,13.0,45.86000061035156,55.0,24.899999618530273,0.3540000021457672,17.411956787109375,31.049999237060547,166.71560668945312,31.399999618530273,120.0,6.059999942779541,0.9300000071525574,37.74019241333008,37.62801742553711,59.0,244.3699951171875,6.269999980926514,188.52999877929688,16.5,42.099998474121094,5.960000038146973,0.7960000038146973,16.6200008392334
2026-01-06,187.1227569580078,75.1500015258789,7.996650218963623,584.5999755859375,422.3623046875,5.0,82.0,8.75,16.600000381469727,43.25,13.424942016601562,0.4699999988079071,68.79302978515625,100.68751525878906,54.2599983215332,16.0,29.15999984741211,2.5999999046325684,0.008999999612569809,10.0,14.050000190734863,54.90089797973633,22.170000076293945,2.5199999809265137,18.18000030517578,7.650000095367432,26.0,21.365365982055664,1.600000023841858,0.9139999747276306,21.649999618530273,534.1485595703125,117.19999694824219,7.5,7.0,42.0,0.2590000033378601,171.49000549316406,168.6382598876953,1.6305999755859375,9.279999732971191,38.75,14.199999809265137,0.18000000715255737,0.800000011920929,0.19099999964237213,365.0,33.0,1165.8499755859375,2.831822633743286,57.72999954223633,121.46060180664062,7.800000190734863,22.049999237060547,788.0,181.82000732421875,170.0,177.74075317382812,120.0,0.0010000000474974513,44.0,60.20000076293945,5.619999885559082,10.300000190734863,966.030029296875,5.550000190734863,4.0,182.0,0.6489999890327454,12.0,827.0,0.05900000035762787,9.15999984741211,3.609999895095825,36.7400016784668,40.0,2.0,12.0,373.1000061035156,476.5400085449219,44.17271041870117,2.890000104904175,302.4186706542969,3.7899999618530273,95.01000213623047,16.981157302856445,103.1500015258789,3.549999952316284,267.4800109863281,8.5,132.6324920654297,14.949999809265137,10.6899995803833,69.55999755859375,5.900000095367432,11.729999542236328,53.029998779296875,13.0,45.150001525878906,55.0,24.899999618530273,0.3540000021457672,17.411956787109375,31.049999237060547,166.71560668945312,31.399999618530273,120.0,6.099999904632568,0.9300000071525574,37.246726989746094,37.283348083496094,59.0,250.02000427246094,6.269999980926514,177.10000610351562,16.5,41.29999923706055,5.960000038146973,0.7960000038146973,16.6299991607666
2026-01-07,188.89553833007812,74.1500015258789,8.00531005859375,595.4600219726562,414.3843688964844,5.0,82.0,8.75,15.989999771118164,44.63999938964844,13.454863548278809,0.4699999988079071,67.1359634399414,100.68751525878906,53.279998779296875,15.989999771118164,29.15999984741211,2.5999999046325684,0.008999999612569809,9.899999618530273,13.779999732971191,55.88019943237305,22.170000076293945,2.5199999809265137,18.200000762939453,7.670000076293945,26.0,20.706741333007812,1.600000023841858,0.9110000133514404,21.649999618530273,524.4940185546875,117.44999694824219,7.5,7.0,42.0,0.2590000033378601,173.97999572753906,168.80642700195312,1.6305999755859375,9.109999656677246,38.75,14.199999809265137,0.18000000715255737,0.800000011920929,0.14000000059604645,365.0,34.0,1165.8499755859375,2.8513524532318115,58.459999084472656,123.64791870117188,7.800000190734863,22.329999923706055,788.0,181.44000244140625,169.63999938964844,175.09918212890625,120.0,0.0010000000474974513,44.0,60.20000076293945,5.610000133514404,10.300000190734863,952.2899780273438,5.550000190734863,4.0,182.0,0.6489999890327454,12.0,788.4500122070312,0.05900000035762787,8.989999771118164,3.6600000858306885,36.959999084472656,40.0,2.0,12.0,373.1000061035156,481.92999267578125,44.81814193725586,2.890000104904175,306.07464599609375,3.9000000953674316,95.01000213623047,16.97127342224121,103.1500015258789,3.5,265.5199890136719,8.5,135.9047393798828,15.0,10.430000305175781,69.55999755859375,5.900000095367432,11.729999542236328,53.63999938964844,13.0,45.779998779296875,55.0,24.899999618530273,0.3540000021457672,16.92829132080078,31.049999237060547,166.71560668945312,31.399999618530273,120.0,6.309999942779541,0.9300000071525574,36.713783264160156,37.588626861572266,58.5,252.2100067138672,6.269999980926514,175.17999267578125,16.5,39.900001525878906,5.960000038146973,0.7760000228881836,16.6200008392334
2026-01-08,189.43423461914062,75.2699966430664,8.008649826049805,592.780029296875,425.8570556640625,5.0,82.0,8.75,15.989999771118164,44.68000030517578,12.966139793395996,0.4699999988079071,66.90397644042969,100.68751525878906,53.599998474121094,16.5,29.15999984741211,2.5999999046325684,0.008999999612569809,10.050000190734863,13.640000343322754,56.699623107910156,22.170000076293945,2.5199999809265137,18.3700008392334,7.659999847412109,26.0,22.043949127197266,1.4800000190734863,0.9100000262260437,21.649999618530273,522.5513916015625,118.63999938964844,7.5,7.0,42.0,0.2590000033378601,168.77000427246094,170.2210693359375,1.6305999755859375,9.149999618530273,38.75,14.199999809265137,0.18000000715255737,0.800000011920929,0.16200000047683716,365.0,34.0,1172.5,2.7927629947662354,60.70000076293945,123.66771697998047,7.800000190734863,22.549999237060547,788.0,185.02000427246094,168.5,175.33750915527344,120.0,0.0010000000474974513,44.0,60.0,5.590000152587891,10.300000190734863,961.5900268554688,5.550000190734863,4.0,182.0,0.6489999890327454,12.0,814.739990234375,0.05900000035762787,8.960000038146973,3.6500000953674316,36.08000183105469,40.0,1.9500000476837158,12.0,373.1000061035156,486.3599853515625,45.9329719543457,2.890000104904175,307.2094421386719,3.9000000953674316,95.01000213623047,17.119537353515625,103.1500015258789,3.5299999713897705,263.1300048828125,8.5,136.99871826171875,14.970000267028809,10.470000267028809,69.55999755859375,5.900000095367432,11.699999809265137,53.7400016784668,13.0,46.16999816894531,55.0,24.899999618530273,0.3540000021457672,16.92829132080078,31.049999237060547,166.71560668945312,31.399999618530273,120.0,6.300000190734863,0.9300000071525574,37.17763900756836,38.05146789550781,58.5,250.75999450683594,6.300000190734863,174.63999938964844,16.5,38.0,5.960000038146973,0.7480000257492065,17.049999237060547
2026-01-09,191.2364044189453,77.51000213623047,8.008500099182129,579.1799926757812,427.3547668457031,5.0,81.41000366210938,8.75,16.34000015258789,44.34000015258789,13.145671844482422,0.4699999988079071,66.2742919921875,100.67774200439453,53.77000045776367,16.40999984741211,29.15999984741211,2.5999999046325684,0.008999999612569809,10.0,13.65999984741211,57.12931442260742,22.170000076293945,2.5199999809265137,18.25,7.690000057220459,26.0,22.26348876953125,1.409999966621399,0.9190000295639038,21.649999618530273,529.3504028320312,121.2699966430664,7.5,7.0,42.0,0.2590000033378601,168.77000427246094,175.18711853027344,1.6305999755859375,9.220000267028809,38.75,14.199999809265137,0.18000000715255737,0.800000011920929,0.18400000035762787,365.0,34.0,1172.5,2.8122928142547607,62.40999984741211,122.5790023803711,7.800000190734863,23.0,788.0,185.19000244140625,169.69000244140625,180.94839477539062,120.0,0.0010000000474974513,44.0,60.0,5.829999923706055,10.300000190734863,986.489990234375,5.550000190734863,4.0,182.0,0.6489999890327454,12.0,830.0,0.05900000035762787,8.960000038146973,3.630000114440918,35.7599983215332,40.0,1.9500000476837158,12.0,373.1000061035156,479.0899963378906,45.92319107055664,2.9000000953674316,309.77764892578125,3.9000000953674316,95.01000213623047,17.435832977294922,103.1500015258789,3.569999933242798,261.0299987792969,8.5,134.5493621826172,15.100000381469727,10.649999618530273,69.55999755859375,6.0,11.800000190734863,54.2400016784668,13.0,46.13999938964844,55.0,24.899999618530273,0.3540000021457672,16.396259307861328,31.049999237060547,166.71560668945312,31.399999618530273,120.0,6.300000190734863,0.9300000071525574,37.503326416015625,37.89390563964844,58.5,250.3300018310547,6.289999961853027,179.8000030517578,16.5,37.31999969482422,5.960000038146973,0.7200000286102295,16.950000762939453
2026-01-12,192.31381225585938,75.05000305175781,8.010720252990723,580.489990234375,436.4410705566406,5.0,81.41000366210938,8.75,16.34000015258789,44.63999938964844,12.976114273071289,0.4699999988079071,65.47061157226562,100.67774200439453,54.0,17.06999969482422,29.15999984741211,2.5999999046325684,0.008999999612569809,10.0,13.739999771118164,57.28920364379883,22.170000076293945,2.5199999809265137,18.350000381469727,7.46999979019165,26.0,22.193635940551758,1.440000057220459,0.8870000243186951,21.649999618530273,513.8098754882812,120.87999725341797,7.5,7.0,42.0,0.2590000033378601,168.6999969482422,176.1961669921875,1.6305999755859375,9.199999809265137,38.75,14.199999809265137,0.18000000715255737,0.800000011920929,0.1850000023841858,365.0,34.150001525878906,1172.5,2.7927629947662354,63.689998626708984,123.32130432128906,7.800000190734863,22.639999389648438,824.5,191.2100067138672,169.0,187.39344787597656,120.0,0.0010000000474974513,44.0,60.0,5.840000152587891,10.300000190734863,1070.0,5.550000190734863,4.0,182.0,0.6489999890327454,12.0,857.010009765625,0.05900000035762787,8.9399995803833,3.619999885559082,35.47999954223633,40.0,1.9500000476837158,12.0,373.1000061035156,481.45001220703125,45.38533401489258,2.9000000953674316,309.68804931640625,3.9000000953674316,95.01000213623047,17.346874237060547,103.1500015258789,3.5799999237060547,262.6199951171875,8.5,136.69859313964844,15.210000038146973,10.630000114440918,69.55999755859375,6.0,11.75,54.02000045776367,13.0,45.97999954223633,55.0,24.899999618530273,0.3540000021457672,16.434951782226562,31.049999237060547,166.71560668945312,31.399999618530273,120.0,6.300000190734863,0.9300000071525574,37.54280471801758,38.169639587402344,58.5,247.75,6.28000020980835,179.00999450683594,16.5,35.849998474121094,5.960000038146973,0.75,16.6299991607666
2026-01-13,185.11488342285156,72.81999969482422,8.012639999389648,568.9400024414062,437.3396911621094,5.0,81.41000366210938,8.75,16.34000015258789,43.970001220703125,12.91627025604248,0.4699999988079071,65.45404815673828,100.67774200439453,54.43000030517578,17.479999542236328,29.15999984741211,2.5999999046325684,0.008999999612569809,10.170000076293945,13.640000343322754,57.20925521850586,22.170000076293945,2.5199999809265137,18.25,7.349999904632568,26.0,21.97409439086914,1.440000057220459,0.8899999856948853,21.649999618530273,520.6088256835938,120.88999938964844,7.5,7.0,42.0,0.2590000033378601,168.6999969482422,176.26541137695312,1.6305999755859375,9.350000381469727,38.75,14.199999809265137,0.18000000715255737,0.800000011920929,0.17800000309944153,365.0,33.79999923706055,1172.5,2.7927629947662354,61.130001068115234,121.16368103027344,7.800000190734863,21.90999984741211,824.5,189.9600067138672,170.17999267578125,188.1382598876953,120.0,0.0010000000474974513,44.0,60.0,5.849999904632568,10.300000190734863,1058.02001953125,5.550000190734863,4.0,182.0,0.6489999890327454,12.0,889.0,0.05900000035762787,8.850000381469727,3.5399999618530273,35.7400016784668,38.349998474121094,1.9500000476837158,12.0,373.1000061035156,472.3399963378906,45.69826889038086,2.9000000953674316,305.8855285644531,3.9000000953674316,95.01000213623047,17.267799377441406,103.1500015258789,3.5299999713897705,258.44000244140625,8.5,135.72079467773438,15.119999885559082,10.5600004196167,69.55999755859375,6.0,11.75,53.709999084472656,13.0,45.7400016784668,55.0,24.899999618530273,0.3540000021457672,16.434951782226562,31.049999237060547,166.71560668945312,31.399999618530273,120.0,6.25,0.9300000071525574,37.671104431152344,37.6772575378418,58.5,241.11000061035156,6.289999961853027,175.5500030517578,16.5,35.97999954223633,5.960000038146973,0.7760000228881836,16.399999618530273
2026-01-14,192.93084716796875,73.19000244140625,8.01494026184082,570.3499755859375,435.84197998046875,5.0,81.41000366210938,8.75,16.34000015258789,44.630001068115234,12.966139793395996,0.4699999988079071,65.12263488769531,100.67774200439453,54.9900016784668,17.93000030517578,28.299999237060547,2.5999999046325684,0.008999999612569809,9.819999694824219,13.420000076293945,56.75957489013672,22.170000076293945,2.5199999809265137,18.239999771118164,7.460000038146973,26.0,22.34332275390625,1.5099999904632568,0.8960000276565552,21.649999618530273,523.5130004882812,122.66000366210938,7.5,6.860000133514404,42.0,0.2590000033378601,168.6999969482422,178.0955352783203,1.6305999755859375,9.390000343322754,38.75,14.199999809265137,0.18000000715255737,0.800000011920929,0.17000000178813934,365.0,33.79999923706055,1172.5,2.7829980850219727,61.90999984741211,122.32167053222656,7.800000190734863,21.899999618530273,824.5,195.47000122070312,178.5500030517578,195.99349975585938,120.0,0.0010000000474974513,44.0,60.0,5.840000152587891,10.100000381469727,1066.300048828125,5.550000190734863,4.0,182.0,0.6489999890327454,12.0,870.0,0.05900000035762787,8.850000381469727,3.5799999237060547,36.11000061035156,38.79999923706055,1.9500000476837158,12.25,373.1000061035156,467.7699890136719,45.44401168823242,2.9000000953674316,306.9804992675781,3.9200000762939453,95.01000213623047,17.317222595214844,103.1500015258789,3.5,265.4700012207031,8.5,139.6029510498047,15.239999771118164,10.800000190734863,69.55999755859375,6.0,11.720000267028809,53.34000015258789,13.0,46.70000076293945,55.0,24.899999618530273,0.3540000021457672,16.444625854492188,31.049999237060547,166.71560668945312,31.399999618530273,120.0,6.150000095367432,0.9300000071525574,38.500125885009766,38.012081146240234,58.5,235.64999389648438,6.289999961853027,173.97999572753906,16.5,35.83000183105469,5.960000038146973,0.7760000228881836,15.520000457763672
2026-01-15,194.47836303710938,72.54000091552734,8.018170356750488,560.5900268554688,425.4576416015625,5.0,83.0,8.75,16.34000015258789,44.77000045776367,13.09580135345459,0.4699999988079071,64.6255111694336,100.67774200439453,56.349998474121094,18.110000610351562,27.700000762939453,2.5999999046325684,0.008999999612569809,10.180000305175781,13.100000381469727,56.629669189453125,22.170000076293945,2.5199999809265137,17.559999465942383,7.25,26.0,21.7645320892334,1.5299999713897705,0.8859999775886536,21.649999618530273,521.2887573242188,119.91999816894531,7.5,6.860000133514404,42.0,0.2590000033378601,168.6999969482422,176.3247833251953,1.6305999755859375,9.289999961853027,38.75,14.199999809265137,0.18000000715255737,0.800000011920929,0.17399999499320984,365.0,33.79999923706055,1172.5,2.7634682655334473,62.41999816894531,119.26338195800781,7.800000190734863,21.790000915527344,850.0,195.2899932861328,179.75999450683594,193.16322326660156,120.0,0.0010000000474974513,44.0,60.0,5.829999923706055,10.100000381469727,1049.5,5.550000190734863,4.0,179.0,0.6489999890327454,12.0,860.0,0.05900000035762787,8.9399995803833,3.7200000286102295,36.93000030517578,38.79999923706055,1.9500000476837158,12.25,373.1000061035156,454.0199890136719,46.148109436035156,2.799999952316284,307.9858703613281,3.9200000762939453,95.01000213623047,17.257915496826172,103.1500015258789,3.4800000190734863,258.5,8.5,137.4730987548828,15.149999618530273,10.5600004196167,69.55999755859375,5.900000095367432,11.75,53.15999984741211,13.0,46.86000061035156,55.0,24.899999618530273,0.3540000021457672,16.444625854492188,31.049999237060547,166.71560668945312,31.399999618530273,120.0,6.349999904632568,0.9300000071525574,38.48038864135742,37.588626861572266,58.5,234.6199951171875,6.289999961853027,175.2100067138672,16.5,35.869998931884766,5.960000038146973,0.7099999785423279,15.630000114440918
2026-01-16,194.8995361328125,72.41000366210938,8.017800331115723,567.5,427.3547668457031,5.0,83.0,8.75,16.34000015258789,45.310001373291016,13.195540428161621,0.4699999988079071,62.057064056396484,100.67774200439453,57.040000915527344,18.209999084472656,27.700000762939453,2.5999999046325684,0.008999999612569809,10.0,13.5,56.769962310791016,22.170000076293945,2.5199999809265137,18.100000381469727,7.170000076293945,26.0,21.984073638916016,1.4500000476837158,0.8799999952316284,21.649999618530273,513.8098754882812,122.36000061035156,7.5,6.860000133514404,42.0,0.2590000033378601,168.6999969482422,173.29763793945312,1.6305999755859375,9.4399995803833,38.75,14.199999809265137,0.18000000715255737,0.800000011920929,0.17000000178813934,365.0,33.79999923706055,1211.6400146484375,2.7829980850219727,62.22999954223633,119.84732818603516,7.800000190734863,21.389999389648438,850.0,195.0800018310547,184.3800048828125,192.66668701171875,120.0,0.0010000000474974513,44.0,60.0,5.699999809265137,10.100000381469727,1069.0,5.550000190734863,4.0,182.0,0.6489999890327454,12.0,854.0,0.05900000035762787,9.09000015258789,3.5899999141693115,36.5099983215332,37.099998474121094,1.9500000476837158,11.890000343322754,373.1000061035156,465.0400085449219,45.92319107055664,2.8299999237060547,312.0074157714844,4.0,95.01000213623047,17.505022048950195,103.1500015258789,3.5,255.1999969482422,8.5,138.5380401611328,15.210000038146973,10.59000015258789,69.55999755859375,5.900000095367432,11.949999809265137,53.20000076293945,13.0,47.119998931884766,55.0,24.899999618530273,0.3540000021457672,16.444625854492188,31.049999237060547,166.71560668945312,31.399999618530273,120.0,6.5,0.9300000071525574,38.579078674316406,37.499996185302734,58.5,240.99000549316406,6.289999961853027,175.6699981689453,16.5,35.36000061035156,5.960000038146973,0.6320000290870667,15.399999618530273
2026-01-19,198.8173065185547,72.55000305175781,8.018950462341309,574.0,426.3562927246094,5.010000228881836,83.0,8.75,16.5,44.93000030517578,13.195540428161621,0.4699999988079071,63.374427795410156,100.67774200439453,57.7400016784668,17.5,27.700000762939453,2.5999999046325684,0.008999999612569809,9.949999809265137,13.210000038146973,56.420082092285156,22.170000076293945,2.5199999809265137,18.06999969482422,7.670000076293945,26.0,22.153718948364258,1.4600000381469727,0.8830000162124634,21.649999618530273,524.4940185546875,122.72000122070312,7.5,6.860000133514404,42.0,0.2590000033378601,168.6999969482422,174.6727294921875,1.6305999755859375,9.470000267028809,38.75,14.199999809265137,0.18000000715255737,0.800000011920929,0.1599999964237213,365.0,33.79999923706055,1211.6400146484375,2.7634682655334473,62.5,120.64901733398438,7.800000190734863,21.700000762939453,850.0,192.8000030517578,182.74000549316406,198.48611450195312,120.0,0.0010000000474974513,44.0,60.0,5.619999885559082,10.100000381469727,1082.010009765625,5.550000190734863,4.0,182.0,0.6489999890327454,12.0,854.0,0.05900000035762787,9.020000457763672,3.7200000286102295,37.0099983215332,37.099998474121094,1.9500000476837158,12.0,373.1000061035156,456.0,44.85725402832031,2.8499999046325684,311.2807312011719,4.0,95.01000213623047,17.425947189331055,101.5,3.4600000381469727,259.1199951171875,8.5,135.54652404785156,15.130000114440918,10.649999618530273,69.55999755859375,5.900000095367432,11.960000038146973,53.540000915527344,13.0,47.779998779296875,55.0,24.899999618530273,0.3540000021457672,16.444625854492188,31.049999237060547,166.71560668945312,31.399999618530273,120.0,6.320000171661377,0.9300000071525574,37.78953552246094,37.43106460571289,58.38999938964844,238.91000366210938,6.289999961853027,175.08999633789062,16.5,35.36000061035156,5.960000038146973,0.6110000014305115,14.90999984741211
2026-01-20,193.62625122070312,70.8499984741211,8.017900466918945,574.1799926757812,422.3623046875,5.099999904632568,83.0,8.75,16.5,44.59000015258789,12.686869621276855,0.4699999988079071,63.382713317871094,100.67774200439453,58.0,17.600000381469727,27.799999237060547,2.5999999046325684,0.008999999612569809,9.899999618530273,13.180000305175781,56.19016647338867,22.170000076293945,2.5199999809265137,18.170000076293945,7.429999828338623,26.0,21.984073638916016,1.4600000381469727,0.8790000081062317,21.649999618530273,524.4940185546875,120.51000213623047,7.5,6.860000133514404,42.0,0.2590000033378601,168.6999969482422,174.14840698242188,1.6305999755859375,9.5,38.75,14.199999809265137,0.18000000715255737,0.800000011920929,0.15299999713897705,365.0,33.79999923706055,1211.6400146484375,2.77323317527771,61.310001373291016,122.54931640625,7.800000190734863,20.780000686645508,888.0,191.6300048828125,182.97999572753906,197.04615783691406,120.0,0.0010000000474974513,44.0,60.0,5.519999980926514,10.100000381469727,1115.969970703125,5.550000190734863,4.0,181.89999389648438,0.6489999890327454,12.0,869.989990234375,0.05900000035762787,8.9399995803833,3.7799999713897705,36.939998626708984,36.29999923706055,1.9500000476837158,12.0,373.1000061035156,474.79998779296875,46.70552444458008,2.8499999046325684,309.5188293457031,4.0,95.01000213623047,17.51490592956543,101.5,3.430000066757202,259.0,8.5,138.92527770996094,15.300000190734863,11.0,69.55999755859375,5.949999809265137,11.920000076293945,53.810001373291016,13.0,47.720001220703125,55.0,24.899999618530273,0.3540000021457672,16.541358947753906,31.049999237060547,166.71560668945312,31.399999618530273,120.0,6.25,0.9300000071525574,37.631629943847656,37.60832595825195,58.38999938964844,242.2899932861328,6.289999961853027,173.57000732421875,16.5,34.5,5.960000038146973,0.6399999856948853,15.550000190734863
2026-01-21,195.52638244628906,69.80000305175781,8.01554012298584,585.9500122070312,431.36871337890625,5.0,83.0,8.75,16.479999542236328,43.869998931884766,13.006035804748535,0.4699999988079071,62.3553352355957,100.67774200439453,61.119998931884766,17.81999969482422,27.799999237060547,2.5999999046325684,0.008999999612569809,9.699999809265137,13.0,56.570030212402344,22.170000076293945,2.5199999809265137,18.1200008392334,7.429999828338623,26.0,22.532926559448242,1.4600000381469727,0.8790000081062317,21.649999618530273,525.1447143554688,120.25,7.5,6.860000133514404,42.0,0.2590000033378601,168.6999969482422,176.04779052734375,1.6305999755859375,9.920000076293945,38.75,14.199999809265137,0.18000000715255737,0.800000011920929,0.1550000011920929,365.0,33.779998779296875,1211.6400146484375,2.77323317527771,60.88999938964844,122.50971984863281,7.800000190734863,20.479999542236328,999.0,198.83999633789062,186.39999389648438,193.85838317871094,120.0,0.0010000000474974513,44.0,60.0,5.599999904632568,10.100000381469727,1085.0,5.550000190734863,4.0,182.0,0.6489999890327454,12.0,910.0,0.05900000035762787,8.989999771118164,3.75,36.58000183105469,39.79999923706055,1.9500000476837158,12.0,373.1000061035156,485.0299987792969,48.02572250366211,2.8499999046325684,306.5524597167969,4.0,95.01000213623047,17.386411666870117,101.5,3.4000000953674316,265.2900085449219,8.5,142.19752502441406,15.180000305175781,11.380000114440918,69.55999755859375,5.949999809265137,11.800000190734863,53.56999969482422,13.0,49.95000076293945,55.0,24.899999618530273,0.3540000021457672,16.541358947753906,31.049999237060547,166.71560668945312,31.399999618530273,120.0,6.349999904632568,0.9300000071525574,38.58894729614258,37.71664810180664,58.400001525878906,252.24000549316406,6.289999961853027,178.27000427246094,16.5,33.59000015258789,5.960000038146973,0.6399999856948853,15.520000457763672
2026-01-22,194.00823974609375,69.30999755859375,8.02161979675293,589.0,436.3412170410156,5.0,83.0,8.75,16.479999542236328,44.84000015258789,12.726765632629395,0.4699999988079071,62.968448638916016,100.67774200439453,63.689998626708984,18.989999771118164,27.799999237060547,2.5999999046325684,0.008999999612569809,9.25,13.140000343322754,56.07020950317383,22.170000076293945,2.5199999809265137,18.149999618530273,7.389999866485596,26.0,22.582820892333984,1.4600000381469727,0.8989999890327454,21.649999618530273,534.2068481445312,123.19999694824219,7.5,6.860000133514404,42.0,0.2590000033378601,168.6999969482422,181.11276245117188,1.6305999755859375,9.920000076293945,38.75,14.199999809265137,0.18000000715255737,0.800000011920929,0.1550000011920929,365.0,33.779998779296875,1211.6400146484375,2.7634682655334473,61.54999923706055,123.97454071044922,7.800000190734863,20.5,999.0,193.35000610351562,185.30999755859375,192.0211944580078,120.0,0.0010000000474974513,44.0,60.0,5.570000171661377,10.100000381469727,1067.8900146484375,5.550000190734863,4.0,179.5,0.6489999890327454,12.0,904.8900146484375,0.05900000035762787,8.760000228881836,3.7300000190734863,36.56999969482422,40.9900016784668,1.9500000476837158,12.0,373.1000061035156,492.75,47.634552001953125,2.7699999809265137,306.064697265625,4.0,95.01000213623047,17.267799377441406,100.5,3.4000000953674316,269.95001220703125,8.5,148.1708221435547,15.25,11.850000381469727,69.55999755859375,5.960000038146973,11.850000381469727,56.54999923706055,13.0,52.650001525878906,55.0,24.899999618530273,0.3540000021457672,16.454299926757812,31.049999237060547,166.71560668945312,30.799999237060547,120.0,6.349999904632568,0.9300000071525574,40.04960632324219,38.05146789550781,57.5,249.9499969482422,6.289999961853027,170.0,16.5,34.0,5.960000038146973,0.7149999737739563,16.829999923706055
2026-01-23,195.01705932617188,69.93000030517578,8.02754020690918,587.6199951171875,435.5523986816406,5.0,83.0,8.75,16.399999618530273,45.06999969482422,12.726765632629395,0.4699999988079071,62.313907623291016,100.67774200439453,64.63999938964844,18.729999542236328,27.799999237060547,2.5999999046325684,0.008999999612569809,9.510000228881836,13.029999732971191,55.280487060546875,22.170000076293945,2.5199999809265137,18.030000686645508,7.5,26.0,22.36328125,1.4800000190734863,0.8989999890327454,21.649999618530273,529.3504028320312,125.98999786376953,7.5,6.860000133514404,42.0,0.2590000033378601,173.8000030517578,183.46719360351562,1.6305999755859375,9.899999618530273,38.75,14.199999809265137,0.18000000715255737,0.800000011920929,0.15000000596046448,365.0,33.779998779296875,1211.6400146484375,2.77323317527771,61.70000076293945,123.97454071044922,7.800000190734863,20.0,999.0,191.97000122070312,185.99000549316406,191.67361450195312,120.0,0.0010000000474974513,44.0,59.099998474121094,5.570000171661377,10.100000381469727,1075.0,5.550000190734863,4.0,179.5,0.6489999890327454,12.0,915.5700073242188,0.05900000035762787,9.1899995803833,3.75,35.900001525878906,40.5,1.899999976158142,11.75,373.1000061035156,481.0299987792969,47.585655212402344,2.8499999046325684,313.1919860839844,4.0,95.0,17.139305114746094,100.5,3.4200000762939453,271.7799987792969,8.5,148.3160400390625,15.4399995803833,11.510000228881836,69.55999755859375,5.960000038146973,11.84000015258789,55.97999954223633,13.550000190734863,53.959999084472656,55.0,24.899999618530273,0.3540000021457672,16.444625854492188,31.049999237060547,166.71560668945312,30.799999237060547,120.0,6.369999885559082,0.9300000071525574,39.32914352416992,37.59847640991211,58.400001525878906,250.7899932861328,6.289999961853027,167.88999938964844,16.5,34.0,5.960000038146973,0.8899999856948853,16.579999923706055
2026-01-26,194.71343994140625,72.01000213623047,8.0341796875,596.969970703125,437.3696594238281,5.0,83.0,8.75,16.399999618530273,45.08000183105469,13.09580135345459,0.4699999988079071,61.725650787353516,100.67774200439453,63.41999816894531,18.540000915527344,27.799999237060547,2.5999999046325684,0.008999999612569809,9.300000190734863,13.380000114440918,55.600372314453125,22.170000076293945,2.5199999809265137,17.989999771118164,7.409999847412109,26.0,22.043949127197266,1.4600000381469727,0.8769999742507935,21.649999618530273,520.6185913085938,127.02999877929688,7.5,6.860000133514404,42.0,0.2590000033378601,173.7899932861328,181.5282440185547,1.6305999755859375,11.050000190734863,38.75,14.199999809265137,0.18000000715255737,0.800000011920929,0.14800000190734863,365.0,34.31999969482422,1211.6400146484375,2.7634682655334473,61.369998931884766,124.53868865966797,7.800000190734863,19.700000762939453,1080.0,189.72999572753906,187.25,198.2378387451172,120.0,0.0010000000474974513,44.0,59.0,5.510000228881836,10.100000381469727,1111.0,5.550000190734863,4.0,179.60000610351562,0.6489999890327454,12.0,935.0,0.05900000035762787,9.15999984741211,3.799999952316284,35.4900016784668,40.5,1.8799999952316284,11.75,373.1000061035156,487.32000732421875,48.143070220947266,2.759999990463257,312.64447021484375,4.0,95.0,16.724166870117188,100.5,3.430000066757202,282.3800048828125,8.5,150.53305053710938,15.520000457763672,11.640000343322754,69.55999755859375,5.960000038146973,11.869999885559082,55.7599983215332,13.550000190734863,55.0,55.0,24.899999618530273,0.3540000021457672,16.444625854492188,31.049999237060547,166.71560668945312,30.799999237060547,120.0,6.25,0.9300000071525574,39.03306579589844,37.63786315917969,58.25,253.74000549316406,6.289999961853027,170.61000061035156,16.5,33.720001220703125,6.0,0.7620000243186951,16.329999923706055
2026-01-27,195.01705932617188,72.98999786376953,8.035229682922363,597.739990234375,444.34912109375,5.0,83.0,8.75,16.399999618530273,45.09000015258789,12.996061325073242,0.4699999988079071,62.139915466308594,100.67774200439453,63.0,18.420000076293945,27.799999237060547,2.5999999046325684,0.008999999612569809,9.300000190734863,12.970000267028809,55.50040817260742,22.170000076293945,2.5199999809265137,18.139999389648438,7.489999771118164,26.0,22.023988723754883,1.4500000476837158,0.8799999952316284,21.649999618530273,525.4652709960938,123.80000305175781,7.5,6.860000133514404,42.0,0.2590000033378601,172.99000549316406,184.4168701171875,1.6305999755859375,11.15999984741211,38.75,14.199999809265137,0.18000000715255737,0.800000011920929,0.1599999964237213,365.0,34.31999969482422,1158.800048828125,2.743938446044922,60.380001068115234,120.54014587402344,7.800000190734863,19.200000762939453,988.5599975585938,188.08999633789062,189.6699981689453,198.57550048828125,120.0,0.0010000000474974513,44.0,60.0,5.550000190734863,10.100000381469727,1121.1600341796875,5.550000190734863,4.0,181.69000244140625,0.6489999890327454,12.0,984.0,0.05900000035762787,8.920000076293945,3.799999952316284,35.040000915527344,41.0,1.8799999952316284,11.5,373.1000061035156,486.2900085449219,48.123512268066406,2.799999952316284,311.87799072265625,4.0,95.0,16.743934631347656,100.51000213623047,3.4600000381469727,282.82000732421875,8.5,152.77908325195312,15.649999618530273,11.369999885559082,67.98999786376953,5.900000095367432,11.859999656677246,55.7400016784668,13.550000190734863,55.79999923706055,55.0,24.899999618530273,0.3540000021457672,16.444625854492188,31.049999237060547,166.71560668945312,30.799999237060547,120.0,6.289999961853027,0.9300000071525574,39.35875701904297,37.80527877807617,58.25,257.239990234375,6.289999961853027,168.0399932861328,16.5,33.72999954223633,6.0,0.7440000176429749,16.5
2026-01-28,195.80062866210938,74.0,8.040379524230957,604.8400268554688,431.00927734375,5.0,81.0,8.75,16.399999618530273,45.459999084472656,12.826504707336426,0.4699999988079071,62.545894622802734,99.70996856689453,62.13999938964844,18.360000610351562,27.799999237060547,2.5999999046325684,0.008999999612569809,9.350000381469727,13.350000381469727,55.23050308227539,22.170000076293945,2.5199999809265137,18.579999923706055,7.550000190734863,26.0,22.582820892333984,1.4600000381469727,0.8730000257492065,21.649999618530273,520.1232299804688,125.1500015258789,7.5,6.860000133514404,42.0,0.2590000033378601,173.77000427246094,182.28997802734375,1.6305999755859375,14.399999618530273,38.75,14.199999809265137,0.18000000715255737,0.800000011920929,0.16099999845027924,365.0,34.31999969482422,1158.0,2.7634682655334473,60.29999923706055,122.93531036376953,7.800000190734863,19.110000610351562,1000.0,196.47999572753906,199.97000122070312,199.99559020996094,120.0,0.0010000000474974513,44.0,59.79999923706055,5.550000190734863,10.100000381469727,1207.8499755859375,5.550000190734863,4.0,182.0,0.6489999890327454,12.0,1020.0,0.05900000035762787,8.9399995803833,3.7699999809265137,35.7400016784668,41.0,1.8799999952316284,11.5,373.1000061035156,483.07000732421875,49.42414855957031,2.7699999809265137,312.0571594238281,4.0,95.0,16.575902938842773,102.0,3.430000066757202,285.1199951171875,8.5,157.0872039794922,16.079999923706055,11.470000267028809,67.98999786376953,5.900000095367432,11.850000381469727,55.9900016784668,13.550000190734863,56.400001525878906,55.0,24.899999618530273,0.3540000021457672,16.444625854492188,31.049999237060547,166.71560668945312,30.799999237060547,120.0,6.349999904632568,0.9300000071525574,39.24032211303711,37.204566955566406,58.25,256.6499938964844,6.289999961853027,170.83999633789062,16.5,34.439998626708984,6.0,0.7450000047683716,16.600000381469727
2026-01-29,194.87994384765625,73.61000061035156,8.043680191040039,601.260009765625,431.21893310546875,5.0,81.0,8.75,16.5,44.470001220703125,12.926244735717773,0.4699999988079071,61.775360107421875,99.70996856689453,62.15999984741211,18.84000015258789,27.799999237060547,2.5999999046325684,0.008999999612569809,8.989999771118164,13.949999809265137,54.03092575073242,22.170000076293945,2.5199999809265137,18.489999771118164,7.710000038146973,26.0,22.153718948364258,1.4600000381469727,0.8709999918937683,22.0,522.5513916015625,122.58999633789062,7.5,6.860000133514404,42.0,0.2590000033378601,171.10000610351562,177.24478149414062,1.6305999755859375,15.329999923706055,38.75,14.199999809265137,0.18000000715255737,0.800000011920929,0.15000000596046448,365.0,34.45000076293945,1158.0,2.743938446044922,59.9900016784668,119.96609497070312,7.800000190734863,18.40999984741211,1030.0,193.2899932861328,205.0,207.81109619140625,120.0,0.0010000000474974513,44.0,60.0,5.690000057220459,10.100000381469727,1169.989990234375,5.550000190734863,4.0,182.0,0.6489999890327454,12.0,1040.010009765625,0.05900000035762787,8.859999656677246,3.9100000858306885,35.33000183105469,41.0,1.8799999952316284,11.5,373.1000061035156,478.3500061035156,49.33613586425781,2.869999885559082,311.7187194824219,3.880000114440918,95.0,16.15087890625,102.0,3.4000000953674316,278.0299987792969,8.5,154.39584350585938,16.309999465942383,11.210000038146973,67.98999786376953,5.900000095367432,11.75,54.34000015258789,13.550000190734863,53.04999923706055,55.0,24.899999618530273,0.3540000021457672,16.444625854492188,31.049999237060547,166.71560668945312,30.799999237060547,120.0,6.380000114440918,0.9300000071525574,39.42784118652344,37.529541015625,58.25,253.8000030517578,6.289999961853027,161.5,16.5,35.5,6.0,0.7419999837875366,16.760000228881836
2026-01-30,192.80352783203125,75.19000244140625,8.04928970336914,604.4299926757812,439.9457702636719,5.0,81.0,8.75,16.5,43.86000061035156,13.065879821777344,0.4699999988079071,61.19538879394531,99.70996856689453,61.349998474121094,18.540000915527344,27.799999237060547,2.5999999046325684,0.008999999612569809,8.699999809265137,13.84000015258789,53.970951080322266,22.170000076293945,2.5199999809265137,18.06999969482422,7.630000114440918,26.0,21.674718856811523,1.440000057220459,0.8799999952316284,22.0,514.7908325195312,118.88999938964844,7.5,6.860000133514404,42.0,0.2590000033378601,174.0,181.31060791015625,1.6305999755859375,13.300000190734863,38.75,14.199999809265137,0.18000000715255737,0.800000011920929,0.14000000059604645,365.0,34.45000076293945,1158.0,2.743938446044922,60.7400016784668,118.37261962890625,7.800000190734863,18.420000076293945,1004.0,188.1199951171875,197.02000427246094,191.49485778808594,120.0,0.0010000000474974513,44.0,60.0,5.480000019073486,10.100000381469727,1013.0,5.550000190734863,4.0,182.0,0.6489999890327454,12.0,1057.0,0.05900000035762787,9.09000015258789,3.950000047683716,35.060001373291016,41.5,1.8799999952316284,11.100000381469727,373.1000061035156,480.4200134277344,47.497642517089844,2.819999933242798,313.5105285644531,3.880000114440918,95.0,16.437522888183594,104.5999984741211,3.369999885559082,273.5,8.5,151.73350524902344,16.25,11.520000457763672,67.98999786376953,5.920000076293945,11.789999961853027,53.310001373291016,13.550000190734863,51.130001068115234,55.0,24.899999618530273,0.3540000021457672,16.541358947753906,31.049999237060547,166.71560668945312,30.799999237060547,120.0,6.320000171661377,0.9300000071525574,38.204044342041016,36.87959289550781,58.25,255.17999267578125,6.289999961853027,162.72000122070312,16.5,35.79999923706055,6.0,0.7070000171661377,16.889999389648438
2026-02-03,203.40110778808594,76.91999816894531,8.054450035095215,631.6599731445312,442.3321533203125,5.0,83.0,8.800000190734863,16.540000915527344,45.5,12.63700008392334,0.4699999988079071,61.31138610839844,99.70996856689453,61.54999923706055,18.469999313354492,27.799999237060547,2.5999999046325684,0.008999999612569809,8.779999732971191,13.670000076293945,54.37080764770508,22.170000076293945,2.5199999809265137,18.760000228881836,7.5,26.0,21.844364166259766,1.5199999809265137,0.875,22.0,529.3504028320312,122.83999633789062,7.5,6.860000133514404,42.0,0.2590000033378601,174.85000610351562,183.86289978027344,1.6305999755859375,14.140000343322754,38.75,14.199999809265137,0.18000000715255737,0.800000011920929,0.13099999725818634,365.0,34.45000076293945,1158.0,2.734173536300659,62.810001373291016,117.63031768798828,7.800000190734863,19.31999969482422,1020.0,189.6999969482422,206.83999633789062,207.5529022216797,120.0,0.0010000000474974513,44.0,60.0,5.480000019073486,10.100000381469727,1025.0,5.550000190734863,4.0,182.0,0.6489999890327454,12.0,961.75,0.05900000035762787,9.15999984741211,4.0,35.84000015258789,41.5,1.8799999952316284,11.100000381469727,373.1000061035156,489.2799987792969,48.72004699707031,2.809999942779541,323.5046081542969,3.9600000381469727,95.0,16.259607315063477,104.5999984741211,3.390000104904175,290.9800109863281,8.5,152.79844665527344,16.309999465942383,11.079999923706055,67.98999786376953,5.900000095367432,11.869999885559082,52.95000076293945,13.550000190734863,52.81999969482422,55.0,24.15999984741211,0.3540000021457672,16.55103302001953,31.049999237060547,166.71560668945312,30.799999237060547,120.0,6.349999904632568,0.9300000071525574,38.973854064941406,37.36212921142578,58.5,257.79998779296875,6.260000228881836,163.63999938964844,16.5,36.0,6.0,0.6850000023841858,17.350000381469727
2026-02-04,200.5607147216797,77.36000061035156,8.055560111999512,618.1699829101562,444.7285461425781,5.0,83.0,8.800000190734863,16.540000915527344,44.650001525878906,12.91627025604248,0.4699999988079071,60.482852935791016,99.70996856689453,60.709999084472656,19.3700008392334,27.799999237060547,2.5999999046325684,0.008999999612569809,8.5,13.670000076293945,54.64071273803711,22.170000076293945,2.5199999809265137,18.610000610351562,7.579999923706055,26.0,20.92628288269043,1.5499999523162842,0.8790000081062317,22.0,509.9247131347656,121.5199966430664,7.5,6.860000133514404,42.0,0.2590000033378601,175.0,181.46890258789062,1.6305999755859375,13.510000228881836,38.75,14.199999809265137,0.18000000715255737,0.800000011920929,0.12800000607967377,365.0,35.15999984741211,1158.0,2.714643716812134,63.08000183105469,117.81836700439453,7.800000190734863,19.31999969482422,1020.0,191.64999389648438,200.44000244140625,202.69676208496094,120.0,0.0010000000474974513,44.0,60.0,5.329999923706055,10.100000381469727,1032.1400146484375,5.550000190734863,4.0,182.0,0.6489999890327454,12.0,985.0,0.05900000035762787,9.569999694824219,4.079999923706055,35.310001373291016,41.5,1.8799999952316284,10.800000190734863,373.1000061035156,475.42999267578125,49.385032653808594,2.819999933242798,324.86834716796875,4.019999980926514,95.0,15.834583282470703,104.62000274658203,3.450000047683716,289.6499938964844,8.5,152.69195556640625,16.350000381469727,11.0600004196167,67.98999786376953,5.900000095367432,11.529999732971191,53.7599983215332,13.550000190734863,52.79999923706055,55.0,24.15999984741211,0.3540000021457672,16.55103302001953,31.049999237060547,166.71560668945312,30.799999237060547,120.0,6.190000057220459,0.9300000071525574,38.667903900146484,37.15532684326172,59.0,255.74000549316406,6.269999980926514,164.00999450683594,16.5,36.0,6.0,0.6809999942779541,17.729999542236328
2026-02-05,200.82516479492188,76.36000061035156,8.054880142211914,629.4600219726562,406.9755554199219,5.0,83.0,8.800000190734863,16.540000915527344,44.20000076293945,12.517312049865723,0.4699999988079071,59.48032760620117,99.70996856689453,60.650001525878906,19.559999465942383,27.799999237060547,2.5999999046325684,0.008999999612569809,8.6899995803833,13.199999809265137,54.64071273803711,22.170000076293945,2.5199999809265137,18.579999923706055,7.5,26.0,20.806533813476562,1.5399999618530273,0.8669999837875366,22.0,507.0108642578125,117.69000244140625,7.5,6.860000133514404,42.0,0.2590000033378601,175.0,186.0095672607422,1.6305999755859375,12.050000190734863,38.75,14.199999809265137,0.18000000715255737,0.800000011920929,0.13699999451637268,365.0,35.15999984741211,1158.0,2.6951138973236084,63.20000076293945,117.10575866699219,7.800000190734863,19.030000686645508,1020.0,196.41000366210938,200.22000122070312,199.61822509765625,120.0,0.0010000000474974513,44.0,60.0,5.349999904632568,10.100000381469727,1026.6600341796875,5.550000190734863,4.0,182.0,0.6489999890327454,12.0,942.0,0.05900000035762787,9.989999771118164,3.9600000381469727,35.70000076293945,41.5,1.8799999952316284,10.100000381469727,373.1000061035156,478.8399963378906,49.86421585083008,2.890000104904175,325.2366638183594,4.019999980926514,95.0,16.022382736206055,104.62000274658203,3.369999885559082,289.94000244140625,8.5,153.1663360595703,16.290000915527344,10.880000114440918,67.98999786376953,5.900000095367432,11.529999732971191,53.400001525878906,13.550000190734863,53.75,55.0,24.15999984741211,0.3540000021457672,16.55103302001953,31.049999237060547,166.71560668945312,30.799999237060547,120.0,6.0,0.9300000071525574,39.566009521484375,36.938682556152344,58.689998626708984,260.3599853515625,6.260000228881836,165.00999450683594,16.5,36.0,6.050000190734863,0.6200000047683716,17.899999618530273
2026-02-06,202.22576904296875,76.0,8.061880111694336,635.3200073242188,414.0748291015625,5.0,83.0,8.800000190734863,16.399999618530273,45.91999816894531,12.507338523864746,0.4699999988079071,58.817501068115234,99.70996856689453,62.95000076293945,20.809999465942383,27.799999237060547,2.5999999046325684,0.008999999612569809,8.6899995803833,13.029999732971191,55.42043685913086,22.170000076293945,2.5199999809265137,18.530000686645508,7.5,26.0,21.036054611206055,1.5099999904632568,0.8370000123977661,22.0,504.0970153808594,120.73999786376953,7.5,7.0,42.0,0.2590000033378601,177.49000549316406,189.44229125976562,1.6305999755859375,12.899999618530273,38.75,14.199999809265137,0.18000000715255737,0.800000011920929,0.1599999964237213,365.0,35.15999984741211,1158.0,2.6072299480438232,67.5,118.5606689453125,7.800000190734863,19.139999389648438,900.0,199.7899932861328,208.36000061035156,206.24203491210938,123.80000305175781,0.0010000000474974513,44.0,60.0,5.349999904632568,10.100000381469727,1100.0,5.550000190734863,4.0,182.0,0.6489999890327454,12.0,964.0,0.05900000035762787,9.84000015258789,4.0,36.70000076293945,41.5,1.8799999952316284,10.100000381469727,373.1000061035156,496.9100036621094,51.3799934387207,2.880000114440918,336.85333251953125,4.019999980926514,95.0,16.61543846130371,104.62000274658203,3.440000057220459,299.44000244140625,8.5,152.96302795410156,16.600000381469727,10.949999809265137,67.98999786376953,5.900000095367432,11.850000381469727,54.34000015258789,13.550000190734863,54.52000045776367,55.0,24.15999984741211,0.3540000021457672,16.55103302001953,31.049999237060547,166.71560668945312,30.799999237060547,120.0,6.260000228881836,0.9300000071525574,40.641761779785156,37.60832595825195,58.689998626708984,268.4700012207031,6.260000228881836,169.8000030517578,16.5,36.0,6.099999904632568,0.5699999928474426,18.149999618530273
2026-02-09,200.88394165039062,75.91000366210938,8.073309898376465,634.989990234375,421.00439453125,5.0,83.0,8.800000190734863,16.25,45.7400016784668,12.666921615600586,0.4699999988079071,57.93925857543945,99.70996856689453,63.20000076293945,21.530000686645508,27.799999237060547,2.5999999046325684,0.008999999612569809,8.5,13.020000457763672,57.37974548339844,22.170000076293945,2.5199999809265137,19.059999465942383,7.5,26.0,21.894262313842773,1.4500000476837158,0.8379999995231628,22.0,490.4989929199219,121.12999725341797,7.5,7.0,42.0,0.2590000033378601,179.89999389648438,190.19412231445312,1.6305999755859375,13.399999618530273,38.75,14.199999809265137,0.18000000715255737,0.800000011920929,0.1459999978542328,365.0,35.15999984741211,1297.800048828125,2.5681703090667725,67.4000015258789,118.75861358642578,7.800000190734863,19.6299991607666,901.0,195.0,207.02000427246094,207.76145935058594,123.80000305175781,0.0010000000474974513,44.0,60.0,5.550000190734863,10.100000381469727,1112.0,5.550000190734863,4.0,182.0,0.6489999890327454,12.0,957.0,0.05900000035762787,9.630000114440918,4.03000020980835,36.33000183105469,41.5,1.8799999952316284,10.100000381469727,373.1000061035156,499.4700012207031,53.169586181640625,2.9100000858306885,347.7433166503906,3.7899999618530273,95.0,16.921852111816406,103.80000305175781,3.4000000953674316,303.0899963378906,8.399999618530273,154.60882568359375,16.209999084472656,11.0600004196167,67.98999786376953,5.900000095367432,11.6899995803833,55.13999938964844,13.550000190734863,55.150001525878906,55.0,24.15999984741211,0.3540000021457672,16.589725494384766,31.049999237060547,166.71560668945312,30.799999237060547,120.0,6.070000171661377,0.9300000071525574,40.95758056640625,37.903751373291016,58.0,274.3299865722656,6.260000228881836,170.39999389648438,16.5,35.970001220703125,6.150000095367432,0.5699999928474426,18.079999923706055
2026-02-10,200.84475708007812,76.19000244140625,8.075630187988281,643.030029296875,419.8660888671875,5.0,81.5,8.800000190734863,16.40999984741211,45.439998626708984,12.766661643981934,0.4699999988079071,57.756980895996094,98.732421875,64.08000183105469,21.209999084472656,28.100000381469727,2.5999999046325684,0.008999999612569809,8.550000190734863,13.0,57.0098762512207,22.170000076293945,2.5199999809265137,19.3799991607666,7.5,26.0,22.203615188598633,1.4500000476837158,0.8379999995231628,22.309999465942383,518.666259765625,121.77999877929688,7.5,7.0,42.0,0.2590000033378601,179.89999389648438,190.80746459960938,1.6305999755859375,13.789999961853027,38.75,14.199999809265137,0.18000000715255737,0.800000011920929,0.14000000059604645,365.0,35.15999984741211,1297.800048828125,2.5974650382995605,67.55999755859375,118.4320068359375,7.800000190734863,19.940000534057617,905.0999755859375,195.94000244140625,208.5,200.49212646484375,123.80000305175781,0.0010000000474974513,44.0,60.0,5.690000057220459,10.100000381469727,1080.0,5.550000190734863,4.0,182.0,0.6489999890327454,12.0,965.719970703125,0.05900000035762787,9.399999618530273,4.059999942779541,37.93000030517578,41.5,1.8799999952316284,11.229999542236328,373.1000061035156,500.17999267578125,52.56327819824219,2.9000000953674316,342.427734375,3.9000000953674316,95.0,17.416065216064453,102.01000213623047,3.3399999141693115,298.510009765625,8.399999618530273,156.67092895507812,16.06999969482422,11.289999961853027,67.98999786376953,5.900000095367432,11.989999771118164,55.88999938964844,13.550000190734863,55.52000045776367,55.0,24.15999984741211,0.3540000021457672,16.589725494384766,31.049999237060547,166.71560668945312,31.200000762939453,120.0,5.980000019073486,0.9300000071525574,41.697776794433594,37.7067985534668,58.0,273.75,6.260000228881836,169.52000427246094,16.5,37.0,6.150000095367432,0.5899999737739563,18.399999618530273
2026-02-11,200.4333953857422,76.69999694824219,8.07938003540039,648.9400024414062,412.8466796875,5.0,81.5,8.800000190734863,16.40999984741211,44.97999954223633,12.95616626739502,0.4699999988079071,60.482852935791016,98.732421875,63.65999984741211,21.170000076293945,28.100000381469727,2.5999999046325684,0.008999999612569809,8.5,13.029999732971191,56.70998001098633,22.170000076293945,2.5199999809265137,20.25,7.5,26.0,22.193635940551758,1.5,0.843999981880188,22.309999465942383,505.06829833984375,121.4000015258789,7.5,7.0,42.0,0.2590000033378601,179.86000061035156,191.87586975097656,1.6305999755859375,13.699999809265137,38.75,14.199999809265137,0.18000000715255737,0.800000011920929,0.1420000046491623,365.0,35.15999984741211,1297.800048828125,2.6072299480438232,67.8499984741211,119.15451049804688,7.800000190734863,19.040000915527344,1000.0,196.3300018310547,202.47999572753906,204.8318634033203,123.80000305175781,0.0010000000474974513,44.0,60.0,5.699999809265137,10.100000381469727,1081.3299560546875,5.550000190734863,4.0,182.0,0.6489999890327454,12.0,957.719970703125,0.05900000035762787,8.869999885559082,3.9700000286102295,36.209999084472656,41.5,1.8799999952316284,11.550000190734863,373.1000061035156,503.1000061035156,52.49482345581055,2.9000000953674316,341.9499206542969,3.7899999618530273,95.0,17.475370407104492,106.0,3.319999933242798,302.5299987792969,8.399999618530273,154.19253540039062,16.18000030517578,11.369999885559082,67.98999786376953,5.900000095367432,11.979999542236328,55.290000915527344,13.550000190734863,55.36000061035156,55.0,24.15999984741211,0.3540000021457672,16.92829132080078,31.049999237060547,166.71560668945312,31.200000762939453,120.0,6.0,0.9300000071525574,41.30300521850586,37.51969528198242,58.0,277.29998779296875,6.260000228881836,170.0,16.5,37.52000045776367,6.150000095367432,0.6309999823570251,17.6200008392334
2026-02-12,202.744873046875,75.97000122070312,8.081640243530273,638.6799926757812,403.3909606933594,5.0,81.5,8.800000190734863,16.5,44.70000076293945,12.95616626739502,0.4699999988079071,60.20115280151367,98.732421875,63.4900016784668,21.100000381469727,28.100000381469727,2.5999999046325684,0.008999999612569809,8.5,13.079999923706055,57.11983871459961,22.170000076293945,2.5199999809265137,20.6299991607666,7.400000095367432,26.0,21.135845184326172,1.5399999618530273,0.8410000205039978,22.309999465942383,513.7904052734375,122.83999633789062,7.5,7.0,42.0,0.2590000033378601,179.0,194.853515625,1.6305999755859375,12.90999984741211,38.75,14.199999809265137,0.18000000715255737,0.800000011920929,0.14900000393390656,365.0,35.0,1327.0,2.6072299480438232,66.37000274658203,119.17430877685547,7.800000190734863,18.549999237060547,1000.0,194.11000061035156,201.91000366210938,201.11776733398438,120.0,0.0010000000474974513,44.0,60.0,5.400000095367432,10.100000381469727,1044.1099853515625,5.550000190734863,4.0,182.0,0.6489999890327454,12.0,928.0,0.05900000035762787,9.050000190734863,4.0,36.400001525878906,41.5,1.8799999952316284,12.050000190734863,373.1000061035156,487.0,50.82257843017578,2.9000000953674316,339.2025451660156,3.9200000762939453,95.0,17.327106475830078,106.0,3.299999952316284,294.0,8.399999618530273,156.0803680419922,16.059999465942383,11.3100004196167,67.98999786376953,5.900000095367432,11.770000457763672,55.13999938964844,13.550000190734863,55.18000030517578,55.0,24.15999984741211,0.3540000021457672,16.92829132080078,31.049999237060547,166.71560668945312,31.200000762939453,120.0,6.019999980926514,0.9300000071525574,42.14189529418945,37.746192932128906,58.0,271.8599853515625,6.25,169.9600067138672,16.5,38.209999084472656,6.150000095367432,0.699999988079071,17.59000015258789
2026-02-13,206.1729278564453,76.0,8.085339546203613,639.8699951171875,389.4020690917969,5.0,81.5,8.800000190734863,16.530000686645508,46.66999816894531,12.95616626739502,0.4699999988079071,60.342002868652344,98.732421875,64.54000091552734,20.860000610351562,28.100000381469727,2.5999999046325684,0.008999999612569809,8.5,13.029999732971191,58.469364166259766,22.170000076293945,2.5199999809265137,20.450000762939453,7.550000190734863,26.0,21.49509620666504,1.4800000190734863,0.8519999980926514,22.600000381469727,512.8385620117188,129.1999969482422,7.5,7.0,42.0,0.2590000033378601,178.8000030517578,191.9747772216797,1.6305999755859375,12.90999984741211,38.75,14.199999809265137,0.18000000715255737,0.800000011920929,0.15000000596046448,365.0,34.75,1327.0,2.616994857788086,67.61000061035156,119.73846435546875,7.800000190734863,18.75,920.0,198.99000549316406,204.17999267578125,203.07412719726562,120.0,0.0010000000474974513,44.0,60.0,5.369999885559082,10.100000381469727,1059.9000244140625,5.550000190734863,4.0,182.0,0.6489999890327454,12.0,920.0,0.05900000035762787,9.140000343322754,4.050000190734863,36.880001068115234,41.5,1.8799999952316284,12.0,373.1000061035156,485.6700134277344,52.309017181396484,2.9000000953674316,344.8864440917969,3.930000066757202,95.0,17.73236083984375,106.0,3.3499999046325684,294.79998779296875,8.399999618530273,156.72900390625,16.329999923706055,11.449999809265137,67.98999786376953,5.900000095367432,11.949999809265137,56.970001220703125,13.550000190734863,55.25,55.0,24.15999984741211,0.3540000021457672,16.879924774169922,31.049999237060547,166.71560668945312,31.5,120.0,5.960000038146973,0.9300000071525574,41.65829849243164,38.03177261352539,58.0,275.5,6.260000228881836,171.7899932861328,16.5,38.0,6.199999809265137,0.7580000162124634,17.420000076293945
2026-02-16,205.38937377929688,75.80999755859375,8.089019775390625,636.0900268554688,398.9975891113281,5.0,83.0,8.800000190734863,16.530000686645508,45.029998779296875,12.95616626739502,0.4699999988079071,60.482852935791016,98.732421875,67.5,20.989999771118164,28.100000381469727,2.5999999046325684,0.008999999612569809,8.5,12.970000267028809,58.219451904296875,22.170000076293945,2.5199999809265137,20.309999465942383,7.5,26.0,21.754552841186523,1.440000057220459,0.8500000238418579,22.600000381469727,514.7811279296875,126.19999694824219,7.5,7.0,42.0,0.2590000033378601,175.64999389648438,192.90467834472656,1.6305999755859375,12.779999732971191,38.75,14.199999809265137,0.18000000715255737,0.800000011920929,0.15000000596046448,365.0,35.2599983215332,1327.0,2.6267597675323486,67.62000274658203,118.17467498779297,7.800000190734863,19.049999237060547,920.0,199.92999267578125,202.25999450683594,202.388916015625,120.0,0.0010000000474974513,44.0,60.0,5.394713878631592,10.100000381469727,1036.199951171875,5.550000190734863,4.0,182.0,0.6489999890327454,12.0,930.0,0.05900000035762787,8.880000114440918,4.0,37.36000061035156,41.5,2.0,12.199999809265137,373.1000061035156,501.8999938964844,51.937408447265625,2.9000000953674316,341.43231201171875,3.880000114440918,95.0,17.346874237060547,103.80000305175781,3.359999895095825,296.70001220703125,8.399999618530273,156.85487365722656,16.31999969482422,11.539999961853027,67.98999786376953,5.900000095367432,12.050000190734863,56.439998626708984,13.550000190734863,53.959999084472656,55.0,23.809999465942383,0.3540000021457672,16.879924774169922,31.049999237060547,166.71560668945312,31.5,120.0,6.03000020980835,0.9300000071525574,43.2176513671875,37.785579681396484,58.0,277.04998779296875,6.260000228881836,171.25,16.5,38.0,6.150000095367432,0.781000018119812,17.3799991607666
2026-02-17,207.75962829589844,76.98999786376953,8.090720176696777,647.469970703125,397.5997314453125,5.0,83.0,8.869999885559082,16.399999618530273,45.68000030517578,12.966139793395996,0.4699999988079071,61.725650787353516,98.732421875,66.91000366210938,20.920000076293945,28.100000381469727,2.5999999046325684,0.008999999612569809,8.449999809265137,12.9399995803833,57.579673767089844,22.170000076293945,2.5199999809265137,20.84000015258789,7.53000020980835,26.0,21.44519805908203,1.4500000476837158,0.8629999756813049,22.600000381469727,514.7714233398438,128.64999389648438,7.5,7.0,42.0,0.2590000033378601,175.64999389648438,191.65821838378906,1.6305999755859375,12.390000343322754,38.75,14.199999809265137,0.18000000715255737,0.800000011920929,0.15000000596046448,365.0,35.29999923706055,1327.0,2.616994857788086,68.58000183105469,118.36271667480469,7.800000190734863,18.84000015258789,900.0,199.3000030517578,202.66000366210938,194.8018035888672,120.0,0.0010000000474974513,44.0,60.0,5.541842937469482,10.100000381469727,993.530029296875,5.550000190734863,4.0,182.0,0.6489999890327454,12.0,920.0,0.05900000035762787,8.880000114440918,4.090000152587891,37.150001525878906,41.5,2.0,12.149999618530273,373.1000061035156,501.25,53.238040924072266,2.8499999046325684,344.2792053222656,3.880000114440918,95.0,17.61374855041504,103.80000305175781,3.390000104904175,295.6499938964844,8.399999618530273,157.09689331054688,16.40999984741211,11.140000343322754,67.98999786376953,5.900000095367432,12.0,57.970001220703125,13.550000190734863,54.2400016784668,55.0,23.799999237060547,0.3540000021457672,16.92829132080078,31.049999237060547,166.71560668945312,31.5,120.0,6.099999904632568,0.9300000071525574,41.99385452270508,38.258270263671875,58.0,282.04998779296875,6.260000228881836,174.0399932861328,16.5,38.70000076293945,6.150000095367432,0.8190000057220459,17.489999771118164
2026-02-18,204.17486572265625,76.0,8.093810081481934,647.2000122070312,403.2911071777344,5.0,82.5,8.800000190734863,16.5,44.369998931884766,12.726765632629395,0.4699999988079071,62.55418395996094,98.732421875,67.5,21.020000457763672,28.100000381469727,2.5999999046325684,0.008999999612569809,8.510000228881836,12.989999771118164,57.85957717895508,22.170000076293945,2.5199999809265137,20.6200008392334,7.53000020980835,26.0,21.56494903564453,1.4500000476837158,0.8989999890327454,22.600000381469727,519.4141845703125,125.91000366210938,7.5,7.0,42.0,0.2590000033378601,175.64999389648438,192.0341339111328,1.6305999755859375,13.930000305175781,38.75,14.199999809265137,0.18000000715255737,0.800000011920929,0.14900000393390656,365.0,34.5,1327.0,2.6951138973236084,66.4800033569336,114.68090057373047,7.800000190734863,18.709999084472656,900.0,201.27999877929688,201.64999389648438,197.66184997558594,120.0,0.0010000000474974513,43.0,60.0,5.561460018157959,10.100000381469727,998.9500122070312,5.550000190734863,4.0,179.55999755859375,0.6489999890327454,12.0,955.0,0.05900000035762787,8.829999923706055,4.239999771118164,36.90999984741211,41.20000076293945,2.0399999618530273,12.25,373.1000061035156,498.6600036621094,53.00334167480469,2.8499999046325684,339.710205078125,4.0,95.0,17.139305114746094,103.80000305175781,3.359999895095825,291.3599853515625,8.399999618530273,157.22274780273438,16.350000381469727,11.619999885559082,67.98999786376953,5.900000095367432,12.170000076293945,58.560001373291016,13.550000190734863,55.95000076293945,55.0,23.799999237060547,0.3540000021457672,17.411956787109375,31.049999237060547,166.71560668945312,31.5,120.0,6.110000133514404,0.9300000071525574,41.3227424621582,38.346900939941406,58.0,280.7799987792969,6.260000228881836,173.25,16.5,38.79999923706055,6.25,0.75,17.700000762939453
2026-02-19,205.77134704589844,77.01000213623047,8.09634017944336,644.6500244140625,397.4100036621094,5.0,82.0,8.789999961853027,16.5,44.709999084472656,12.966139793395996,0.4699999988079071,70.88093566894531,98.732421875,65.94999694824219,21.239999771118164,28.15999984741211,2.5999999046325684,0.008999999612569809,8.600000381469727,13.050000190734863,57.9195556640625,22.170000076293945,2.5199999809265137,20.559999465942383,7.53000020980835,26.0,21.774511337280273,1.4600000381469727,0.8920000195503235,22.600000381469727,524.4940185546875,127.23999786376953,7.5,7.0,42.0,0.2590000033378601,175.64999389648438,191.49993896484375,1.6305999755859375,13.960000038146973,38.75,14.199999809265137,0.18000000715255737,0.800000011920929,0.14499999582767487,365.0,34.0,1327.0,2.7244086265563965,65.27999877929688,112.39459991455078,7.800000190734863,18.770000457763672,900.0,202.50999450683594,199.6999969482422,201.14756774902344,120.0,0.0010000000474974513,43.0,60.0,5.561460018157959,10.100000381469727,1009.7100219726562,5.550000190734863,4.0,181.99000549316406,0.6489999890327454,12.0,1015.47998046875,0.05900000035762787,8.770000457763672,4.429999828338623,36.7599983215332,41.20000076293945,2.049999952316284,12.210000038146973,373.1000061035156,498.0799865722656,51.780941009521484,2.869999885559082,313.5602722167969,3.8499999046325684,95.0,17.238147735595703,103.80000305175781,3.359999895095825,289.3999938964844,8.399999618530273,157.04849243164062,16.299999237060547,11.630000114440918,67.98999786376953,5.71999979019165,12.800000190734863,61.2400016784668,13.550000190734863,55.02000045776367,55.0,23.799999237060547,0.3540000021457672,17.605422973632812,38.0,166.71560668945312,31.5,120.0,6.110000133514404,0.9300000071525574,41.40169906616211,38.258270263671875,61.0,279.4700012207031,6.239999771118164,175.0,16.5,38.0,6.25,0.75,17.739999771118164
2026-02-20,206.398193359375,76.13999938964844,8.097660064697266,650.6799926757812,400.79486083984375,5.0,79.68000030517578,8.75,16.5,45.22999954223633,12.966139793395996,0.4699999988079071,72.91083526611328,97.75487518310547,67.19999694824219,20.959999084472656,28.15999984741211,2.5999999046325684,0.008999999612569809,8.520000457763672,13.140000343322754,61.058448791503906,22.170000076293945,2.5199999809265137,20.579999923706055,7.5,26.0,22.043949127197266,1.4600000381469727,0.871999979019165,22.600000381469727,521.5801391601562,131.30999755859375,7.5,7.0,42.0,0.2590000033378601,175.64999389648438,192.33091735839844,1.6305999755859375,12.600000381469727,38.75,14.199999809265137,0.18000000715255737,0.800000011920929,0.14000000059604645,365.0,35.29999923706055,1327.0,2.6365244388580322,64.01000213623047,113.00823974609375,7.800000190734863,18.860000610351562,890.5900268554688,204.57000732421875,199.6699981689453,203.58059692382812,120.0,0.0010000000474974513,43.0,60.0,5.787056922912598,10.100000381469727,1013.8900146484375,5.550000190734863,4.0,181.99000549316406,0.6489999890327454,12.0,1004.3200073242188,0.05900000035762787,8.6899995803833,4.599999904632568,36.7599983215332,41.20000076293945,2.049999952316284,12.3100004196167,373.1000061035156,512.6199951171875,52.680625915527344,2.9000000953674316,312.3060302734375,3.700000047683716,95.0,17.366641998291016,103.80000305175781,3.3399999141693115,286.6700134277344,8.399999618530273,155.66407775878906,16.309999465942383,11.739999771118164,67.98999786376953,5.599999904632568,13.149999618530273,61.16999816894531,13.550000190734863,55.540000915527344,55.0,23.799999237060547,0.3540000021457672,17.79888916015625,38.0,166.71560668945312,31.5,120.0,6.079999923706055,0.9300000071525574,42.03333282470703,38.2779655456543,61.0,286.9200134277344,6.260000228881836,172.25999450683594,16.5,37.0,6.349999904632568,0.7400000095367432,17.40999984741211
2026-02-23,202.19639587402344,76.95999908447266,8.102439880371094,628.010009765625,407.6944580078125,5.0,82.0,8.75,16.5,44.27000045776367,12.726765632629395,0.4699999988079071,72.92740631103516,97.75487518310547,67.80999755859375,20.100000381469727,28.15999984741211,2.5999999046325684,0.008999999612569809,8.5,13.069999694824219,61.91814422607422,22.170000076293945,2.5199999809265137,20.579999923706055,7.599999904632568,26.0,21.325450897216797,1.4600000381469727,0.8610000014305115,22.600000381469727,519.6375732421875,133.7100067138672,7.5,7.0,42.0,0.2590000033378601,175.64999389648438,179.71791076660156,1.6305999755859375,12.989999771118164,38.75,14.199999809265137,0.18000000715255737,0.800000011920929,0.14000000059604645,365.0,34.150001525878906,1359.989990234375,2.6560542583465576,63.310001373291016,113.13690948486328,7.800000190734863,18.809999465942383,900.0,202.16000366210938,198.22000122070312,203.58059692382812,120.0,0.0010000000474974513,43.0,60.0,5.599999904632568,10.100000381469727,1049.5,5.550000190734863,4.0,181.75,0.6489999890327454,12.0,986.27001953125,0.05900000035762787,8.489999771118164,4.440000057220459,36.0,41.20000076293945,2.049999952316284,12.210000038146973,373.1000061035156,482.94000244140625,52.445926666259766,2.990000009536743,310.96221923828125,3.950000047683716,95.0,17.099767684936523,103.80000305175781,3.319999933242798,284.80999755859375,8.399999618530273,154.7056427001953,15.729999542236328,11.529999732971191,67.98999786376953,5.599999904632568,12.399999618530273,60.849998474121094,13.550000190734863,54.81999969482422,55.0,23.799999237060547,0.3540000021457672,18.659814834594727,38.0,166.71560668945312,31.5,120.0,6.130000114440918,0.9300000071525574,42.003726959228516,37.51969528198242,62.0,281.55999755859375,6.239999771118164,170.1699981689453,16.5,36.79999923706055,6.5,0.7200000286102295,16.239999771118164
2026-02-24,201.52056884765625,76.0,8.105310440063477,615.1900024414062,401.39398193359375,5.0,82.0,8.779999732971191,16.5,45.13999938964844,12.31783390045166,0.4699999988079071,72.91083526611328,97.75487518310547,67.16999816894531,20.489999771118164,28.15999984741211,2.5999999046325684,0.008999999612569809,8.5,13.0,63.59754943847656,22.170000076293945,2.5199999809265137,21.940000534057617,7.599999904632568,26.0,21.594884872436523,1.4600000381469727,0.8579999804496765,22.600000381469727,524.4940185546875,133.2100067138672,7.5,7.0,42.0,0.2590000033378601,175.64999389648438,188.1463623046875,1.6305999755859375,12.859999656677246,38.75,14.199999809265137,0.18000000715255737,0.800000011920929,0.13899999856948853,365.0,35.29999923706055,1400.0,2.646289348602295,62.83000183105469,114.00788116455078,7.800000190734863,18.229999542236328,900.0,202.88999938964844,199.75999450683594,206.6591339111328,120.0,0.0010000000474974513,43.0,60.0,5.659999847412109,10.100000381469727,1036.0699462890625,5.550000190734863,4.0,181.75,0.6489999890327454,12.0,972.8300170898438,0.05900000035762787,8.380000114440918,4.400000095367432,36.63999938964844,41.20000076293945,2.049999952316284,12.600000381469727,373.1000061035156,455.5,52.093875885009766,3.0,309.33966064453125,4.0,95.0,17.317222595214844,103.80000305175781,3.3399999141693115,281.3900146484375,8.399999618530273,154.88958740234375,15.460000038146973,11.380000114440918,67.98999786376953,5.599999904632568,12.15999984741211,61.13999938964844,13.550000190734863,55.970001220703125,55.0,23.799999237060547,0.3540000021457672,18.66948699951172,38.0,166.71560668945312,31.5,120.0,6.199999809265137,0.9300000071525574,41.78660202026367,37.568931579589844,62.0,273.69000244140625,6.25,168.07000732421875,16.5,35.47999954223633,6.849999904632568,0.699999988079071,16.360000610351562
2026-02-25,201.07981872558594,75.45999908447266,8.11063003540039,629.6400146484375,404.2097473144531,5.199999809265137,82.0,8.789999961853027,16.5,44.720001220703125,12.946191787719727,0.4699999988079071,72.14859008789062,97.75487518310547,66.70999908447266,20.25,28.15999984741211,2.5999999046325684,0.008999999612569809,8.5,13.050000190734863,63.04774475097656,22.170000076293945,2.5199999809265137,21.700000762939453,7.489999771118164,26.0,21.87430191040039,1.440000057220459,0.8560000061988831,22.600000381469727,522.5513916015625,127.30999755859375,7.5,7.0,42.0,0.2590000033378601,173.10000610351562,189.07626342773438,1.6305999755859375,13.630000114440918,38.75,14.199999809265137,0.18000000715255737,0.800000011920929,0.14000000059604645,365.0,35.29999923706055,1400.0,2.675584077835083,62.79999923706055,110.33595275878906,7.800000190734863,18.489999771118164,900.0,198.30999755859375,198.14999389648438,212.4686279296875,120.0,0.0010000000474974513,43.0,60.0,5.650000095367432,10.100000381469727,1048.9000244140625,5.550000190734863,4.0,181.75,0.6489999890327454,12.0,977.0,0.05900000035762787,8.300000190734863,4.449999809265137,36.86000061035156,41.20000076293945,2.049999952316284,12.399999618530273,373.1000061035156,458.29998779296875,51.24308395385742,2.990000009536743,306.9804992675781,4.0,95.0,17.198610305786133,107.9000015258789,3.319999933242798,284.489990234375,8.399999618530273,154.67660522460938,15.199999809265137,10.920000076293945,67.98999786376953,5.800000190734863,11.65999984741211,59.81999969482422,13.550000190734863,56.709999084472656,55.0,23.600000381469727,0.3540000021457672,18.66948699951172,38.0,166.71560668945312,31.5,118.0,6.25,0.9300000071525574,42.14189529418945,37.12578582763672,62.0,271.0799865722656,6.25,166.0500030517578,16.5,35.0,7.0,0.699999988079071,15.3100004196167
2026-02-26,206.5745086669922,76.01000213623047,8.114649772644043,623.989990234375,405.6874694824219,5.190000057220459,80.0,8.789999961853027,16.5,44.11000061035156,12.946191787719727,0.4699999988079071,70.68208312988281,97.75487518310547,66.52999877929688,20.229999542236328,28.15999984741211,2.5999999046325684,0.008999999612569809,8.510000228881836,12.75,63.04774475097656,22.170000076293945,2.5199999809265137,21.850000381469727,7.570000171661377,26.0,21.90424156188965,1.440000057220459,0.8809999823570251,22.600000381469727,522.0657958984375,130.3000030517578,7.5,7.0,42.0,0.2590000033378601,173.10000610351562,187.77044677734375,1.6305999755859375,13.149999618530273,38.75,14.199999809265137,0.18000000715255737,0.800000011920929,0.1379999965429306,365.0,35.29999923706055,1400.0,2.6658191680908203,63.95000076293945,108.9305191040039,7.800000190734863,17.860000610351562,900.0,198.14999389648438,198.8000030517578,215.13999938964844,120.0,0.0010000000474974513,43.0,60.0,5.690000057220459,10.100000381469727,1045.0,5.550000190734863,4.0,181.75,0.6489999890327454,12.0,970.52001953125,0.05900000035762787,8.260000228881836,4.599999904632568,36.900001525878906,41.0,2.049999952316284,12.210000038146973,373.1000061035156,463.6000061035156,49.14055252075195,3.0,310.1160888671875,4.050000190734863,95.0,17.584096908569336,107.9000015258789,3.200000047683716,285.7900085449219,8.399999618530273,153.9214630126953,15.350000381469727,10.949999809265137,67.98999786376953,5.800000190734863,11.529999732971191,60.470001220703125,13.550000190734863,56.34000015258789,55.0,23.600000381469727,0.3540000021457672,18.69850730895996,38.0,166.71560668945312,31.5,118.0,6.179999828338623,0.9300000071525574,42.63536071777344,37.45075988769531,62.0,269.3299865722656,6.25,166.0,16.5,36.0099983215332,7.0,0.699999988079071,15.449999809265137
2026-02-27,203.62637329101562,76.0,8.117340087890625,620.3300170898438,395.40301513671875,5.199999809265137,79.0,8.789999961853027,16.399999618530273,43.86000061035156,12.95616626739502,0.4699999988079071,71.21234130859375,97.75487518310547,66.79000091552734,20.31999969482422,28.15999984741211,2.5999999046325684,0.008999999612569809,8.550000190734863,13.300000190734863,63.237674713134766,22.170000076293945,2.5199999809265137,22.450000762939453,7.599999904632568,26.0,21.574928283691406,1.4500000476837158,0.8730000257492065,22.600000381469727,522.0657958984375,134.92999267578125,7.5,7.0,42.0,0.2590000033378601,173.10000610351562,189.45217895507812,1.6305999755859375,13.5,38.75,14.199999809265137,0.18000000715255737,0.800000011920929,0.1379999965429306,365.0,35.5,1400.0,2.6560542583465576,62.599998474121094,109.14826202392578,7.800000190734863,17.489999771118164,970.0,200.6300048828125,195.8300018310547,218.25999450683594,120.0,0.0010000000474974513,43.0,60.0,5.739999771118164,10.100000381469727,1096.300048828125,5.550000190734863,4.0,172.30999755859375,0.6489999890327454,12.0,1000.0,0.05900000035762787,8.229999542236328,4.699999809265137,37.91999816894531,41.5,2.049999952316284,12.100000381469727,373.1000061035156,449.9599914550781,48.886295318603516,2.990000009536743,309.1007385253906,4.050000190734863,98.0,18.06842613220215,107.9000015258789,3.240000009536743,283.7099914550781,8.399999618530273,155.8189697265625,15.359999656677246,10.229999542236328,67.98999786376953,5.800000190734863,11.359999656677246,60.83000183105469,13.550000190734863,57.43000030517578,55.0,23.600000381469727,0.3540000021457672,18.766220092773438,38.0,166.71560668945312,31.5,117.5,6.429999828338623,0.9300000071525574,42.625492095947266,38.36659240722656,62.0,263.1600036621094,6.25,168.0,16.5,38.0,6.849999904632568,0.7390000224113464,14.90999984741211
2026-03-02,201.7066650390625,76.5,8.123510360717773,616.3400268554688,384.41961669921875,5.199999809265137,79.0,8.619999885559082,16.399999618530273,43.130001068115234,12.95616626739502,0.4699999988079071,71.22062683105469,97.75487518310547,65.4000015258789,19.639999389648438,28.15999984741211,2.5999999046325684,0.008999999612569809,8.550000190734863,13.550000190734863,60.56861877441406,22.170000076293945,2.5199999809265137,22.420000076293945,7.550000190734863,26.0,21.04603385925293,1.440000057220459,0.8479999899864197,22.600000381469727,521.5704345703125,127.76000213623047,7.5,7.0,42.0,0.2590000033378601,173.10000610351562,188.34422302246094,1.6305999755859375,13.489999771118164,38.75,14.199999809265137,0.18000000715255737,0.800000011920929,0.14300000667572021,365.0,35.5,1400.0,2.6365244388580322,62.06999969482422,109.13836669921875,7.800000190734863,16.969999313354492,1001.0,200.36000061035156,190.91000366210938,220.13999938964844,120.0,0.0010000000474974513,43.0,60.0,5.650000095367432,10.100000381469727,1049.8299560546875,5.550000190734863,4.0,172.30999755859375,0.6489999890327454,12.0,1019.0700073242188,0.05900000035762787,8.529999732971191,4.840000152587891,37.09000015258789,41.400001525878906,2.049999952316284,12.640000343322754,373.1000061035156,441.1400146484375,47.95726776123047,2.990000009536743,307.0899963378906,4.050000190734863,98.0,17.554445266723633,107.9000015258789,3.369999885559082,283.2699890136719,8.399999618530273,150.1554718017578,15.300000190734863,9.729999542236328,67.98999786376953,5.800000190734863,11.149999618530273,60.0,13.550000190734863,56.189998626708984,55.0,24.06999969482422,0.3540000021457672,18.66948699951172,38.0,166.71560668945312,31.5,115.5,6.199999809265137,0.9300000071525574,42.4971923828125,37.66741180419922,62.0,257.8599853515625,6.25,164.6999969482422,16.5,37.5,7.0,0.7490000128746033,13.739999771118164
2026-03-03,197.96517944335938,75.48999786376953,8.120240211486816,598.5,369.4422302246094,5.199999809265137,79.0,8.789999961853027,16.399999618530273,42.0099983215332,12.95616626739502,0.4699999988079071,69.38957214355469,97.75487518310547,60.810001373291016,18.360000610351562,28.15999984741211,2.5999999046325684,0.008999999612569809,8.75,13.119999885559082,59.019168853759766,22.170000076293945,2.5199999809265137,21.719999313354492,7.440000057220459,26.0,20.20778465270996,1.4500000476837158,0.843999981880188,22.600000381469727,519.6278686523438,124.68000030517578,7.5,7.0,42.0,0.2590000033378601,168.3000030517578,184.89170837402344,1.6305999755859375,12.579999923706055,38.75,14.199999809265137,0.18000000715255737,0.800000011920929,0.1469999998807907,365.0,35.0,1400.0,2.5974650382995605,61.47999954223633,108.24760437011719,7.800000190734863,17.059999465942383,950.0,191.80999755859375,190.08999633789062,205.75,120.0,0.0010000000474974513,43.0,60.0,5.639999866485596,10.100000381469727,976.4099731445312,5.550000190734863,4.0,172.30999755859375,0.6489999890327454,12.0,1057.989990234375,0.05900000035762787,8.489999771118164,4.760000228881836,37.130001068115234,41.400001525878906,2.049999952316284,12.720000267028809,373.1000061035156,425.260009765625,47.62477493286133,2.990000009536743,304.750732421875,4.050000190734863,98.0,17.376527786254883,107.9000015258789,3.309999942779541,278.17999267578125,8.5,146.05064392089844,14.600000381469727,9.770000457763672,67.98999786376953,5.800000190734863,11.069999694824219,58.58000183105469,13.550000190734863,55.29999923706055,55.0,24.06999969482422,0.3540000021457672,18.6501407623291,38.0,166.71560668945312,31.5,115.5,6.090000152587891,0.9300000071525574,41.559608459472656,36.968223571777344,62.0,248.5500030517578,6.25,161.5,16.5,37.459999084472656,7.0,0.7400000095367432,13.449999809265137
2026-03-04,202.73509216308594,75.5,8.114509582519531,606.5599975585938,386.23687744140625,5.25,79.0999984741211,8.760000228881836,16.399999618530273,44.0099983215332,12.95616626739502,0.4699999988079071,68.76817321777344,97.75487518310547,64.04000091552734,18.65999984741211,28.15999984741211,2.5999999046325684,0.008999999612569809,8.6899995803833,13.390000343322754,59.868865966796875,22.170000076293945,2.5199999809265137,22.059999465942383,7.489999771118164,26.0,20.96619987487793,1.4500000476837158,0.8399999737739563,22.600000381469727,517.6950073242188,127.86000061035156,7.5,7.0,42.0,0.2590000033378601,168.3000030517578,188.90809631347656,1.6305999755859375,12.720000267028809,38.75,14.199999809265137,0.18000000715255737,0.800000011920929,0.14499999582767487,365.0,35.5,1400.0,2.577935218811035,64.48999786376953,112.32532501220703,7.800000190734863,17.079999923706055,950.0,199.97000122070312,196.92999267578125,212.8800048828125,120.0,0.0010000000474974513,43.0,60.0,5.440000057220459,10.100000381469727,1005.0,5.550000190734863,4.0,172.30999755859375,0.6489999890327454,12.0,1043.4000244140625,0.05900000035762787,8.529999732971191,4.610000133514404,38.720001220703125,41.400001525878906,2.049999952316284,12.720000267028809,373.1000061035156,438.3999938964844,48.99386215209961,2.950000047683716,313.35125732421875,4.0,98.0,17.465486526489258,107.9000015258789,3.3399999141693115,286.3699951171875,8.5,153.0985565185547,14.720000267028809,10.170000076293945,67.98999786376953,5.800000190734863,11.050000190734863,59.25,13.550000190734863,55.02000045776367,55.0,24.06999969482422,0.3540000021457672,18.862953186035156,38.0,166.71560668945312,31.5,115.5,6.199999809265137,0.9300000071525574,42.55640411376953,38.258270263671875,59.0,254.02999877929688,6.25,168.6199951171875,16.5,36.349998474121094,6.75,0.75,13.479999542236328
2026-03-05,201.14837646484375,75.4800033569336,8.117919921875,599.4400024414062,382.5324401855469,5.25,79.0999984741211,8.760000228881836,16.399999618530273,43.16999816894531,12.886348724365234,0.4699999988079071,69.5552749633789,97.75487518310547,63.63999938964844,17.889999389648438,28.15999984741211,2.5999999046325684,0.008999999612569809,8.649999618530273,13.300000190734863,59.73891067504883,22.170000076293945,2.5199999809265137,21.600000381469727,7.420000076293945,26.0,20.02815818786621,1.4500000476837158,0.8560000061988831,22.600000381469727,509.9247131347656,125.86000061035156,7.5,7.0,42.0,0.2590000033378601,168.3000030517578,185.4061279296875,1.6305999755859375,12.079999923706055,38.75,14.199999809265137,0.18000000715255737,0.800000011920929,0.14499999582767487,365.0,35.5,1400.0,2.5584051609039307,63.189998626708984,110.97927856445312,7.800000190734863,16.920000076293945,955.0,193.49000549316406,192.25999450683594,200.47000122070312,120.0,0.0010000000474974513,43.0,60.0,5.309999942779541,10.100000381469727,930.010009765625,5.550000190734863,4.0,172.30999755859375,0.6489999890327454,12.0,1080.0,0.05900000035762787,8.550000190734863,4.449999809265137,38.0099983215332,41.400001525878906,2.049999952316284,12.720000267028809,373.1000061035156,430.010009765625,47.3411750793457,2.859999895095825,314.44622802734375,4.050000190734863,98.0,17.495140075683594,107.9000015258789,3.3399999141693115,279.70001220703125,8.5,147.1736602783203,14.699999809265137,10.020000457763672,67.98999786376953,5.800000190734863,11.0,58.720001220703125,13.550000190734863,51.849998474121094,55.0,24.06999969482422,0.3540000021457672,18.862953186035156,38.0,166.71560668945312,31.5,115.5,6.389999866485596,0.9300000071525574,41.895164489746094,37.342437744140625,61.5,250.94000244140625,6.25,166.3300018310547,16.5,35.66999816894531,6.75,0.7149999737739563,12.90999984741211
2026-03-06,202.75466918945312,74.1500015258789,8.108739852905273,594.030029296875,380.4256286621094,5.5,79.0999984741211,8.760000228881836,16.399999618530273,43.08000183105469,12.946191787719727,0.4699999988079071,70.41695404052734,97.75487518310547,62.34000015258789,18.329999923706055,28.15999984741211,2.5999999046325684,0.008999999612569809,8.5,13.010000228881836,58.84922790527344,22.170000076293945,2.5199999809265137,21.139999389648438,7.320000171661377,26.0,19.409452438354492,1.4500000476837158,0.8410000205039978,22.600000381469727,508.95343017578125,121.66000366210938,7.5,7.0,42.0,0.2590000033378601,168.3000030517578,184.89170837402344,1.6305999755859375,12.100000381469727,38.75,14.199999809265137,0.18000000715255737,0.800000011920929,0.13699999451637268,365.0,35.5,1400.0,2.587700128555298,61.29999923706055,108.49504089355469,7.800000190734863,16.639999389648438,950.0,188.9199981689453,189.42999267578125,194.19000244140625,120.0,0.0010000000474974513,43.0,60.0,5.579999923706055,10.100000381469727,916.5,5.550000190734863,4.0,174.0,0.6489999890327454,12.0,1111.77001953125,0.05900000035762787,8.979999542236328,4.5,37.95000076293945,40.0,2.049999952316284,12.510000228881836,373.1000061035156,423.0400085449219,46.60773468017578,2.799999952316284,312.9630126953125,4.050000190734863,98.0,17.475370407104492,107.9000015258789,3.309999942779541,278.4800109863281,8.5,143.86270141601562,14.609999656677246,10.09000015258789,67.98999786376953,5.800000190734863,10.949999809265137,56.849998474121094,13.550000190734863,51.25,55.0,24.75,0.3540000021457672,18.862953186035156,38.0,166.71560668945312,31.5,115.5,6.400000095367432,0.9300000071525574,40.9970588684082,36.99776840209961,61.5,245.52000427246094,6.25,166.82000732421875,16.5,36.5,6.75,0.7049999833106995,12.5
2026-03-09,199.74778747558594,76.9000015258789,8.111149787902832,582.0700073242188,382.1230773925781,5.75,79.0999984741211,8.760000228881836,16.399999618530273,42.779998779296875,12.766661643981934,0.4699999988079071,69.18244171142578,97.75487518310547,60.779998779296875,18.1200008392334,28.15999984741211,2.5999999046325684,0.008999999612569809,8.5,12.59000015258789,58.12948226928711,22.170000076293945,2.5199999809265137,21.239999771118164,7.239999771118164,26.0,19.329620361328125,1.440000057220459,0.8209999799728394,22.600000381469727,508.9436950683594,122.30000305175781,7.5,7.0,42.0,0.2590000033378601,168.3000030517578,180.2521209716797,1.6305999755859375,12.279999732971191,38.75,14.199999809265137,0.18000000715255737,0.800000011920929,0.12999999523162842,365.0,35.5,1400.0,2.5584051609039307,61.439998626708984,106.99063873291016,7.800000190734863,16.389999389648438,950.0,186.1999969482422,189.2899932861328,195.22999572753906,120.0,0.0010000000474974513,43.0,60.0,5.369999885559082,10.100000381469727,917.989990234375,5.550000190734863,4.0,174.0,0.6489999890327454,12.0,1062.0999755859375,0.05900000035762787,9.029999732971191,4.46999979019165,37.400001525878906,40.0,2.049999952316284,12.510000228881836,373.1000061035156,417.57000732421875,46.558837890625,2.799999952316284,311.8381652832031,4.050000190734863,95.0,17.416065216064453,107.9000015258789,3.2799999713897705,271.1600036621094,8.5,141.76185607910156,14.199999809265137,10.5,67.98999786376953,5.800000190734863,10.90999984741211,56.47999954223633,13.550000190734863,50.279998779296875,55.0,24.049999237060547,0.3540000021457672,18.862953186035156,38.0,166.71560668945312,31.5,115.0,6.199999809265137,0.9300000071525574,40.750328063964844,38.39613723754883,61.5,244.32000732421875,6.25,170.35000610351562,16.5,35.0,6.800000190734863,0.7049999833106995,12.489999771118164
2026-03-10,195.52638244628906,74.94000244140625,8.107529640197754,591.2899780273438,385.24835205078125,5.5,78.5999984741211,8.760000228881836,16.399999618530273,43.2400016784668,12.766661643981934,0.4699999988079071,67.93964385986328,97.75487518310547,60.900001525878906,18.450000762939453,28.15999984741211,2.5999999046325684,0.008999999612569809,8.5,12.600000381469727,59.0291633605957,22.170000076293945,2.5199999809265137,21.010000228881836,7.190000057220459,26.0,18.850618362426758,1.4500000476837158,0.8339999914169312,22.700000762939453,508.95343017578125,123.05000305175781,7.5,7.0,42.0,0.2590000033378601,168.3000030517578,178.97596740722656,1.6305999755859375,12.600000381469727,38.75,14.199999809265137,0.18000000715255737,0.800000011920929,0.1340000033378601,365.0,33.47999954223633,1400.0,2.4412264823913574,60.68000030517578,106.79269409179688,7.800000190734863,15.729999542236328,1000.0,187.72999572753906,193.8000030517578,199.66000366210938,120.0,0.0010000000474974513,43.0,60.0,5.150000095367432,10.100000381469727,966.989990234375,5.550000190734863,4.0,174.0,0.6489999890327454,12.0,1033.22998046875,0.05900000035762787,9.260000228881836,4.53000020980835,38.0,40.0,2.049999952316284,12.65999984741211,373.1000061035156,419.5,47.75190353393555,2.9200000762939453,308.57318115234375,4.03000020980835,95.0,17.554445266723633,107.9000015258789,3.390000104904175,277.7799987792969,8.5,144.54037475585938,14.829999923706055,10.380000114440918,67.98999786376953,5.650000095367432,11.09000015258789,56.91999816894531,13.550000190734863,51.439998626708984,55.0,24.049999237060547,0.3540000021457672,18.862953186035156,38.0,166.71560668945312,31.549999237060547,115.0,6.289999961853027,0.9300000071525574,40.95758056640625,38.425682067871094,61.5,247.02999877929688,6.050000190734863,164.27999877929688,16.5,34.9900016784668,6.800000190734863,0.6899999976158142,13.34000015258789
2026-03-11,199.591064453125,75.55000305175781,8.114959716796875,592.0399780273438,384.41961669921875,5.420000076293945,82.0,8.760000228881836,16.399999618530273,43.22999954223633,12.567182540893555,0.4699999988079071,70.01097106933594,92.86712646484375,61.06999969482422,19.389999389648438,28.15999984741211,2.5999999046325684,0.008999999612569809,8.5,12.619999885559082,58.469364166259766,22.170000076293945,2.5199999809265137,20.950000762939453,7.46999979019165,26.0,18.81999969482422,1.4500000476837158,0.8259999752044678,22.700000762939453,505.06829833984375,123.43000030517578,7.5,7.0,42.0,0.2590000033378601,170.0,179.193603515625,1.6305999755859375,12.5,38.75,14.199999809265137,0.18000000715255737,0.800000011920929,0.13099999725818634,365.0,31.399999618530273,1400.0,2.5291104316711426,60.880001068115234,105.31798553466797,7.800000190734863,15.930000305175781,955.0,189.5800018310547,194.25,201.97999572753906,120.0,0.0010000000474974513,43.0,60.0,5.349999904632568,10.100000381469727,963.3400268554688,5.550000190734863,4.0,174.0,0.6489999890327454,12.0,1045.52001953125,0.05900000035762787,9.510000228881836,4.519999980926514,38.04999923706055,40.0,2.200000047683716,12.65999984741211,373.1000061035156,420.1199951171875,47.1651496887207,2.930000066757202,310.0265197753906,4.050000190734863,95.0,17.663171768188477,107.9000015258789,3.390000104904175,276.1499938964844,8.5,142.255615234375,14.8100004196167,10.4399995803833,67.98999786376953,5.650000095367432,11.039999961853027,57.54999923706055,13.550000190734863,51.08000183105469,55.0,24.049999237060547,0.3540000021457672,18.862953186035156,38.0,166.71560668945312,31.549999237060547,114.0,6.300000190734863,0.9300000071525574,41.20431137084961,38.504459381103516,61.5,243.77999877929688,6.050000190734863,164.66000366210938,16.5,36.38999938964844,6.809999942779541,0.6949999928474426,13.699999809265137
2026-03-12,194.4293975830078,74.51000213623047,8.11361026763916,574.0900268554688,371.239501953125,5.5,79.5,8.760000228881836,16.399999618530273,43.0099983215332,12.567182540893555,0.4699999988079071,68.76817321777344,97.75487518310547,59.400001525878906,19.079999923706055,28.15999984741211,2.5999999046325684,0.008999999612569809,8.5,12.25,56.85993194580078,22.170000076293945,2.5199999809265137,20.520000457763672,7.309999942779541,26.0,18.6200008392334,1.440000057220459,0.8289999961853027,22.700000762939453,500.21185302734375,120.51000213623047,7.5,7.0,42.0,0.2590000033378601,170.0,174.63314819335938,1.6305999755859375,12.0600004196167,38.75,14.199999809265137,0.18000000715255737,0.800000011920929,0.1340000033378601,365.0,31.350000381469727,1400.0,2.4705209732055664,59.709999084472656,102.45763397216797,7.800000190734863,15.359999656677246,955.0,185.2899932861328,187.6999969482422,191.8000030517578,120.0,0.0010000000474974513,43.0,60.0,5.260000228881836,10.100000381469727,955.9299926757812,5.550000190734863,4.0,174.0,0.6489999890327454,12.0,1107.5699462890625,0.05900000035762787,9.789999961853027,4.460000038146973,37.310001373291016,40.0,2.259999990463257,12.65999984741211,373.1000061035156,404.1499938964844,45.75694274902344,2.930000066757202,303.7254333496094,4.0,95.0,17.673053741455078,107.9000015258789,3.359999895095825,271.5,8.5,138.94464111328125,14.5,10.210000038146973,67.98999786376953,5.650000095367432,10.699999809265137,56.84000015258789,13.550000190734863,48.70000076293945,55.0,24.049999237060547,0.3540000021457672,18.862953186035156,38.0,166.71560668945312,31.549999237060547,114.0,6.5,0.9300000071525574,41.26353073120117,38.3075065612793,61.5,236.41000366210938,6.25,164.1300048828125,16.5,34.349998474121094,6.800000190734863,0.6899999976158142,12.600000381469727
2026-03-13,192.69578552246094,75.0,8.100990295410156,567.75,365.4482421875,5.5,82.0,8.760000228881836,16.399999618530273,42.849998474121094,12.567182540893555,0.4699999988079071,67.35967254638672,97.75487518310547,59.79999923706055,18.579999923706055,28.15999984741211,2.5999999046325684,0.008999999612569809,8.5,12.0,57.0098762512207,22.170000076293945,2.5199999809265137,20.6200008392334,7.389999866485596,26.0,18.709999084472656,1.440000057220459,0.8100000023841858,22.700000762939453,500.21185302734375,120.37999725341797,7.5,7.0,42.0,0.2590000033378601,170.0,172.8623809814453,1.6305999755859375,11.489999771118164,38.75,14.199999809265137,0.18000000715255737,0.800000011920929,0.13500000536441803,365.0,31.0,1400.0,2.4705209732055664,59.529998779296875,102.82384490966797,7.800000190734863,15.09000015258789,955.0,184.49000549316406,189.3800048828125,187.14999389648438,120.0,0.0010000000474974513,43.0,60.0,5.260000228881836,10.100000381469727,906.02001953125,5.550000190734863,4.0,174.0,0.6489999890327454,12.0,1170.010009765625,0.05900000035762787,10.109999656677246,4.5,37.22999954223633,40.0,2.259999990463257,12.75,373.1000061035156,401.9599914550781,46.13833236694336,2.930000066757202,303.81500244140625,4.050000190734863,95.01000213623047,17.781782150268555,107.9000015258789,3.390000104904175,269.42999267578125,8.5,140.19351196289062,14.520000457763672,10.319999694824219,67.98999786376953,5.800000190734863,10.850000381469727,56.349998474121094,13.550000190734863,50.400001525878906,55.0,24.049999237060547,0.3540000021457672,18.862953186035156,38.0,166.71560668945312,31.549999237060547,114.0,6.300000190734863,0.9300000071525574,41.253658294677734,38.4946174621582,61.04999923706055,235.5500030517578,6.25,164.7899932861328,16.5,33.5,7.199999809265137,0.6899999976158142,12.619999885559082
2026-03-17,193.69480895996094,75.4000015258789,8.08942985534668,570.2100219726562,368.3438720703125,5.900000095367432,82.0,8.760000228881836,16.399999618530273,43.09000015258789,12.16822338104248,0.4699999988079071,67.16910552978516,97.75487518310547,60.2599983215332,18.829999923706055,28.15999984741211,2.5999999046325684,0.008999999612569809,8.5,11.859999656677246,57.66964340209961,22.170000076293945,2.5199999809265137,20.93000030517578,7.329999923706055,26.0,18.649999618530273,1.4199999570846558,0.7889999747276306,22.700000762939453,500.21185302734375,122.5199966430664,7.5,7.0,42.0,0.2590000033378601,174.0,170.09246826171875,1.6305999755859375,10.5,38.75,14.199999809265137,0.18000000715255737,0.800000011920929,0.15000000596046448,365.0,31.0,1400.0,2.460756301879883,59.06999969482422,101.4382095336914,7.800000190734863,15.4399995803833,955.0,180.5,192.02000427246094,192.24000549316406,120.0,0.0010000000474974513,43.0,60.0,5.210000038146973,10.100000381469727,880.7899780273438,5.550000190734863,4.0,182.0,0.6489999890327454,12.0,1220.0999755859375,0.05900000035762787,10.229999542236328,4.570000171661377,37.720001220703125,40.0,2.4000000953674316,12.550000190734863,373.1000061035156,411.6700134277344,46.92066955566406,2.930000066757202,304.5118408203125,4.199999809265137,95.01000213623047,18.315532684326172,107.9000015258789,3.4200000762939453,272.70001220703125,8.5,142.7880859375,14.710000038146973,10.4399995803833,67.98999786376953,5.800000190734863,10.430000305175781,58.20000076293945,13.550000190734863,50.95000076293945,55.0,24.049999237060547,0.3540000021457672,19.153152465820312,38.0,166.71560668945312,31.549999237060547,114.0,6.190000057220459,0.9300000071525574,42.14189529418945,38.91806411743164,61.099998474121094,238.85000610351562,6.25,165.63999938964844,16.5,35.099998474121094,7.199999809265137,0.7310000061988831,13.109999656677246
2026-03-18,194.0963897705078,75.16999816894531,8.093050003051758,569.760009765625,370.5405578613281,6.0,82.0,8.760000228881836,16.399999618530273,43.11000061035156,12.347755432128906,0.4699999988079071,67.56680297851562,97.75487518310547,60.459999084472656,19.110000610351562,28.15999984741211,2.5999999046325684,0.008999999612569809,8.550000190734863,11.720000267028809,58.68928146362305,22.170000076293945,2.5199999809265137,21.190000534057617,7.300000190734863,26.0,18.360000610351562,1.4299999475479126,0.7770000100135803,22.700000762939453,493.4128723144531,123.9800033569336,7.5,7.0,42.0,0.2590000033378601,174.0,168.8756866455078,1.6305999755859375,10.029999732971191,38.75,14.199999809265137,0.18000000715255737,0.800000011920929,0.14499999582767487,365.0,30.260000228881836,1400.0,2.4412264823913574,58.16999816894531,102.54671478271484,7.800000190734863,15.239999771118164,767.5900268554688,182.6199951171875,192.02999877929688,186.0,120.0,0.0010000000474974513,43.0,60.0,5.210000038146973,10.100000381469727,858.5499877929688,5.550000190734863,4.0,182.0,0.6489999890327454,12.0,1238.1300048828125,0.05900000035762787,11.300000190734863,4.510000228881836,37.2599983215332,40.0,2.5,12.550000190734863,373.1000061035156,414.30999755859375,47.92792892456055,2.859999895095825,308.03564453125,4.25,95.01000213623047,18.67136573791504,106.0,3.430000066757202,274.17999267578125,8.5,144.07568359375,14.539999961853027,10.390000343322754,67.98999786376953,5.809999942779541,10.520000457763672,58.540000915527344,13.550000190734863,51.810001373291016,55.0,24.049999237060547,0.3540000021457672,19.365964889526367,38.0,166.71560668945312,31.549999237060547,114.0,6.199999809265137,0.9300000071525574,41.34248352050781,39.046085357666016,61.5,241.5,6.25,167.9600067138672,16.5,33.65999984741211,7.400000095367432,0.7300000190734863,12.899999618530273
2026-03-19,192.99942016601562,73.0,8.090700149536133,580.8800048828125,369.94146728515625,6.199999809265137,79.80000305175781,8.5,16.399999618530273,42.709999084472656,11.819135665893555,0.4699999988079071,67.1111068725586,97.75487518310547,59.09000015258789,19.260000228881836,28.5,2.5999999046325684,0.008999999612569809,8.5,11.609999656677246,58.04951095581055,22.170000076293945,2.5199999809265137,21.209999084472656,7.190000057220459,26.0,18.309999465942383,1.409999966621399,0.7799999713897705,22.700000762939453,485.1569519042969,124.36000061035156,7.5,7.0,42.0,0.2590000033378601,174.0,171.2103271484375,1.6305999755859375,9.210000038146973,38.75,14.199999809265137,0.18000000715255737,0.800000011920929,0.14300000667572021,365.0,30.690000534057617,1400.0,2.4314615726470947,58.63999938964844,102.210205078125,7.800000190734863,15.149999618530273,770.0,177.58999633789062,189.69000244140625,179.8300018310547,120.0,0.0010000000474974513,43.0,59.0,5.239999771118164,10.100000381469727,789.5800170898438,5.550000190734863,4.0,181.99000549316406,0.6489999890327454,12.0,1274.760009765625,0.05900000035762787,11.279999732971191,4.510000228881836,37.06999969482422,40.0,2.549999952316284,12.5,373.1000061035156,425.7200012207031,46.51972198486328,2.8499999046325684,308.2347106933594,4.269999980926514,95.01000213623047,17.149188995361328,106.0,3.369999885559082,273.92999267578125,8.5,141.2100372314453,14.399999618530273,10.539999961853027,67.98999786376953,5.809999942779541,10.399999618530273,58.9900016784668,13.550000190734863,51.06999969482422,55.0,24.049999237060547,0.3540000021457672,19.34661865234375,38.0,166.71560668945312,31.549999237060547,114.0,6.079999923706055,0.9300000071525574,40.49372100830078,38.39613723754883,61.5,247.2899932861328,6.25,165.4600067138672,16.5,33.290000915527344,7.409999847412109,0.7300000190734863,12.670000076293945
2026-03-20,187.50473022460938,72.52999877929688,8.092399597167969,571.9400024414062,367.9444885253906,6.199999809265137,79.80000305175781,8.0,16.399999618530273,42.599998474121094,11.769266128540039,0.4699999988079071,67.1111068725586,87.97938537597656,57.43000030517578,19.110000610351562,28.5,2.5999999046325684,0.008999999612569809,9.0,11.720000267028809,56.7199821472168,22.170000076293945,2.5199999809265137,20.969999313354492,7.0,26.0,17.940000534057617,1.409999966621399,0.7789999842643738,22.700000762939453,482.7287292480469,121.91000366210938,7.5,6.699999809265137,42.0,0.2590000033378601,174.0,168.25245666503906,1.6305999755859375,9.34000015258789,38.75,14.199999809265137,0.18000000715255737,0.800000011920929,0.14000000059604645,365.0,31.5,1400.0,2.4314615726470947,57.52000045776367,100.339599609375,7.800000190734863,15.109999656677246,770.0,174.30999755859375,184.0,173.75999450683594,120.0,0.0010000000474974513,43.0,58.0,5.260000228881836,10.100000381469727,800.969970703125,5.550000190734863,4.0,181.99000549316406,0.6489999890327454,12.0,1290.0,0.05900000035762787,11.199999809265137,4.480000019073486,36.58000183105469,38.79999923706055,2.549999952316284,12.550000190734863,373.1000061035156,421.0,46.148109436035156,2.819999933242798,306.9605712890625,4.0,95.01000213623047,16.121225357055664,106.0,3.369999885559082,274.2200012207031,8.5,139.70945739746094,16.530000686645508,10.180000305175781,67.98999786376953,5.809999942779541,11.880000114440918,60.77000045776367,13.550000190734863,50.880001068115234,55.0,24.049999237060547,0.3540000021457672,19.34661865234375,38.0,166.71560668945312,31.549999237060547,114.0,6.300000190734863,0.9300000071525574,38.64816665649414,38.504459381103516,61.5,243.99000549316406,6.25,163.25999450683594,16.5,32.959999084472656,7.420000076293945,0.7070000171661377,12.449999809265137
2026-03-23,186.46652221679688,73.0,8.08467960357666,568.3900146484375,381.6737365722656,6.449999809265137,79.80000305175781,8.0,16.399999618530273,42.849998474121094,11.420177459716797,0.4699999988079071,66.38200378417969,95.78022766113281,57.84000015258789,19.389999389648438,28.5,2.5999999046325684,0.008999999612569809,9.0,12.3100004196167,57.459716796875,22.170000076293945,2.5199999809265137,21.09000015258789,7.0,26.0,18.940000534057617,1.4199999570846558,0.7699999809265137,22.700000762939453,490.4989929199219,122.47000122070312,7.5,6.699999809265137,42.0,0.2590000033378601,175.0,163.92941284179688,1.6305999755859375,9.25,38.75,14.199999809265137,0.18000000715255737,0.800000011920929,0.14100000262260437,365.0,32.029998779296875,1400.0,2.4119317531585693,57.189998626708984,99.1915054321289,7.800000190734863,14.6899995803833,770.0,178.41000366210938,185.8000030517578,177.69000244140625,120.0,0.0010000000474974513,43.0,58.0,5.199999809265137,10.100000381469727,780.2899780273438,5.800000190734863,4.0,181.99000549316406,0.6489999890327454,12.0,1200.3299560546875,0.05900000035762787,10.90999984741211,4.369999885559082,36.91999816894531,38.0,2.549999952316284,12.5,373.1000061035156,416.0899963378906,46.95000457763672,2.819999933242798,302.9091796875,4.0,95.01000213623047,16.42763900756836,107.0,3.369999885559082,269.4700012207031,8.5,141.28749084472656,15.720000267028809,10.25,67.98999786376953,5.809999942779541,11.5,57.0099983215332,13.550000190734863,52.38999938964844,55.0,24.049999237060547,0.3540000021457672,19.44335174560547,38.0,166.71560668945312,31.549999237060547,114.0,6.059999942779541,0.9300000071525574,39.644962310791016,38.169639587402344,61.5,241.55999755859375,6.25,165.9199981689453,16.5,33.58000183105469,7.420000076293945,0.699999988079071,12.960000038146973
2026-03-24,190.70751953125,72.54000091552734,8.094880104064941,582.97998046875,382.4925231933594,6.449999809265137,79.80000305175781,8.0,16.399999618530273,43.099998474121094,11.420177459716797,0.4699999988079071,68.9421615600586,95.78022766113281,61.27000045776367,20.040000915527344,28.5,2.5999999046325684,0.008999999612569809,9.0,12.239999771118164,58.169464111328125,22.170000076293945,2.5199999809265137,22.06999969482422,7.070000171661377,26.0,19.329999923706055,1.409999966621399,0.7900000214576721,22.700000762939453,485.6911315917969,124.5,7.5,6.699999809265137,42.0,0.2590000033378601,175.0,165.90792846679688,1.6305999755859375,8.960000038146973,38.75,14.199999809265137,0.18000000715255737,0.800000011920929,0.14000000059604645,365.0,32.0,1400.0,2.421696662902832,57.95000076293945,99.77545166015625,7.800000190734863,15.029999732971191,770.0,183.99000549316406,189.3800048828125,182.4199981689453,120.0,0.0010000000474974513,43.0,58.0,5.510000228881836,10.100000381469727,771.7000122070312,5.800000190734863,4.0,181.99000549316406,0.6489999890327454,12.0,1274.8499755859375,0.05900000035762787,10.920000076293945,4.579999923706055,36.720001220703125,38.0,2.5999999046325684,12.720000267028809,373.1000061035156,425.1300048828125,48.46578598022461,2.819999933242798,305.7362060546875,4.099999904632568,95.0,16.575902938842773,107.0,3.4100000858306885,275.20001220703125,8.5,146.1280975341797,16.030000686645508,10.390000343322754,67.98999786376953,5.599999904632568,11.229999542236328,57.959999084472656,13.550000190734863,53.59000015258789,55.0,24.049999237060547,0.3540000021457672,19.34661865234375,38.0,166.71560668945312,31.549999237060547,114.0,6.199999809265137,0.9300000071525574,40.0792121887207,38.790042877197266,61.5,250.1300048828125,6.25,169.2899932861328,16.5,33.4900016784668,7.420000076293945,0.6859999895095825,12.979999542236328
2026-03-25,197.22080993652344,73.33999633789062,8.09591007232666,605.1799926757812,381.62384033203125,6.449999809265137,79.80000305175781,8.239999771118164,16.399999618530273,45.310001373291016,11.759291648864746,0.4699999988079071,70.41695404052734,95.78022766113281,65.19999694824219,21.25,28.5,2.5999999046325684,0.008999999612569809,9.029999732971191,12.899999618530273,59.049156188964844,22.170000076293945,2.5199999809265137,22.59000015258789,7.150000095367432,26.0,20.170000076293945,1.4199999570846558,0.800000011920929,23.0,482.77728271484375,132.02999877929688,7.5,6.699999809265137,42.0,0.2590000033378601,176.89999389648438,170.66624450683594,1.6305999755859375,9.270000457763672,38.75,14.199999809265137,0.18000000715255737,0.800000011920929,0.13500000536441803,365.0,32.0,1400.0,2.5388753414154053,59.45000076293945,104.46681213378906,7.800000190734863,15.460000038146973,790.0,188.97999572753906,196.14999389648438,191.5,120.0,0.0010000000474974513,43.0,60.0,5.46999979019165,10.100000381469727,795.9099731445312,5.800000190734863,4.0,181.99000549316406,0.6489999890327454,12.0,1270.0,0.05900000035762787,10.760000228881836,4.480000019073486,38.52000045776367,38.0,2.799999952316284,12.720000267028809,373.1000061035156,448.9100036621094,49.825096130371094,2.7300000190734863,312.9829406738281,4.110000133514404,95.0,17.327106475830078,107.0,3.440000057220459,290.3599853515625,8.5,151.38497924804688,16.489999771118164,10.260000228881836,64.88999938964844,5.699999809265137,11.5,58.95000076293945,13.550000190734863,55.619998931884766,55.0,24.049999237060547,0.3540000021457672,19.588451385498047,38.0,166.71560668945312,31.549999237060547,114.0,6.099999904632568,0.9300000071525574,41.22405242919922,40.37552261352539,61.5,259.3900146484375,6.25,174.22999572753906,16.5,35.0,7.599999904632568,0.6830000281333923,13.600000381469727
2026-03-26,195.16397094726562,73.01000213623047,8.113920211791992,598.6400146484375,373.4361877441406,6.429999828338623,79.0,8.399999618530273,16.399999618530273,44.22999954223633,11.759291648864746,0.4699999988079071,70.01097106933594,95.78999328613281,63.209999084472656,21.190000534057617,28.5,2.5999999046325684,0.008999999612569809,9.0,13.100000381469727,58.06950378417969,22.170000076293945,2.5199999809265137,22.360000610351562,7.320000171661377,26.0,19.760000228881836,1.4600000381469727,0.7979999780654907,23.0,471.07330322265625,130.9499969482422,7.5,6.699999809265137,42.0,0.2590000033378601,180.0,168.3909454345703,1.6305999755859375,9.0,38.75,14.199999809265137,0.18000000715255737,0.800000011920929,0.13300000131130219,365.0,32.65999984741211,1400.0,2.460756301879883,58.65999984741211,104.38762664794922,7.800000190734863,15.600000381469727,790.0,192.22999572753906,191.22999572753906,187.2100067138672,120.0,0.0010000000474974513,43.0,60.0,5.309999942779541,10.100000381469727,769.3499755859375,5.800000190734863,4.0,181.99000549316406,0.6489999890327454,12.0,1293.4000244140625,0.05900000035762787,10.890000343322754,4.550000190734863,37.61000061035156,38.0,2.8499999046325684,12.5,373.1000061035156,435.0299987792969,49.1992301940918,2.7300000190734863,312.60467529296875,4.199999809265137,95.0,17.465486526489258,107.0,3.6500000953674316,280.1000061035156,8.5,149.72950744628906,16.979999542236328,10.359999656677246,64.88999938964844,5.699999809265137,11.600000381469727,58.779998779296875,13.550000190734863,54.290000915527344,55.0,24.049999237060547,0.3540000021457672,19.588451385498047,38.0,166.71560668945312,31.549999237060547,114.0,6.090000152587891,0.9300000071525574,40.65163040161133,39.91268539428711,61.5,254.35000610351562,6.269999980926514,173.41000366210938,16.5,34.970001220703125,7.849999904632568,0.7300000190734863,13.529999732971191
2026-03-27,196.01609802246094,73.9800033569336,8.117019653320312,595.3699951171875,370.1511535644531,6.619999885559082,79.0,8.449999809265137,16.399999618530273,43.38999938964844,11.968744277954102,0.4699999988079071,69.00016021728516,95.78999328613281,62.0,21.15999984741211,28.5,2.5999999046325684,0.008999999612569809,8.899999618530273,12.960000038146973,59.359046936035156,22.170000076293945,2.5199999809265137,22.510000228881836,7.130000114440918,26.0,19.479999542236328,1.4600000381469727,0.7990000247955322,23.299999237060547,483.70001220703125,128.22999572753906,7.5,6.699999809265137,42.0,0.2590000033378601,180.0,171.08172607421875,1.6305999755859375,9.0,38.75,14.199999809265137,0.18000000715255737,0.800000011920929,0.14000000059604645,365.0,32.5,1400.0,2.4412264823913574,58.56999969482422,106.62443542480469,7.800000190734863,15.850000381469727,766.8599853515625,189.0,190.0,181.11000061035156,120.0,0.0010000000474974513,43.0,60.0,5.449999809265137,10.100000381469727,746.0399780273438,5.800000190734863,4.0,181.99000549316406,0.6489999890327454,12.0,1346.989990234375,0.05900000035762787,10.979999542236328,4.550000190734863,36.709999084472656,38.0,3.0,12.5,373.1000061035156,440.19000244140625,48.231082916259766,2.819999933242798,316.0488586425781,4.199999809265137,95.0,17.079999923706055,110.5,3.5399999618530273,282.8999938964844,8.5,146.07000732421875,17.1299991607666,10.34000015258789,62.95000076293945,5.690000057220459,11.739999771118164,57.810001373291016,13.550000190734863,53.86000061035156,55.0,24.049999237060547,0.3540000021457672,19.588451385498047,38.0,166.71560668945312,31.549999237060547,114.0,6.070000171661377,0.9300000071525574,40.7996711730957,40.54293441772461,61.5,258.20001220703125,6.269999980926514,165.39999389648438,16.5,34.5,7.900000095367432,0.7200000286102295,12.6899995803833
2026-03-30,200.00242614746094,73.0,8.116060256958008,589.1799926757812,364.4797058105469,6.849999904632568,79.0,8.449999809265137,16.399999618530273,43.459999084472656,12.118353843688965,0.4699999988079071,68.51961517333984,95.78999328613281,62.27000045776367,21.290000915527344,28.5,2.5999999046325684,0.008999999612569809,9.0,13.199999809265137,59.97882843017578,22.170000076293945,2.5199999809265137,22.309999465942383,7.25,26.0,19.440000534057617,1.4900000095367432,0.7720000147819519,23.299999237060547,490.0,133.8000030517578,7.5,6.699999809265137,42.0,0.2590000033378601,179.0,171.99183654785156,1.6305999755859375,8.949999809265137,38.75,14.199999809265137,0.18000000715255737,0.800000011920929,0.13600000739097595,365.0,32.38999938964844,1400.0,2.3826370239257812,59.939998626708984,105.4367446899414,7.800000190734863,16.049999237060547,766.8599853515625,188.22000122070312,191.47999572753906,182.52999877929688,120.0,0.0010000000474974513,43.0,58.0,5.489999771118164,10.100000381469727,792.510009765625,5.800000190734863,4.0,181.99000549316406,0.6489999890327454,12.0,1382.1400146484375,0.05900000035762787,11.369999885559082,4.480000019073486,37.189998626708984,38.0,3.0,12.5,373.1000061035156,437.5899963378906,47.73234558105469,2.880000114440918,322.7580261230469,4.199999809265137,95.0,17.389999389648438,110.5,3.5399999618530273,283.0299987792969,8.5,144.2209014892578,16.860000610351562,10.369999885559082,62.95000076293945,5.71999979019165,12.0600004196167,57.400001525878906,13.550000190734863,53.709999084472656,55.0,24.049999237060547,0.3540000021457672,19.588451385498047,38.0,166.71560668945312,31.549999237060547,114.0,5.880000114440918,0.9300000071525574,41.559608459472656,40.68080139160156,61.5,254.52999877929688,6.269999980926514,169.32000732421875,16.5,34.38999938964844,7.989999771118164,0.7200000286102295,12.699999809265137
2026-03-31,202.2061767578125,73.25,8.11653995513916,604.4000244140625,385.4081115722656,6.800000190734863,79.0,8.100000381469727,16.399999618530273,45.16999816894531,12.357728958129883,0.4699999988079071,70.28439331054688,95.78999328613281,62.060001373291016,21.6200008392334,28.5,2.5999999046325684,0.008999999612569809,9.0,13.4399995803833,59.798892974853516,22.170000076293945,2.5199999809265137,22.790000915527344,7.389999866485596,26.0,20.520000457763672,1.5199999809265137,0.7889999747276306,23.299999237060547,494.0,134.5800018310547,7.5,6.699999809265137,42.0,0.2590000033378601,179.0,172.65463256835938,1.6305999755859375,9.399999618530273,38.75,14.199999809265137,0.18000000715255737,0.800000011920929,0.13699999451637268,365.0,32.9900016784668,1400.0,2.421696662902832,60.029998779296875,103.83338165283203,7.800000190734863,16.31999969482422,766.8599853515625,189.92999267578125,198.4600067138672,191.7100067138672,120.0,0.0010000000474974513,43.0,58.0,5.340000152587891,10.100000381469727,798.969970703125,5.800000190734863,4.0,181.99000549316406,0.6489999890327454,12.0,1343.1700439453125,0.05900000035762787,11.350000381469727,4.550000190734863,38.150001525878906,39.0,3.0299999713897705,12.5,373.1000061035156,441.42999267578125,49.717525482177734,2.880000114440918,326.60040283203125,4.25,95.0,18.15999984741211,110.5,3.5,290.3900146484375,8.5,148.90660095214844,17.170000076293945,10.4399995803833,62.95000076293945,5.71999979019165,12.029999732971191,57.91999816894531,13.550000190734863,55.38999938964844,55.0,24.049999237060547,0.3540000021457672,19.588451385498047,38.0,166.71560668945312,31.549999237060547,114.0,5.949999809265137,0.9300000071525574,41.885292053222656,41.7935905456543,61.5,257.1099853515625,6.269999980926514,171.97999572753906,16.450000762939453,35.790000915527344,8.300000190734863,0.7200000286102295,13.010000228881836
2026-04-01,204.8311004638672,74.69999694824219,8.1248197555542,610.6799926757812,388.41357421875,7.0,79.0,8.0,16.399999618530273,45.4900016784668,12.95616626739502,0.4699999988079071,70.62408447265625,95.78999328613281,62.560001373291016,21.68000030517578,28.5,2.5999999046325684,0.008999999612569809,8.90999984741211,13.199999809265137,60.86851501464844,22.170000076293945,2.5199999809265137,22.770000457763672,7.599999904632568,26.0,20.719999313354492,1.440000057220459,0.8119999766349792,23.299999237060547,505.0,136.57000732421875,7.5,6.699999809265137,42.0,0.2590000033378601,176.49000549316406,174.82110595703125,1.6305999755859375,9.489999771118164,38.75,14.199999809265137,0.18000000715255737,0.800000011920929,0.13300000131130219,365.0,32.9900016784668,1400.0,2.460756301879883,59.11000061035156,105.58521270751953,7.800000190734863,16.5,766.8599853515625,191.89999389648438,200.47000122070312,195.77000427246094,120.0,0.0010000000474974513,43.0,58.0,5.539999961853027,10.100000381469727,866.97998046875,5.800000190734863,4.0,181.99000549316406,0.6489999890327454,12.0,1230.0,0.05900000035762787,10.869999885559082,4.550000190734863,37.90999984741211,39.0,3.0299999713897705,12.699999809265137,373.1000061035156,441.0299987792969,49.84465789794922,2.859999895095825,321.4739685058594,4.300000190734863,95.0,18.729999542236328,110.5,3.4800000190734863,298.5799865722656,8.5,152.13043212890625,17.030000686645508,10.5,61.20000076293945,5.71999979019165,11.989999771118164,57.77000045776367,13.550000190734863,56.90999984741211,55.0,24.049999237060547,0.3540000021457672,19.588451385498047,38.0,166.71560668945312,31.549999237060547,114.0,6.050000190734863,0.9300000071525574,42.58601760864258,42.55186462402344,61.20000076293945,257.1600036621094,6.269999980926514,170.6199951171875,16.450000762939453,36.150001525878906,8.600000381469727,0.7170000076293945,13.010000228881836
